experiment,condition,seed,complete,fallback_count,malicious,caught,honest,false_positive,DR_percent,FPR_percent,log_path
clean_safety,CLEAN_HONEST,10,1,0,0,0,10,0,,0.0,results/final_code_consistency_rerun/clean_safety_final_patch/ON_seed10_drop0_x-1_-1_t36.log
clean_safety,CLEAN_HONEST,11,1,0,0,0,10,0,,0.0,results/final_code_consistency_rerun/clean_safety_final_patch/ON_seed11_drop0_x-1_-1_t36.log
clean_safety,CLEAN_HONEST,12,1,0,0,0,10,0,,0.0,results/final_code_consistency_rerun/clean_safety_final_patch/ON_seed12_drop0_x-1_-1_t36.log
clean_safety,CLEAN_HONEST,13,1,0,0,0,10,0,,0.0,results/final_code_consistency_rerun/clean_safety_final_patch/ON_seed13_drop0_x-1_-1_t36.log
clean_safety,CLEAN_HONEST,14,1,0,0,0,10,0,,0.0,results/final_code_consistency_rerun/clean_safety_final_patch/ON_seed14_drop0_x-1_-1_t36.log
clean_safety,CLEAN_HONEST,15,1,0,0,0,10,0,,0.0,results/final_code_consistency_rerun/clean_safety_final_patch/ON_seed15_drop0_x-1_-1_t36.log
clean_safety,CLEAN_HONEST,1,1,0,0,0,10,0,,0.0,results/final_code_consistency_rerun/clean_safety_final_patch/ON_seed1_drop0_x-1_-1_t36.log
clean_safety,CLEAN_HONEST,2,1,0,0,0,10,0,,0.0,results/final_code_consistency_rerun/clean_safety_final_patch/ON_seed2_drop0_x-1_-1_t36.log
clean_safety,CLEAN_HONEST,3,1,0,0,0,10,0,,0.0,results/final_code_consistency_rerun/clean_safety_final_patch/ON_seed3_drop0_x-1_-1_t36.log
clean_safety,CLEAN_HONEST,4,1,0,0,0,10,0,,0.0,results/final_code_consistency_rerun/clean_safety_final_patch/ON_seed4_drop0_x-1_-1_t36.log
clean_safety,CLEAN_HONEST,5,1,0,0,0,10,0,,0.0,results/final_code_consistency_rerun/clean_safety_final_patch/ON_seed5_drop0_x-1_-1_t36.log
clean_safety,CLEAN_HONEST,6,1,0,0,0,10,0,,0.0,results/final_code_consistency_rerun/clean_safety_final_patch/ON_seed6_drop0_x-1_-1_t36.log
clean_safety,CLEAN_HONEST,7,1,0,0,0,10,0,,0.0,results/final_code_consistency_rerun/clean_safety_final_patch/ON_seed7_drop0_x-1_-1_t36.log
clean_safety,CLEAN_HONEST,8,1,0,0,0,10,0,,0.0,results/final_code_consistency_rerun/clean_safety_final_patch/ON_seed8_drop0_x-1_-1_t36.log
clean_safety,CLEAN_HONEST,9,1,0,0,0,10,0,,0.0,results/final_code_consistency_rerun/clean_safety_final_patch/ON_seed9_drop0_x-1_-1_t36.log
packet_loss,DROP0,10,1,0,7,7,3,0,100.0,0.0,results/final_code_consistency_rerun/packet_loss_final_patch_DROP0/ON_seed10_drop0_x560_720_t36.log
packet_loss,DROP0,11,1,0,7,6,3,0,85.71,0.0,results/final_code_consistency_rerun/packet_loss_final_patch_DROP0/ON_seed11_drop0_x560_720_t36.log
packet_loss,DROP0,12,1,0,7,7,3,0,100.0,0.0,results/final_code_consistency_rerun/packet_loss_final_patch_DROP0/ON_seed12_drop0_x560_720_t36.log
packet_loss,DROP0,13,1,0,7,7,3,0,100.0,0.0,results/final_code_consistency_rerun/packet_loss_final_patch_DROP0/ON_seed13_drop0_x560_720_t36.log
packet_loss,DROP0,14,1,0,7,7,3,0,100.0,0.0,results/final_code_consistency_rerun/packet_loss_final_patch_DROP0/ON_seed14_drop0_x560_720_t36.log
packet_loss,DROP0,15,1,0,7,6,3,0,85.71,0.0,results/final_code_consistency_rerun/packet_loss_final_patch_DROP0/ON_seed15_drop0_x560_720_t36.log
packet_loss,DROP0,1,1,0,7,7,3,0,100.0,0.0,results/final_code_consistency_rerun/packet_loss_final_patch_DROP0/ON_seed1_drop0_x560_720_t36.log
packet_loss,DROP0,2,1,0,7,7,3,0,100.0,0.0,results/final_code_consistency_rerun/packet_loss_final_patch_DROP0/ON_seed2_drop0_x560_720_t36.log
packet_loss,DROP0,3,1,0,7,7,3,0,100.0,0.0,results/final_code_consistency_rerun/packet_loss_final_patch_DROP0/ON_seed3_drop0_x560_720_t36.log
packet_loss,DROP0,4,1,0,7,6,3,0,85.71,0.0,results/final_code_consistency_rerun/packet_loss_final_patch_DROP0/ON_seed4_drop0_x560_720_t36.log
packet_loss,DROP0,5,1,0,7,7,3,0,100.0,0.0,results/final_code_consistency_rerun/packet_loss_final_patch_DROP0/ON_seed5_drop0_x560_720_t36.log
packet_loss,DROP0,6,1,0,7,7,3,0,100.0,0.0,results/final_code_consistency_rerun/packet_loss_final_patch_DROP0/ON_seed6_drop0_x560_720_t36.log
packet_loss,DROP0,7,1,0,7,7,3,0,100.0,0.0,results/final_code_consistency_rerun/packet_loss_final_patch_DROP0/ON_seed7_drop0_x560_720_t36.log
packet_loss,DROP0,8,1,0,7,6,3,0,85.71,0.0,results/final_code_consistency_rerun/packet_loss_final_patch_DROP0/ON_seed8_drop0_x560_720_t36.log
packet_loss,DROP0,9,1,0,7,7,3,0,100.0,0.0,results/final_code_consistency_rerun/packet_loss_final_patch_DROP0/ON_seed9_drop0_x560_720_t36.log
packet_loss,DROP5,10,1,0,7,7,3,0,100.0,0.0,results/final_code_consistency_rerun/packet_loss_final_patch_DROP5/ON_seed10_drop5_x560_720_t36.log
packet_loss,DROP5,11,1,0,7,6,3,0,85.71,0.0,results/final_code_consistency_rerun/packet_loss_final_patch_DROP5/ON_seed11_drop5_x560_720_t36.log
packet_loss,DROP5,12,1,0,7,7,3,0,100.0,0.0,results/final_code_consistency_rerun/packet_loss_final_patch_DROP5/ON_seed12_drop5_x560_720_t36.log
packet_loss,DROP5,13,1,0,7,7,3,0,100.0,0.0,results/final_code_consistency_rerun/packet_loss_final_patch_DROP5/ON_seed13_drop5_x560_720_t36.log
packet_loss,DROP5,14,1,0,7,7,3,0,100.0,0.0,results/final_code_consistency_rerun/packet_loss_final_patch_DROP5/ON_seed14_drop5_x560_720_t36.log
packet_loss,DROP5,15,1,0,7,6,3,0,85.71,0.0,results/final_code_consistency_rerun/packet_loss_final_patch_DROP5/ON_seed15_drop5_x560_720_t36.log
packet_loss,DROP5,1,1,0,7,7,3,0,100.0,0.0,results/final_code_consistency_rerun/packet_loss_final_patch_DROP5/ON_seed1_drop5_x560_720_t36.log
packet_loss,DROP5,2,1,0,7,7,3,0,100.0,0.0,results/final_code_consistency_rerun/packet_loss_final_patch_DROP5/ON_seed2_drop5_x560_720_t36.log
packet_loss,DROP5,3,1,0,7,7,3,0,100.0,0.0,results/final_code_consistency_rerun/packet_loss_final_patch_DROP5/ON_seed3_drop5_x560_720_t36.log
packet_loss,DROP5,4,1,0,7,6,3,0,85.71,0.0,results/final_code_consistency_rerun/packet_loss_final_patch_DROP5/ON_seed4_drop5_x560_720_t36.log
packet_loss,DROP5,5,1,0,7,7,3,0,100.0,0.0,results/final_code_consistency_rerun/packet_loss_final_patch_DROP5/ON_seed5_drop5_x560_720_t36.log
packet_loss,DROP5,6,1,0,7,7,3,0,100.0,0.0,results/final_code_consistency_rerun/packet_loss_final_patch_DROP5/ON_seed6_drop5_x560_720_t36.log
packet_loss,DROP5,7,1,0,7,7,3,0,100.0,0.0,results/final_code_consistency_rerun/packet_loss_final_patch_DROP5/ON_seed7_drop5_x560_720_t36.log
packet_loss,DROP5,8,1,0,7,6,3,0,85.71,0.0,results/final_code_consistency_rerun/packet_loss_final_patch_DROP5/ON_seed8_drop5_x560_720_t36.log
packet_loss,DROP5,9,1,0,7,7,3,0,100.0,0.0,results/final_code_consistency_rerun/packet_loss_final_patch_DROP5/ON_seed9_drop5_x560_720_t36.log
packet_loss,DROP10,10,1,0,7,7,3,0,100.0,0.0,results/final_code_consistency_rerun/packet_loss_final_patch_DROP10/ON_seed10_drop10_x560_720_t36.log
packet_loss,DROP10,11,1,0,7,6,3,0,85.71,0.0,results/final_code_consistency_rerun/packet_loss_final_patch_DROP10/ON_seed11_drop10_x560_720_t36.log
packet_loss,DROP10,12,1,0,7,7,3,0,100.0,0.0,results/final_code_consistency_rerun/packet_loss_final_patch_DROP10/ON_seed12_drop10_x560_720_t36.log
packet_loss,DROP10,13,1,0,7,7,3,0,100.0,0.0,results/final_code_consistency_rerun/packet_loss_final_patch_DROP10/ON_seed13_drop10_x560_720_t36.log
packet_loss,DROP10,14,1,0,7,7,3,0,100.0,0.0,results/final_code_consistency_rerun/packet_loss_final_patch_DROP10/ON_seed14_drop10_x560_720_t36.log
packet_loss,DROP10,15,1,0,7,6,3,0,85.71,0.0,results/final_code_consistency_rerun/packet_loss_final_patch_DROP10/ON_seed15_drop10_x560_720_t36.log
packet_loss,DROP10,1,1,0,7,7,3,0,100.0,0.0,results/final_code_consistency_rerun/packet_loss_final_patch_DROP10/ON_seed1_drop10_x560_720_t36.log
packet_loss,DROP10,2,1,0,7,7,3,0,100.0,0.0,results/final_code_consistency_rerun/packet_loss_final_patch_DROP10/ON_seed2_drop10_x560_720_t36.log
packet_loss,DROP10,3,1,0,7,7,3,0,100.0,0.0,results/final_code_consistency_rerun/packet_loss_final_patch_DROP10/ON_seed3_drop10_x560_720_t36.log
packet_loss,DROP10,4,1,0,7,6,3,0,85.71,0.0,results/final_code_consistency_rerun/packet_loss_final_patch_DROP10/ON_seed4_drop10_x560_720_t36.log
packet_loss,DROP10,5,1,0,7,7,3,0,100.0,0.0,results/final_code_consistency_rerun/packet_loss_final_patch_DROP10/ON_seed5_drop10_x560_720_t36.log
packet_loss,DROP10,6,1,0,7,7,3,0,100.0,0.0,results/final_code_consistency_rerun/packet_loss_final_patch_DROP10/ON_seed6_drop10_x560_720_t36.log
packet_loss,DROP10,7,1,0,7,7,3,0,100.0,0.0,results/final_code_consistency_rerun/packet_loss_final_patch_DROP10/ON_seed7_drop10_x560_720_t36.log
packet_loss,DROP10,8,1,0,7,6,3,0,85.71,0.0,results/final_code_consistency_rerun/packet_loss_final_patch_DROP10/ON_seed8_drop10_x560_720_t36.log
packet_loss,DROP10,9,1,0,7,7,3,0,100.0,0.0,results/final_code_consistency_rerun/packet_loss_final_patch_DROP10/ON_seed9_drop10_x560_720_t36.log
packet_loss,DROP20,10,1,0,7,7,3,0,100.0,0.0,results/final_code_consistency_rerun/packet_loss_final_patch_DROP20/ON_seed10_drop20_x560_720_t36.log
packet_loss,DROP20,11,1,0,7,6,3,0,85.71,0.0,results/final_code_consistency_rerun/packet_loss_final_patch_DROP20/ON_seed11_drop20_x560_720_t36.log
packet_loss,DROP20,12,1,0,7,7,3,0,100.0,0.0,results/final_code_consistency_rerun/packet_loss_final_patch_DROP20/ON_seed12_drop20_x560_720_t36.log
packet_loss,DROP20,13,1,0,7,7,3,0,100.0,0.0,results/final_code_consistency_rerun/packet_loss_final_patch_DROP20/ON_seed13_drop20_x560_720_t36.log
packet_loss,DROP20,14,1,0,7,7,3,0,100.0,0.0,results/final_code_consistency_rerun/packet_loss_final_patch_DROP20/ON_seed14_drop20_x560_720_t36.log
packet_loss,DROP20,15,1,0,7,6,3,0,85.71,0.0,results/final_code_consistency_rerun/packet_loss_final_patch_DROP20/ON_seed15_drop20_x560_720_t36.log
packet_loss,DROP20,1,1,0,7,7,3,0,100.0,0.0,results/final_code_consistency_rerun/packet_loss_final_patch_DROP20/ON_seed1_drop20_x560_720_t36.log
packet_loss,DROP20,2,1,0,7,7,3,0,100.0,0.0,results/final_code_consistency_rerun/packet_loss_final_patch_DROP20/ON_seed2_drop20_x560_720_t36.log
packet_loss,DROP20,3,1,0,7,7,3,0,100.0,0.0,results/final_code_consistency_rerun/packet_loss_final_patch_DROP20/ON_seed3_drop20_x560_720_t36.log
packet_loss,DROP20,4,1,0,7,6,3,0,85.71,0.0,results/final_code_consistency_rerun/packet_loss_final_patch_DROP20/ON_seed4_drop20_x560_720_t36.log
packet_loss,DROP20,5,1,0,7,7,3,0,100.0,0.0,results/final_code_consistency_rerun/packet_loss_final_patch_DROP20/ON_seed5_drop20_x560_720_t36.log
packet_loss,DROP20,6,1,0,7,7,3,0,100.0,0.0,results/final_code_consistency_rerun/packet_loss_final_patch_DROP20/ON_seed6_drop20_x560_720_t36.log
packet_loss,DROP20,7,1,0,7,7,3,0,100.0,0.0,results/final_code_consistency_rerun/packet_loss_final_patch_DROP20/ON_seed7_drop20_x560_720_t36.log
packet_loss,DROP20,8,1,0,7,6,3,0,85.71,0.0,results/final_code_consistency_rerun/packet_loss_final_patch_DROP20/ON_seed8_drop20_x560_720_t36.log
packet_loss,DROP20,9,1,0,7,7,3,0,100.0,0.0,results/final_code_consistency_rerun/packet_loss_final_patch_DROP20/ON_seed9_drop20_x560_720_t36.log
handover_onoff,ON,10,1,0,7,7,3,0,100.0,0.0,results/final_code_consistency_rerun/handover_final_patch_ON/ON_seed10_drop0_x560_720_t36.log
handover_onoff,ON,11,1,0,7,6,3,0,85.71,0.0,results/final_code_consistency_rerun/handover_final_patch_ON/ON_seed11_drop0_x560_720_t36.log
handover_onoff,ON,12,1,0,7,7,3,0,100.0,0.0,results/final_code_consistency_rerun/handover_final_patch_ON/ON_seed12_drop0_x560_720_t36.log
handover_onoff,ON,13,1,0,7,7,3,0,100.0,0.0,results/final_code_consistency_rerun/handover_final_patch_ON/ON_seed13_drop0_x560_720_t36.log
handover_onoff,ON,14,1,0,7,7,3,0,100.0,0.0,results/final_code_consistency_rerun/handover_final_patch_ON/ON_seed14_drop0_x560_720_t36.log
handover_onoff,ON,15,1,0,7,6,3,0,85.71,0.0,results/final_code_consistency_rerun/handover_final_patch_ON/ON_seed15_drop0_x560_720_t36.log
handover_onoff,ON,1,1,0,7,7,3,0,100.0,0.0,results/final_code_consistency_rerun/handover_final_patch_ON/ON_seed1_drop0_x560_720_t36.log
handover_onoff,ON,2,1,0,7,7,3,0,100.0,0.0,results/final_code_consistency_rerun/handover_final_patch_ON/ON_seed2_drop0_x560_720_t36.log
handover_onoff,ON,3,1,0,7,7,3,0,100.0,0.0,results/final_code_consistency_rerun/handover_final_patch_ON/ON_seed3_drop0_x560_720_t36.log
handover_onoff,ON,4,1,0,7,6,3,0,85.71,0.0,results/final_code_consistency_rerun/handover_final_patch_ON/ON_seed4_drop0_x560_720_t36.log
handover_onoff,ON,5,1,0,7,7,3,0,100.0,0.0,results/final_code_consistency_rerun/handover_final_patch_ON/ON_seed5_drop0_x560_720_t36.log
handover_onoff,ON,6,1,0,7,7,3,0,100.0,0.0,results/final_code_consistency_rerun/handover_final_patch_ON/ON_seed6_drop0_x560_720_t36.log
handover_onoff,ON,7,1,0,7,7,3,0,100.0,0.0,results/final_code_consistency_rerun/handover_final_patch_ON/ON_seed7_drop0_x560_720_t36.log
handover_onoff,ON,8,1,0,7,6,3,0,85.71,0.0,results/final_code_consistency_rerun/handover_final_patch_ON/ON_seed8_drop0_x560_720_t36.log
handover_onoff,ON,9,1,0,7,7,3,0,100.0,0.0,results/final_code_consistency_rerun/handover_final_patch_ON/ON_seed9_drop0_x560_720_t36.log
handover_onoff,OFF,10,1,0,7,7,3,0,100.0,0.0,results/final_code_consistency_rerun/handover_final_patch_OFF/OFF_seed10_drop0_x560_720_t36.log
handover_onoff,OFF,11,1,0,7,6,3,0,85.71,0.0,results/final_code_consistency_rerun/handover_final_patch_OFF/OFF_seed11_drop0_x560_720_t36.log
handover_onoff,OFF,12,1,0,7,7,3,0,100.0,0.0,results/final_code_consistency_rerun/handover_final_patch_OFF/OFF_seed12_drop0_x560_720_t36.log
handover_onoff,OFF,13,1,0,7,7,3,0,100.0,0.0,results/final_code_consistency_rerun/handover_final_patch_OFF/OFF_seed13_drop0_x560_720_t36.log
handover_onoff,OFF,14,1,0,7,7,3,0,100.0,0.0,results/final_code_consistency_rerun/handover_final_patch_OFF/OFF_seed14_drop0_x560_720_t36.log
handover_onoff,OFF,15,1,0,7,6,3,0,85.71,0.0,results/final_code_consistency_rerun/handover_final_patch_OFF/OFF_seed15_drop0_x560_720_t36.log
handover_onoff,OFF,1,1,0,7,7,3,0,100.0,0.0,results/final_code_consistency_rerun/handover_final_patch_OFF/OFF_seed1_drop0_x560_720_t36.log
handover_onoff,OFF,2,1,0,7,7,3,0,100.0,0.0,results/final_code_consistency_rerun/handover_final_patch_OFF/OFF_seed2_drop0_x560_720_t36.log
handover_onoff,OFF,3,1,0,7,7,3,0,100.0,0.0,results/final_code_consistency_rerun/handover_final_patch_OFF/OFF_seed3_drop0_x560_720_t36.log
handover_onoff,OFF,4,1,0,7,6,3,0,85.71,0.0,results/final_code_consistency_rerun/handover_final_patch_OFF/OFF_seed4_drop0_x560_720_t36.log
handover_onoff,OFF,5,1,0,7,7,3,0,100.0,0.0,results/final_code_consistency_rerun/handover_final_patch_OFF/OFF_seed5_drop0_x560_720_t36.log
handover_onoff,OFF,6,1,0,7,7,3,0,100.0,0.0,results/final_code_consistency_rerun/handover_final_patch_OFF/OFF_seed6_drop0_x560_720_t36.log
handover_onoff,OFF,7,1,0,7,7,3,0,100.0,0.0,results/final_code_consistency_rerun/handover_final_patch_OFF/OFF_seed7_drop0_x560_720_t36.log
handover_onoff,OFF,8,1,0,7,6,3,0,85.71,0.0,results/final_code_consistency_rerun/handover_final_patch_OFF/OFF_seed8_drop0_x560_720_t36.log
handover_onoff,OFF,9,1,0,7,7,3,0,100.0,0.0,results/final_code_consistency_rerun/handover_final_patch_OFF/OFF_seed9_drop0_x560_720_t36.log
cusum_onoff,ON,10,1,0,7,7,3,0,100.0,0.0,results/final_code_consistency_rerun/cusum_final_patch_ON/ON_seed10_drop0_x560_720_t36.log
cusum_onoff,ON,11,1,0,7,6,3,0,85.71,0.0,results/final_code_consistency_rerun/cusum_final_patch_ON/ON_seed11_drop0_x560_720_t36.log
cusum_onoff,ON,12,1,0,7,7,3,0,100.0,0.0,results/final_code_consistency_rerun/cusum_final_patch_ON/ON_seed12_drop0_x560_720_t36.log
cusum_onoff,ON,13,1,0,7,7,3,0,100.0,0.0,results/final_code_consistency_rerun/cusum_final_patch_ON/ON_seed13_drop0_x560_720_t36.log
cusum_onoff,ON,14,1,0,7,7,3,0,100.0,0.0,results/final_code_consistency_rerun/cusum_final_patch_ON/ON_seed14_drop0_x560_720_t36.log
cusum_onoff,ON,15,1,0,7,6,3,0,85.71,0.0,results/final_code_consistency_rerun/cusum_final_patch_ON/ON_seed15_drop0_x560_720_t36.log
cusum_onoff,ON,1,1,0,7,7,3,0,100.0,0.0,results/final_code_consistency_rerun/cusum_final_patch_ON/ON_seed1_drop0_x560_720_t36.log
cusum_onoff,ON,2,1,0,7,7,3,0,100.0,0.0,results/final_code_consistency_rerun/cusum_final_patch_ON/ON_seed2_drop0_x560_720_t36.log
cusum_onoff,ON,3,1,0,7,7,3,0,100.0,0.0,results/final_code_consistency_rerun/cusum_final_patch_ON/ON_seed3_drop0_x560_720_t36.log
cusum_onoff,ON,4,1,0,7,6,3,0,85.71,0.0,results/final_code_consistency_rerun/cusum_final_patch_ON/ON_seed4_drop0_x560_720_t36.log
cusum_onoff,ON,5,1,0,7,7,3,0,100.0,0.0,results/final_code_consistency_rerun/cusum_final_patch_ON/ON_seed5_drop0_x560_720_t36.log
cusum_onoff,ON,6,1,0,7,7,3,0,100.0,0.0,results/final_code_consistency_rerun/cusum_final_patch_ON/ON_seed6_drop0_x560_720_t36.log
cusum_onoff,ON,7,1,0,7,7,3,0,100.0,0.0,results/final_code_consistency_rerun/cusum_final_patch_ON/ON_seed7_drop0_x560_720_t36.log
cusum_onoff,ON,8,1,0,7,6,3,0,85.71,0.0,results/final_code_consistency_rerun/cusum_final_patch_ON/ON_seed8_drop0_x560_720_t36.log
cusum_onoff,ON,9,1,0,7,7,3,0,100.0,0.0,results/final_code_consistency_rerun/cusum_final_patch_ON/ON_seed9_drop0_x560_720_t36.log
cusum_onoff,OFF,10,1,0,7,7,3,0,100.0,0.0,results/final_code_consistency_rerun/cusum_final_patch_OFF/ON_seed10_drop0_x560_720_t36.log
cusum_onoff,OFF,11,1,0,7,6,3,0,85.71,0.0,results/final_code_consistency_rerun/cusum_final_patch_OFF/ON_seed11_drop0_x560_720_t36.log
cusum_onoff,OFF,12,1,0,7,7,3,0,100.0,0.0,results/final_code_consistency_rerun/cusum_final_patch_OFF/ON_seed12_drop0_x560_720_t36.log
cusum_onoff,OFF,13,1,0,7,7,3,0,100.0,0.0,results/final_code_consistency_rerun/cusum_final_patch_OFF/ON_seed13_drop0_x560_720_t36.log
cusum_onoff,OFF,14,1,0,7,7,3,0,100.0,0.0,results/final_code_consistency_rerun/cusum_final_patch_OFF/ON_seed14_drop0_x560_720_t36.log
cusum_onoff,OFF,15,1,0,7,6,3,0,85.71,0.0,results/final_code_consistency_rerun/cusum_final_patch_OFF/ON_seed15_drop0_x560_720_t36.log
cusum_onoff,OFF,1,1,0,7,7,3,0,100.0,0.0,results/final_code_consistency_rerun/cusum_final_patch_OFF/ON_seed1_drop0_x560_720_t36.log
cusum_onoff,OFF,2,1,0,7,7,3,0,100.0,0.0,results/final_code_consistency_rerun/cusum_final_patch_OFF/ON_seed2_drop0_x560_720_t36.log
cusum_onoff,OFF,3,1,0,7,7,3,0,100.0,0.0,results/final_code_consistency_rerun/cusum_final_patch_OFF/ON_seed3_drop0_x560_720_t36.log
cusum_onoff,OFF,4,1,0,7,6,3,0,85.71,0.0,results/final_code_consistency_rerun/cusum_final_patch_OFF/ON_seed4_drop0_x560_720_t36.log
cusum_onoff,OFF,5,1,0,7,7,3,0,100.0,0.0,results/final_code_consistency_rerun/cusum_final_patch_OFF/ON_seed5_drop0_x560_720_t36.log
cusum_onoff,OFF,6,1,0,7,7,3,0,100.0,0.0,results/final_code_consistency_rerun/cusum_final_patch_OFF/ON_seed6_drop0_x560_720_t36.log
cusum_onoff,OFF,7,1,0,7,7,3,0,100.0,0.0,results/final_code_consistency_rerun/cusum_final_patch_OFF/ON_seed7_drop0_x560_720_t36.log
cusum_onoff,OFF,8,1,0,7,6,3,0,85.71,0.0,results/final_code_consistency_rerun/cusum_final_patch_OFF/ON_seed8_drop0_x560_720_t36.log
cusum_onoff,OFF,9,1,0,7,7,3,0,100.0,0.0,results/final_code_consistency_rerun/cusum_final_patch_OFF/ON_seed9_drop0_x560_720_t36.log
