experiment,condition,valid_seeds,caught,pooled_DR_percent,DR_mean_percent,DR_std,DR_CI95_low,DR_CI95_high,false_positive,pooled_FPR_percent,FPR_mean_percent,FPR_std,FPR_CI95_low,FPR_CI95_high,fallback_total,source_dir,config
clean_safety,CLEAN_HONEST,15/15,,,,0.0,,,0/150,0.0,0.0,0.0,0.0,2.5,0,results/final_code_consistency_rerun/clean_safety_final_patch,final_patched_code; hard_only; speed_tol=6.0; overlap_ban_guard=1; overlap_ban_min_p=0.50; cusum_input=veremi
packet_loss,DROP0,15/15,101/105,96.19,96.19,6.54,90.61,98.51,0/45,0.0,0.0,0.0,0.0,7.87,0,results/final_code_consistency_rerun/packet_loss_final_patch_DROP0,final_patched_code; hard_only; speed_tol=6.0; overlap_ban_guard=1; overlap_ban_min_p=0.50; cusum_input=veremi
packet_loss,DROP5,15/15,101/105,96.19,96.19,6.54,90.61,98.51,0/45,0.0,0.0,0.0,0.0,7.87,0,results/final_code_consistency_rerun/packet_loss_final_patch_DROP5,final_patched_code; hard_only; speed_tol=6.0; overlap_ban_guard=1; overlap_ban_min_p=0.50; cusum_input=veremi
packet_loss,DROP10,15/15,101/105,96.19,96.19,6.54,90.61,98.51,0/45,0.0,0.0,0.0,0.0,7.87,0,results/final_code_consistency_rerun/packet_loss_final_patch_DROP10,final_patched_code; hard_only; speed_tol=6.0; overlap_ban_guard=1; overlap_ban_min_p=0.50; cusum_input=veremi
packet_loss,DROP20,15/15,101/105,96.19,96.19,6.54,90.61,98.51,0/45,0.0,0.0,0.0,0.0,7.87,0,results/final_code_consistency_rerun/packet_loss_final_patch_DROP20,final_patched_code; hard_only; speed_tol=6.0; overlap_ban_guard=1; overlap_ban_min_p=0.50; cusum_input=veremi
handover_onoff,ON,15/15,101/105,96.19,96.19,6.54,90.61,98.51,0/45,0.0,0.0,0.0,0.0,7.87,0,results/final_code_consistency_rerun/handover_final_patch_ON,final_patched_code; hard_only; speed_tol=6.0; overlap_ban_guard=1; overlap_ban_min_p=0.50; cusum_input=veremi
handover_onoff,OFF,15/15,101/105,96.19,96.19,6.54,90.61,98.51,0/45,0.0,0.0,0.0,0.0,7.87,0,results/final_code_consistency_rerun/handover_final_patch_OFF,final_patched_code; hard_only; speed_tol=6.0; overlap_ban_guard=1; overlap_ban_min_p=0.50; cusum_input=veremi
cusum_onoff,ON,15/15,101/105,96.19,96.19,6.54,90.61,98.51,0/45,0.0,0.0,0.0,0.0,7.87,0,results/final_code_consistency_rerun/cusum_final_patch_ON,final_patched_code; hard_only; speed_tol=6.0; overlap_ban_guard=1; overlap_ban_min_p=0.50; cusum_input=veremi
cusum_onoff,OFF,15/15,101/105,96.19,96.19,6.54,90.61,98.51,0/45,0.0,0.0,0.0,0.0,7.87,0,results/final_code_consistency_rerun/cusum_final_patch_OFF,final_patched_code; hard_only; speed_tol=6.0; overlap_ban_guard=1; overlap_ban_min_p=0.50; cusum_input=veremi
