experiment,condition,EDGE_OVERLAP_BAN_GUARD,attack_type,attack_name,packet_drop,seed,complete,fallback_count,malicious,caught,honest,false_positive,DR_percent,FPR_percent,log_path
overlap_guard_ablation_AT5_DROP20,GUARD_OFF,0,5,adaptive,20,10,1,0,7,7,3,0,100.0,0.0,results/overlap_guard_ablation_AT5_DROP20_GUARD_OFF_15seed/ON_seed10_x560_720_t36.log
overlap_guard_ablation_AT5_DROP20,GUARD_OFF,0,5,adaptive,20,11,1,0,7,6,3,0,85.71,0.0,results/overlap_guard_ablation_AT5_DROP20_GUARD_OFF_15seed/ON_seed11_x560_720_t36.log
overlap_guard_ablation_AT5_DROP20,GUARD_OFF,0,5,adaptive,20,12,1,0,7,7,3,0,100.0,0.0,results/overlap_guard_ablation_AT5_DROP20_GUARD_OFF_15seed/ON_seed12_x560_720_t36.log
overlap_guard_ablation_AT5_DROP20,GUARD_OFF,0,5,adaptive,20,13,1,0,7,7,3,1,100.0,33.33,results/overlap_guard_ablation_AT5_DROP20_GUARD_OFF_15seed/ON_seed13_x560_720_t36.log
overlap_guard_ablation_AT5_DROP20,GUARD_OFF,0,5,adaptive,20,14,1,0,7,7,3,0,100.0,0.0,results/overlap_guard_ablation_AT5_DROP20_GUARD_OFF_15seed/ON_seed14_x560_720_t36.log
overlap_guard_ablation_AT5_DROP20,GUARD_OFF,0,5,adaptive,20,15,1,0,7,6,3,0,85.71,0.0,results/overlap_guard_ablation_AT5_DROP20_GUARD_OFF_15seed/ON_seed15_x560_720_t36.log
overlap_guard_ablation_AT5_DROP20,GUARD_OFF,0,5,adaptive,20,1,1,0,7,7,3,0,100.0,0.0,results/overlap_guard_ablation_AT5_DROP20_GUARD_OFF_15seed/ON_seed1_x560_720_t36.log
overlap_guard_ablation_AT5_DROP20,GUARD_OFF,0,5,adaptive,20,2,1,0,7,7,3,0,100.0,0.0,results/overlap_guard_ablation_AT5_DROP20_GUARD_OFF_15seed/ON_seed2_x560_720_t36.log
overlap_guard_ablation_AT5_DROP20,GUARD_OFF,0,5,adaptive,20,3,1,0,7,7,3,0,100.0,0.0,results/overlap_guard_ablation_AT5_DROP20_GUARD_OFF_15seed/ON_seed3_x560_720_t36.log
overlap_guard_ablation_AT5_DROP20,GUARD_OFF,0,5,adaptive,20,4,1,0,7,6,3,0,85.71,0.0,results/overlap_guard_ablation_AT5_DROP20_GUARD_OFF_15seed/ON_seed4_x560_720_t36.log
overlap_guard_ablation_AT5_DROP20,GUARD_OFF,0,5,adaptive,20,5,1,0,7,7,3,0,100.0,0.0,results/overlap_guard_ablation_AT5_DROP20_GUARD_OFF_15seed/ON_seed5_x560_720_t36.log
overlap_guard_ablation_AT5_DROP20,GUARD_OFF,0,5,adaptive,20,6,1,0,7,7,3,0,100.0,0.0,results/overlap_guard_ablation_AT5_DROP20_GUARD_OFF_15seed/ON_seed6_x560_720_t36.log
overlap_guard_ablation_AT5_DROP20,GUARD_OFF,0,5,adaptive,20,7,1,0,7,7,3,0,100.0,0.0,results/overlap_guard_ablation_AT5_DROP20_GUARD_OFF_15seed/ON_seed7_x560_720_t36.log
overlap_guard_ablation_AT5_DROP20,GUARD_OFF,0,5,adaptive,20,8,1,0,7,6,3,0,85.71,0.0,results/overlap_guard_ablation_AT5_DROP20_GUARD_OFF_15seed/ON_seed8_x560_720_t36.log
overlap_guard_ablation_AT5_DROP20,GUARD_OFF,0,5,adaptive,20,9,1,0,7,7,3,0,100.0,0.0,results/overlap_guard_ablation_AT5_DROP20_GUARD_OFF_15seed/ON_seed9_x560_720_t36.log
overlap_guard_ablation_AT5_DROP20,GUARD_ON,1,5,adaptive,20,10,1,0,7,7,3,0,100.0,0.0,results/overlap_guard_ablation_AT5_DROP20_GUARD_ON_locked/ON_seed10_x560_720_t36.log
overlap_guard_ablation_AT5_DROP20,GUARD_ON,1,5,adaptive,20,11,1,0,7,6,3,0,85.71,0.0,results/overlap_guard_ablation_AT5_DROP20_GUARD_ON_locked/ON_seed11_x560_720_t36.log
overlap_guard_ablation_AT5_DROP20,GUARD_ON,1,5,adaptive,20,12,1,0,7,7,3,0,100.0,0.0,results/overlap_guard_ablation_AT5_DROP20_GUARD_ON_locked/ON_seed12_x560_720_t36.log
overlap_guard_ablation_AT5_DROP20,GUARD_ON,1,5,adaptive,20,13,1,0,7,7,3,0,100.0,0.0,results/overlap_guard_ablation_AT5_DROP20_GUARD_ON_locked/ON_seed13_x560_720_t36.log
overlap_guard_ablation_AT5_DROP20,GUARD_ON,1,5,adaptive,20,14,1,0,7,7,3,0,100.0,0.0,results/overlap_guard_ablation_AT5_DROP20_GUARD_ON_locked/ON_seed14_x560_720_t36.log
overlap_guard_ablation_AT5_DROP20,GUARD_ON,1,5,adaptive,20,15,1,0,7,6,3,0,85.71,0.0,results/overlap_guard_ablation_AT5_DROP20_GUARD_ON_locked/ON_seed15_x560_720_t36.log
overlap_guard_ablation_AT5_DROP20,GUARD_ON,1,5,adaptive,20,1,1,0,7,7,3,0,100.0,0.0,results/overlap_guard_ablation_AT5_DROP20_GUARD_ON_locked/ON_seed1_x560_720_t36.log
overlap_guard_ablation_AT5_DROP20,GUARD_ON,1,5,adaptive,20,2,1,0,7,7,3,0,100.0,0.0,results/overlap_guard_ablation_AT5_DROP20_GUARD_ON_locked/ON_seed2_x560_720_t36.log
overlap_guard_ablation_AT5_DROP20,GUARD_ON,1,5,adaptive,20,3,1,0,7,7,3,0,100.0,0.0,results/overlap_guard_ablation_AT5_DROP20_GUARD_ON_locked/ON_seed3_x560_720_t36.log
overlap_guard_ablation_AT5_DROP20,GUARD_ON,1,5,adaptive,20,4,1,0,7,6,3,0,85.71,0.0,results/overlap_guard_ablation_AT5_DROP20_GUARD_ON_locked/ON_seed4_x560_720_t36.log
overlap_guard_ablation_AT5_DROP20,GUARD_ON,1,5,adaptive,20,5,1,0,7,7,3,0,100.0,0.0,results/overlap_guard_ablation_AT5_DROP20_GUARD_ON_locked/ON_seed5_x560_720_t36.log
overlap_guard_ablation_AT5_DROP20,GUARD_ON,1,5,adaptive,20,6,1,0,7,7,3,0,100.0,0.0,results/overlap_guard_ablation_AT5_DROP20_GUARD_ON_locked/ON_seed6_x560_720_t36.log
overlap_guard_ablation_AT5_DROP20,GUARD_ON,1,5,adaptive,20,7,1,0,7,7,3,0,100.0,0.0,results/overlap_guard_ablation_AT5_DROP20_GUARD_ON_locked/ON_seed7_x560_720_t36.log
overlap_guard_ablation_AT5_DROP20,GUARD_ON,1,5,adaptive,20,8,1,0,7,6,3,0,85.71,0.0,results/overlap_guard_ablation_AT5_DROP20_GUARD_ON_locked/ON_seed8_x560_720_t36.log
overlap_guard_ablation_AT5_DROP20,GUARD_ON,1,5,adaptive,20,9,1,0,7,7,3,0,100.0,0.0,results/overlap_guard_ablation_AT5_DROP20_GUARD_ON_locked/ON_seed9_x560_720_t36.log
