condition,EDGE_OVERLAP_BAN_GUARD,seed,log_path
GUARD_OFF,0,10,results/overlap_guard_ablation_AT5_DROP20_GUARD_OFF_15seed/ON_seed10_x560_720_t36.log
GUARD_OFF,0,11,results/overlap_guard_ablation_AT5_DROP20_GUARD_OFF_15seed/ON_seed11_x560_720_t36.log
GUARD_OFF,0,12,results/overlap_guard_ablation_AT5_DROP20_GUARD_OFF_15seed/ON_seed12_x560_720_t36.log
GUARD_OFF,0,13,results/overlap_guard_ablation_AT5_DROP20_GUARD_OFF_15seed/ON_seed13_x560_720_t36.log
GUARD_OFF,0,14,results/overlap_guard_ablation_AT5_DROP20_GUARD_OFF_15seed/ON_seed14_x560_720_t36.log
GUARD_OFF,0,15,results/overlap_guard_ablation_AT5_DROP20_GUARD_OFF_15seed/ON_seed15_x560_720_t36.log
GUARD_OFF,0,1,results/overlap_guard_ablation_AT5_DROP20_GUARD_OFF_15seed/ON_seed1_x560_720_t36.log
GUARD_OFF,0,2,results/overlap_guard_ablation_AT5_DROP20_GUARD_OFF_15seed/ON_seed2_x560_720_t36.log
GUARD_OFF,0,3,results/overlap_guard_ablation_AT5_DROP20_GUARD_OFF_15seed/ON_seed3_x560_720_t36.log
GUARD_OFF,0,4,results/overlap_guard_ablation_AT5_DROP20_GUARD_OFF_15seed/ON_seed4_x560_720_t36.log
GUARD_OFF,0,5,results/overlap_guard_ablation_AT5_DROP20_GUARD_OFF_15seed/ON_seed5_x560_720_t36.log
GUARD_OFF,0,6,results/overlap_guard_ablation_AT5_DROP20_GUARD_OFF_15seed/ON_seed6_x560_720_t36.log
GUARD_OFF,0,7,results/overlap_guard_ablation_AT5_DROP20_GUARD_OFF_15seed/ON_seed7_x560_720_t36.log
GUARD_OFF,0,8,results/overlap_guard_ablation_AT5_DROP20_GUARD_OFF_15seed/ON_seed8_x560_720_t36.log
GUARD_OFF,0,9,results/overlap_guard_ablation_AT5_DROP20_GUARD_OFF_15seed/ON_seed9_x560_720_t36.log
GUARD_ON,1,10,results/overlap_guard_ablation_AT5_DROP20_GUARD_ON_locked/ON_seed10_x560_720_t36.log
GUARD_ON,1,11,results/overlap_guard_ablation_AT5_DROP20_GUARD_ON_locked/ON_seed11_x560_720_t36.log
GUARD_ON,1,12,results/overlap_guard_ablation_AT5_DROP20_GUARD_ON_locked/ON_seed12_x560_720_t36.log
GUARD_ON,1,13,results/overlap_guard_ablation_AT5_DROP20_GUARD_ON_locked/ON_seed13_x560_720_t36.log
GUARD_ON,1,14,results/overlap_guard_ablation_AT5_DROP20_GUARD_ON_locked/ON_seed14_x560_720_t36.log
GUARD_ON,1,15,results/overlap_guard_ablation_AT5_DROP20_GUARD_ON_locked/ON_seed15_x560_720_t36.log
GUARD_ON,1,1,results/overlap_guard_ablation_AT5_DROP20_GUARD_ON_locked/ON_seed1_x560_720_t36.log
GUARD_ON,1,2,results/overlap_guard_ablation_AT5_DROP20_GUARD_ON_locked/ON_seed2_x560_720_t36.log
GUARD_ON,1,3,results/overlap_guard_ablation_AT5_DROP20_GUARD_ON_locked/ON_seed3_x560_720_t36.log
GUARD_ON,1,4,results/overlap_guard_ablation_AT5_DROP20_GUARD_ON_locked/ON_seed4_x560_720_t36.log
GUARD_ON,1,5,results/overlap_guard_ablation_AT5_DROP20_GUARD_ON_locked/ON_seed5_x560_720_t36.log
GUARD_ON,1,6,results/overlap_guard_ablation_AT5_DROP20_GUARD_ON_locked/ON_seed6_x560_720_t36.log
GUARD_ON,1,7,results/overlap_guard_ablation_AT5_DROP20_GUARD_ON_locked/ON_seed7_x560_720_t36.log
GUARD_ON,1,8,results/overlap_guard_ablation_AT5_DROP20_GUARD_ON_locked/ON_seed8_x560_720_t36.log
GUARD_ON,1,9,results/overlap_guard_ablation_AT5_DROP20_GUARD_ON_locked/ON_seed9_x560_720_t36.log
