condition,drop_percent,seed,proposed_caught,proposed_malicious,proposed_DR_percent,proposed_false_positive,proposed_honest,proposed_FPR_percent,log_path
DROP0,0,1,7,7,100.00,0,3,0.00,/home/srmap/research/projects/v2x-multiuav-trust/results/packet_loss_robustness_DROP0_guarded_cusum_15seed/ON_seed1_x560_720_t36.log
DROP0,0,2,7,7,100.00,0,3,0.00,/home/srmap/research/projects/v2x-multiuav-trust/results/packet_loss_robustness_DROP0_guarded_cusum_15seed/ON_seed2_x560_720_t36.log
DROP0,0,3,7,7,100.00,0,3,0.00,/home/srmap/research/projects/v2x-multiuav-trust/results/packet_loss_robustness_DROP0_guarded_cusum_15seed/ON_seed3_x560_720_t36.log
DROP0,0,4,6,7,85.71,0,3,0.00,/home/srmap/research/projects/v2x-multiuav-trust/results/packet_loss_robustness_DROP0_guarded_cusum_15seed/ON_seed4_x560_720_t36.log
DROP0,0,5,7,7,100.00,0,3,0.00,/home/srmap/research/projects/v2x-multiuav-trust/results/packet_loss_robustness_DROP0_guarded_cusum_15seed/ON_seed5_x560_720_t36.log
DROP0,0,6,7,7,100.00,0,3,0.00,/home/srmap/research/projects/v2x-multiuav-trust/results/packet_loss_robustness_DROP0_guarded_cusum_15seed/ON_seed6_x560_720_t36.log
DROP0,0,7,7,7,100.00,0,3,0.00,/home/srmap/research/projects/v2x-multiuav-trust/results/packet_loss_robustness_DROP0_guarded_cusum_15seed/ON_seed7_x560_720_t36.log
DROP0,0,8,6,7,85.71,0,3,0.00,/home/srmap/research/projects/v2x-multiuav-trust/results/packet_loss_robustness_DROP0_guarded_cusum_15seed/ON_seed8_x560_720_t36.log
DROP0,0,9,7,7,100.00,0,3,0.00,/home/srmap/research/projects/v2x-multiuav-trust/results/packet_loss_robustness_DROP0_guarded_cusum_15seed/ON_seed9_x560_720_t36.log
DROP0,0,10,7,7,100.00,0,3,0.00,/home/srmap/research/projects/v2x-multiuav-trust/results/packet_loss_robustness_DROP0_guarded_cusum_15seed/ON_seed10_x560_720_t36.log
DROP0,0,11,6,7,85.71,0,3,0.00,/home/srmap/research/projects/v2x-multiuav-trust/results/packet_loss_robustness_DROP0_guarded_cusum_15seed/ON_seed11_x560_720_t36.log
DROP0,0,12,7,7,100.00,0,3,0.00,/home/srmap/research/projects/v2x-multiuav-trust/results/packet_loss_robustness_DROP0_guarded_cusum_15seed/ON_seed12_x560_720_t36.log
DROP0,0,13,7,7,100.00,0,3,0.00,/home/srmap/research/projects/v2x-multiuav-trust/results/packet_loss_robustness_DROP0_guarded_cusum_15seed/ON_seed13_x560_720_t36.log
DROP0,0,14,7,7,100.00,0,3,0.00,/home/srmap/research/projects/v2x-multiuav-trust/results/packet_loss_robustness_DROP0_guarded_cusum_15seed/ON_seed14_x560_720_t36.log
DROP0,0,15,6,7,85.71,0,3,0.00,/home/srmap/research/projects/v2x-multiuav-trust/results/packet_loss_robustness_DROP0_guarded_cusum_15seed/ON_seed15_x560_720_t36.log
DROP5,5,1,7,7,100.00,0,3,0.00,/home/srmap/research/projects/v2x-multiuav-trust/results/packet_loss_robustness_DROP5_guarded_cusum_15seed/ON_seed1_x560_720_t36.log
DROP5,5,2,7,7,100.00,0,3,0.00,/home/srmap/research/projects/v2x-multiuav-trust/results/packet_loss_robustness_DROP5_guarded_cusum_15seed/ON_seed2_x560_720_t36.log
DROP5,5,3,7,7,100.00,0,3,0.00,/home/srmap/research/projects/v2x-multiuav-trust/results/packet_loss_robustness_DROP5_guarded_cusum_15seed/ON_seed3_x560_720_t36.log
DROP5,5,4,6,7,85.71,0,3,0.00,/home/srmap/research/projects/v2x-multiuav-trust/results/packet_loss_robustness_DROP5_guarded_cusum_15seed/ON_seed4_x560_720_t36.log
DROP5,5,5,7,7,100.00,0,3,0.00,/home/srmap/research/projects/v2x-multiuav-trust/results/packet_loss_robustness_DROP5_guarded_cusum_15seed/ON_seed5_x560_720_t36.log
DROP5,5,6,6,7,85.71,0,3,0.00,/home/srmap/research/projects/v2x-multiuav-trust/results/packet_loss_robustness_DROP5_guarded_cusum_15seed/ON_seed6_x560_720_t36.log
DROP5,5,7,7,7,100.00,0,3,0.00,/home/srmap/research/projects/v2x-multiuav-trust/results/packet_loss_robustness_DROP5_guarded_cusum_15seed/ON_seed7_x560_720_t36.log
DROP5,5,8,6,7,85.71,0,3,0.00,/home/srmap/research/projects/v2x-multiuav-trust/results/packet_loss_robustness_DROP5_guarded_cusum_15seed/ON_seed8_x560_720_t36.log
DROP5,5,9,7,7,100.00,0,3,0.00,/home/srmap/research/projects/v2x-multiuav-trust/results/packet_loss_robustness_DROP5_guarded_cusum_15seed/ON_seed9_x560_720_t36.log
DROP5,5,10,7,7,100.00,0,3,0.00,/home/srmap/research/projects/v2x-multiuav-trust/results/packet_loss_robustness_DROP5_guarded_cusum_15seed/ON_seed10_x560_720_t36.log
DROP5,5,11,5,7,71.43,0,3,0.00,/home/srmap/research/projects/v2x-multiuav-trust/results/packet_loss_robustness_DROP5_guarded_cusum_15seed/ON_seed11_x560_720_t36.log
DROP5,5,12,7,7,100.00,0,3,0.00,/home/srmap/research/projects/v2x-multiuav-trust/results/packet_loss_robustness_DROP5_guarded_cusum_15seed/ON_seed12_x560_720_t36.log
DROP5,5,13,7,7,100.00,0,3,0.00,/home/srmap/research/projects/v2x-multiuav-trust/results/packet_loss_robustness_DROP5_guarded_cusum_15seed/ON_seed13_x560_720_t36.log
DROP5,5,14,7,7,100.00,0,3,0.00,/home/srmap/research/projects/v2x-multiuav-trust/results/packet_loss_robustness_DROP5_guarded_cusum_15seed/ON_seed14_x560_720_t36.log
DROP5,5,15,6,7,85.71,0,3,0.00,/home/srmap/research/projects/v2x-multiuav-trust/results/packet_loss_robustness_DROP5_guarded_cusum_15seed/ON_seed15_x560_720_t36.log
DROP10,10,1,7,7,100.00,0,3,0.00,/home/srmap/research/projects/v2x-multiuav-trust/results/packet_loss_robustness_DROP10_guarded_cusum_15seed/ON_seed1_x560_720_t36.log
DROP10,10,2,6,7,85.71,0,3,0.00,/home/srmap/research/projects/v2x-multiuav-trust/results/packet_loss_robustness_DROP10_guarded_cusum_15seed/ON_seed2_x560_720_t36.log
DROP10,10,3,6,7,85.71,0,3,0.00,/home/srmap/research/projects/v2x-multiuav-trust/results/packet_loss_robustness_DROP10_guarded_cusum_15seed/ON_seed3_x560_720_t36.log
DROP10,10,4,6,7,85.71,0,3,0.00,/home/srmap/research/projects/v2x-multiuav-trust/results/packet_loss_robustness_DROP10_guarded_cusum_15seed/ON_seed4_x560_720_t36.log
DROP10,10,5,7,7,100.00,0,3,0.00,/home/srmap/research/projects/v2x-multiuav-trust/results/packet_loss_robustness_DROP10_guarded_cusum_15seed/ON_seed5_x560_720_t36.log
DROP10,10,6,7,7,100.00,0,3,0.00,/home/srmap/research/projects/v2x-multiuav-trust/results/packet_loss_robustness_DROP10_guarded_cusum_15seed/ON_seed6_x560_720_t36.log
DROP10,10,7,7,7,100.00,0,3,0.00,/home/srmap/research/projects/v2x-multiuav-trust/results/packet_loss_robustness_DROP10_guarded_cusum_15seed/ON_seed7_x560_720_t36.log
DROP10,10,8,5,7,71.43,0,3,0.00,/home/srmap/research/projects/v2x-multiuav-trust/results/packet_loss_robustness_DROP10_guarded_cusum_15seed/ON_seed8_x560_720_t36.log
DROP10,10,9,6,7,85.71,0,3,0.00,/home/srmap/research/projects/v2x-multiuav-trust/results/packet_loss_robustness_DROP10_guarded_cusum_15seed/ON_seed9_x560_720_t36.log
DROP10,10,10,7,7,100.00,0,3,0.00,/home/srmap/research/projects/v2x-multiuav-trust/results/packet_loss_robustness_DROP10_guarded_cusum_15seed/ON_seed10_x560_720_t36.log
DROP10,10,11,5,7,71.43,0,3,0.00,/home/srmap/research/projects/v2x-multiuav-trust/results/packet_loss_robustness_DROP10_guarded_cusum_15seed/ON_seed11_x560_720_t36.log
DROP10,10,12,7,7,100.00,0,3,0.00,/home/srmap/research/projects/v2x-multiuav-trust/results/packet_loss_robustness_DROP10_guarded_cusum_15seed/ON_seed12_x560_720_t36.log
DROP10,10,13,7,7,100.00,0,3,0.00,/home/srmap/research/projects/v2x-multiuav-trust/results/packet_loss_robustness_DROP10_guarded_cusum_15seed/ON_seed13_x560_720_t36.log
DROP10,10,14,7,7,100.00,0,3,0.00,/home/srmap/research/projects/v2x-multiuav-trust/results/packet_loss_robustness_DROP10_guarded_cusum_15seed/ON_seed14_x560_720_t36.log
DROP10,10,15,6,7,85.71,0,3,0.00,/home/srmap/research/projects/v2x-multiuav-trust/results/packet_loss_robustness_DROP10_guarded_cusum_15seed/ON_seed15_x560_720_t36.log
DROP20,20,1,6,7,85.71,0,3,0.00,/home/srmap/research/projects/v2x-multiuav-trust/results/packet_loss_robustness_DROP20_guarded_cusum_15seed/ON_seed1_x560_720_t36.log
DROP20,20,2,7,7,100.00,0,3,0.00,/home/srmap/research/projects/v2x-multiuav-trust/results/packet_loss_robustness_DROP20_guarded_cusum_15seed/ON_seed2_x560_720_t36.log
DROP20,20,3,6,7,85.71,0,3,0.00,/home/srmap/research/projects/v2x-multiuav-trust/results/packet_loss_robustness_DROP20_guarded_cusum_15seed/ON_seed3_x560_720_t36.log
DROP20,20,4,6,7,85.71,0,3,0.00,/home/srmap/research/projects/v2x-multiuav-trust/results/packet_loss_robustness_DROP20_guarded_cusum_15seed/ON_seed4_x560_720_t36.log
DROP20,20,5,7,7,100.00,0,3,0.00,/home/srmap/research/projects/v2x-multiuav-trust/results/packet_loss_robustness_DROP20_guarded_cusum_15seed/ON_seed5_x560_720_t36.log
DROP20,20,6,7,7,100.00,0,3,0.00,/home/srmap/research/projects/v2x-multiuav-trust/results/packet_loss_robustness_DROP20_guarded_cusum_15seed/ON_seed6_x560_720_t36.log
DROP20,20,7,6,7,85.71,0,3,0.00,/home/srmap/research/projects/v2x-multiuav-trust/results/packet_loss_robustness_DROP20_guarded_cusum_15seed/ON_seed7_x560_720_t36.log
DROP20,20,8,6,7,85.71,0,3,0.00,/home/srmap/research/projects/v2x-multiuav-trust/results/packet_loss_robustness_DROP20_guarded_cusum_15seed/ON_seed8_x560_720_t36.log
DROP20,20,9,6,7,85.71,0,3,0.00,/home/srmap/research/projects/v2x-multiuav-trust/results/packet_loss_robustness_DROP20_guarded_cusum_15seed/ON_seed9_x560_720_t36.log
DROP20,20,10,7,7,100.00,0,3,0.00,/home/srmap/research/projects/v2x-multiuav-trust/results/packet_loss_robustness_DROP20_guarded_cusum_15seed/ON_seed10_x560_720_t36.log
DROP20,20,11,5,7,71.43,0,3,0.00,/home/srmap/research/projects/v2x-multiuav-trust/results/packet_loss_robustness_DROP20_guarded_cusum_15seed/ON_seed11_x560_720_t36.log
DROP20,20,12,7,7,100.00,0,3,0.00,/home/srmap/research/projects/v2x-multiuav-trust/results/packet_loss_robustness_DROP20_guarded_cusum_15seed/ON_seed12_x560_720_t36.log
DROP20,20,13,7,7,100.00,0,3,0.00,/home/srmap/research/projects/v2x-multiuav-trust/results/packet_loss_robustness_DROP20_guarded_cusum_15seed/ON_seed13_x560_720_t36.log
DROP20,20,14,7,7,100.00,0,3,0.00,/home/srmap/research/projects/v2x-multiuav-trust/results/packet_loss_robustness_DROP20_guarded_cusum_15seed/ON_seed14_x560_720_t36.log
DROP20,20,15,6,7,85.71,0,3,0.00,/home/srmap/research/projects/v2x-multiuav-trust/results/packet_loss_robustness_DROP20_guarded_cusum_15seed/ON_seed15_x560_720_t36.log
