condition,seed,cid,selected_baseline_K,first_physical_violation_time,proposed_first_WARN_time_est,baseline_segment_reset_detection_time,proposed_detected,baseline_detected,common_detected,proposed_delay_sec,baseline_delay_sec,proposed_minus_baseline_delay_sec,source_log_path
DROP0,1,0,2,12.025,12.025,25.524,YES,YES,YES,0.0,13.499,-13.499,/home/srmap/research/projects/v2x-multiuav-trust/results/packet_loss_robustness_DROP0_guarded_cusum_15seed/ON_seed1_x560_720_t36.log
DROP0,1,1,2,14.384,14.384,26.384,YES,YES,YES,0.0,12.0,-12.0,/home/srmap/research/projects/v2x-multiuav-trust/results/packet_loss_robustness_DROP0_guarded_cusum_15seed/ON_seed1_x560_720_t36.log
DROP0,1,2,2,15.924,16.424,26.924,YES,YES,YES,0.5,11.0,-10.5,/home/srmap/research/projects/v2x-multiuav-trust/results/packet_loss_robustness_DROP0_guarded_cusum_15seed/ON_seed1_x560_720_t36.log
DROP0,1,4,2,20.004,20.004,27.504,YES,YES,YES,0.0,7.5,-7.5,/home/srmap/research/projects/v2x-multiuav-trust/results/packet_loss_robustness_DROP0_guarded_cusum_15seed/ON_seed1_x560_720_t36.log
DROP0,1,5,2,12.096,12.096,24.596,YES,YES,YES,0.0,12.5,-12.5,/home/srmap/research/projects/v2x-multiuav-trust/results/packet_loss_robustness_DROP0_guarded_cusum_15seed/ON_seed1_x560_720_t36.log
DROP0,1,6,2,14.086,14.086,25.586,YES,YES,YES,0.0,11.5,-11.5,/home/srmap/research/projects/v2x-multiuav-trust/results/packet_loss_robustness_DROP0_guarded_cusum_15seed/ON_seed1_x560_720_t36.log
DROP0,1,7,2,16.346,16.346,25.846,YES,YES,YES,0.0,9.5,-9.5,/home/srmap/research/projects/v2x-multiuav-trust/results/packet_loss_robustness_DROP0_guarded_cusum_15seed/ON_seed1_x560_720_t36.log
DROP0,2,0,2,12.024,12.024,25.524,YES,YES,YES,0.0,13.5,-13.5,/home/srmap/research/projects/v2x-multiuav-trust/results/packet_loss_robustness_DROP0_guarded_cusum_15seed/ON_seed2_x560_720_t36.log
DROP0,2,1,2,13.975,13.975,26.474,YES,YES,YES,0.0,12.499,-12.499,/home/srmap/research/projects/v2x-multiuav-trust/results/packet_loss_robustness_DROP0_guarded_cusum_15seed/ON_seed2_x560_720_t36.log
DROP0,2,2,2,16.304,16.804,26.804,YES,YES,YES,0.5,10.5,-10.0,/home/srmap/research/projects/v2x-multiuav-trust/results/packet_loss_robustness_DROP0_guarded_cusum_15seed/ON_seed2_x560_720_t36.log
DROP0,2,3,2,18.334,18.334,27.334,YES,YES,YES,0.0,9.0,-9.0,/home/srmap/research/projects/v2x-multiuav-trust/results/packet_loss_robustness_DROP0_guarded_cusum_15seed/ON_seed2_x560_720_t36.log
DROP0,2,4,2,20.284,20.284,27.785,YES,YES,YES,0.0,7.501,-7.501,/home/srmap/research/projects/v2x-multiuav-trust/results/packet_loss_robustness_DROP0_guarded_cusum_15seed/ON_seed2_x560_720_t36.log
DROP0,2,5,2,11.916,11.916,24.416,YES,YES,YES,0.0,12.5,-12.5,/home/srmap/research/projects/v2x-multiuav-trust/results/packet_loss_robustness_DROP0_guarded_cusum_15seed/ON_seed2_x560_720_t36.log
DROP0,2,7,2,16.276,16.776,26.276,YES,YES,YES,0.5,10.0,-9.5,/home/srmap/research/projects/v2x-multiuav-trust/results/packet_loss_robustness_DROP0_guarded_cusum_15seed/ON_seed2_x560_720_t36.log
DROP0,3,0,2,12.204,12.204,25.704,YES,YES,YES,0.0,13.5,-13.5,/home/srmap/research/projects/v2x-multiuav-trust/results/packet_loss_robustness_DROP0_guarded_cusum_15seed/ON_seed3_x560_720_t36.log
DROP0,3,1,2,14.074,14.074,26.573,YES,YES,YES,0.0,12.499,-12.499,/home/srmap/research/projects/v2x-multiuav-trust/results/packet_loss_robustness_DROP0_guarded_cusum_15seed/ON_seed3_x560_720_t36.log
DROP0,3,2,2,16.304,16.304,26.804,YES,YES,YES,0.0,10.5,-10.5,/home/srmap/research/projects/v2x-multiuav-trust/results/packet_loss_robustness_DROP0_guarded_cusum_15seed/ON_seed3_x560_720_t36.log
DROP0,3,3,2,18.184,18.684,27.184,YES,YES,YES,0.5,9.0,-8.5,/home/srmap/research/projects/v2x-multiuav-trust/results/packet_loss_robustness_DROP0_guarded_cusum_15seed/ON_seed3_x560_720_t36.log
DROP0,3,4,2,20.344,20.344,27.847,YES,YES,YES,0.0,7.503,-7.503,/home/srmap/research/projects/v2x-multiuav-trust/results/packet_loss_robustness_DROP0_guarded_cusum_15seed/ON_seed3_x560_720_t36.log
DROP0,3,8,2,18.176,18.176,26.676,YES,YES,YES,0.0,8.5,-8.5,/home/srmap/research/projects/v2x-multiuav-trust/results/packet_loss_robustness_DROP0_guarded_cusum_15seed/ON_seed3_x560_720_t36.log
DROP0,3,9,2,20.346,20.346,26.846,YES,YES,YES,0.0,6.5,-6.5,/home/srmap/research/projects/v2x-multiuav-trust/results/packet_loss_robustness_DROP0_guarded_cusum_15seed/ON_seed3_x560_720_t36.log
DROP0,4,0,2,12.234,12.234,25.734,YES,YES,YES,0.0,13.5,-13.5,/home/srmap/research/projects/v2x-multiuav-trust/results/packet_loss_robustness_DROP0_guarded_cusum_15seed/ON_seed4_x560_720_t36.log
DROP0,4,1,2,14.234,14.234,26.234,YES,YES,YES,0.0,12.0,-12.0,/home/srmap/research/projects/v2x-multiuav-trust/results/packet_loss_robustness_DROP0_guarded_cusum_15seed/ON_seed4_x560_720_t36.log
DROP0,4,2,2,16.384,16.884,26.884,YES,YES,YES,0.5,10.5,-10.0,/home/srmap/research/projects/v2x-multiuav-trust/results/packet_loss_robustness_DROP0_guarded_cusum_15seed/ON_seed4_x560_720_t36.log
DROP0,4,3,2,18.034,18.534,27.034,YES,YES,YES,0.5,9.0,-8.5,/home/srmap/research/projects/v2x-multiuav-trust/results/packet_loss_robustness_DROP0_guarded_cusum_15seed/ON_seed4_x560_720_t36.log
DROP0,4,5,2,,,,NO,NO,NO,,,,/home/srmap/research/projects/v2x-multiuav-trust/results/packet_loss_robustness_DROP0_guarded_cusum_15seed/ON_seed4_x560_720_t36.log
DROP0,4,8,2,18.006,18.006,26.506,YES,YES,YES,0.0,8.5,-8.5,/home/srmap/research/projects/v2x-multiuav-trust/results/packet_loss_robustness_DROP0_guarded_cusum_15seed/ON_seed4_x560_720_t36.log
DROP0,4,9,2,19.996,19.996,26.996,YES,YES,YES,0.0,7.0,-7.0,/home/srmap/research/projects/v2x-multiuav-trust/results/packet_loss_robustness_DROP0_guarded_cusum_15seed/ON_seed4_x560_720_t36.log
DROP0,5,0,2,11.954,11.954,25.954,YES,YES,YES,0.0,14.0,-14.0,/home/srmap/research/projects/v2x-multiuav-trust/results/packet_loss_robustness_DROP0_guarded_cusum_15seed/ON_seed5_x560_720_t36.log
DROP0,5,1,2,14.264,14.264,26.264,YES,YES,YES,0.0,12.0,-12.0,/home/srmap/research/projects/v2x-multiuav-trust/results/packet_loss_robustness_DROP0_guarded_cusum_15seed/ON_seed5_x560_720_t36.log
DROP0,5,2,2,16.364,16.364,26.864,YES,YES,YES,0.0,10.5,-10.5,/home/srmap/research/projects/v2x-multiuav-trust/results/packet_loss_robustness_DROP0_guarded_cusum_15seed/ON_seed5_x560_720_t36.log
DROP0,5,3,2,18.284,18.284,27.284,YES,YES,YES,0.0,9.0,-9.0,/home/srmap/research/projects/v2x-multiuav-trust/results/packet_loss_robustness_DROP0_guarded_cusum_15seed/ON_seed5_x560_720_t36.log
DROP0,5,4,2,20.334,20.334,27.834,YES,YES,YES,0.0,7.5,-7.5,/home/srmap/research/projects/v2x-multiuav-trust/results/packet_loss_robustness_DROP0_guarded_cusum_15seed/ON_seed5_x560_720_t36.log
DROP0,5,5,2,11.996,11.996,24.496,YES,YES,YES,0.0,12.5,-12.5,/home/srmap/research/projects/v2x-multiuav-trust/results/packet_loss_robustness_DROP0_guarded_cusum_15seed/ON_seed5_x560_720_t36.log
DROP0,5,8,2,18.056,18.056,26.556,YES,YES,YES,0.0,8.5,-8.5,/home/srmap/research/projects/v2x-multiuav-trust/results/packet_loss_robustness_DROP0_guarded_cusum_15seed/ON_seed5_x560_720_t36.log
DROP0,6,0,2,12.064,12.064,25.564,YES,YES,YES,0.0,13.5,-13.5,/home/srmap/research/projects/v2x-multiuav-trust/results/packet_loss_robustness_DROP0_guarded_cusum_15seed/ON_seed6_x560_720_t36.log
DROP0,6,1,2,14.244,14.244,26.244,YES,YES,YES,0.0,12.0,-12.0,/home/srmap/research/projects/v2x-multiuav-trust/results/packet_loss_robustness_DROP0_guarded_cusum_15seed/ON_seed6_x560_720_t36.log
DROP0,6,2,2,16.354,16.354,26.854,YES,YES,YES,0.0,10.5,-10.5,/home/srmap/research/projects/v2x-multiuav-trust/results/packet_loss_robustness_DROP0_guarded_cusum_15seed/ON_seed6_x560_720_t36.log
DROP0,6,3,2,18.034,18.534,27.034,YES,YES,YES,0.5,9.0,-8.5,/home/srmap/research/projects/v2x-multiuav-trust/results/packet_loss_robustness_DROP0_guarded_cusum_15seed/ON_seed6_x560_720_t36.log
DROP0,6,4,2,20.165,20.165,27.664,YES,YES,YES,0.0,7.499,-7.499,/home/srmap/research/projects/v2x-multiuav-trust/results/packet_loss_robustness_DROP0_guarded_cusum_15seed/ON_seed6_x560_720_t36.log
DROP0,6,7,2,16.056,16.056,26.059,YES,YES,YES,0.0,10.003,-10.003,/home/srmap/research/projects/v2x-multiuav-trust/results/packet_loss_robustness_DROP0_guarded_cusum_15seed/ON_seed6_x560_720_t36.log
DROP0,6,9,2,20.326,20.326,26.826,YES,YES,YES,0.0,6.5,-6.5,/home/srmap/research/projects/v2x-multiuav-trust/results/packet_loss_robustness_DROP0_guarded_cusum_15seed/ON_seed6_x560_720_t36.log
DROP0,7,0,2,11.904,11.904,25.904,YES,YES,YES,0.0,14.0,-14.0,/home/srmap/research/projects/v2x-multiuav-trust/results/packet_loss_robustness_DROP0_guarded_cusum_15seed/ON_seed7_x560_720_t36.log
DROP0,7,1,2,14.194,14.194,26.192,YES,YES,YES,0.0,11.998,-11.998,/home/srmap/research/projects/v2x-multiuav-trust/results/packet_loss_robustness_DROP0_guarded_cusum_15seed/ON_seed7_x560_720_t36.log
DROP0,7,2,2,16.104,16.104,26.604,YES,YES,YES,0.0,10.5,-10.5,/home/srmap/research/projects/v2x-multiuav-trust/results/packet_loss_robustness_DROP0_guarded_cusum_15seed/ON_seed7_x560_720_t36.log
DROP0,7,3,2,18.344,18.344,27.344,YES,YES,YES,0.0,9.0,-9.0,/home/srmap/research/projects/v2x-multiuav-trust/results/packet_loss_robustness_DROP0_guarded_cusum_15seed/ON_seed7_x560_720_t36.log
DROP0,7,6,2,14.166,14.166,25.667,YES,YES,YES,0.0,11.501,-11.501,/home/srmap/research/projects/v2x-multiuav-trust/results/packet_loss_robustness_DROP0_guarded_cusum_15seed/ON_seed7_x560_720_t36.log
DROP0,7,7,2,15.936,15.936,25.939,YES,YES,YES,0.0,10.003,-10.003,/home/srmap/research/projects/v2x-multiuav-trust/results/packet_loss_robustness_DROP0_guarded_cusum_15seed/ON_seed7_x560_720_t36.log
DROP0,7,9,2,20.046,20.046,27.046,YES,YES,YES,0.0,7.0,-7.0,/home/srmap/research/projects/v2x-multiuav-trust/results/packet_loss_robustness_DROP0_guarded_cusum_15seed/ON_seed7_x560_720_t36.log
DROP0,8,0,2,12.103,12.103,25.604,YES,YES,YES,0.0,13.501,-13.501,/home/srmap/research/projects/v2x-multiuav-trust/results/packet_loss_robustness_DROP0_guarded_cusum_15seed/ON_seed8_x560_720_t36.log
DROP0,8,1,2,14.074,14.074,26.573,YES,YES,YES,0.0,12.499,-12.499,/home/srmap/research/projects/v2x-multiuav-trust/results/packet_loss_robustness_DROP0_guarded_cusum_15seed/ON_seed8_x560_720_t36.log
DROP0,8,2,2,16.004,16.004,27.004,YES,YES,YES,0.0,11.0,-11.0,/home/srmap/research/projects/v2x-multiuav-trust/results/packet_loss_robustness_DROP0_guarded_cusum_15seed/ON_seed8_x560_720_t36.log
DROP0,8,3,2,17.994,18.494,26.994,YES,YES,YES,0.5,9.0,-8.5,/home/srmap/research/projects/v2x-multiuav-trust/results/packet_loss_robustness_DROP0_guarded_cusum_15seed/ON_seed8_x560_720_t36.log
DROP0,8,4,2,,,,NO,NO,NO,,,,/home/srmap/research/projects/v2x-multiuav-trust/results/packet_loss_robustness_DROP0_guarded_cusum_15seed/ON_seed8_x560_720_t36.log
DROP0,8,6,2,14.336,14.336,25.834,YES,YES,YES,0.0,11.498,-11.498,/home/srmap/research/projects/v2x-multiuav-trust/results/packet_loss_robustness_DROP0_guarded_cusum_15seed/ON_seed8_x560_720_t36.log
DROP0,8,9,2,20.026,20.525,27.026,YES,YES,YES,0.499,7.0,-6.501,/home/srmap/research/projects/v2x-multiuav-trust/results/packet_loss_robustness_DROP0_guarded_cusum_15seed/ON_seed8_x560_720_t36.log
DROP0,9,0,2,12.184,12.184,25.684,YES,YES,YES,0.0,13.5,-13.5,/home/srmap/research/projects/v2x-multiuav-trust/results/packet_loss_robustness_DROP0_guarded_cusum_15seed/ON_seed9_x560_720_t36.log
DROP0,9,1,2,14.004,14.004,26.504,YES,YES,YES,0.0,12.5,-12.5,/home/srmap/research/projects/v2x-multiuav-trust/results/packet_loss_robustness_DROP0_guarded_cusum_15seed/ON_seed9_x560_720_t36.log
DROP0,9,2,2,16.324,16.324,26.824,YES,YES,YES,0.0,10.5,-10.5,/home/srmap/research/projects/v2x-multiuav-trust/results/packet_loss_robustness_DROP0_guarded_cusum_15seed/ON_seed9_x560_720_t36.log
DROP0,9,3,2,18.014,18.014,27.014,YES,YES,YES,0.0,9.0,-9.0,/home/srmap/research/projects/v2x-multiuav-trust/results/packet_loss_robustness_DROP0_guarded_cusum_15seed/ON_seed9_x560_720_t36.log
DROP0,9,6,2,14.275,14.275,25.776,YES,YES,YES,0.0,11.501,-11.501,/home/srmap/research/projects/v2x-multiuav-trust/results/packet_loss_robustness_DROP0_guarded_cusum_15seed/ON_seed9_x560_720_t36.log
DROP0,9,7,2,16.224,16.224,26.226,YES,YES,YES,0.0,10.002,-10.002,/home/srmap/research/projects/v2x-multiuav-trust/results/packet_loss_robustness_DROP0_guarded_cusum_15seed/ON_seed9_x560_720_t36.log
DROP0,9,9,2,20.226,20.727,26.727,YES,YES,YES,0.501,6.501,-6.0,/home/srmap/research/projects/v2x-multiuav-trust/results/packet_loss_robustness_DROP0_guarded_cusum_15seed/ON_seed9_x560_720_t36.log
DROP0,10,0,2,11.923,11.923,25.923,YES,YES,YES,0.0,14.0,-14.0,/home/srmap/research/projects/v2x-multiuav-trust/results/packet_loss_robustness_DROP0_guarded_cusum_15seed/ON_seed10_x560_720_t36.log
DROP0,10,1,2,14.084,14.084,26.584,YES,YES,YES,0.0,12.5,-12.5,/home/srmap/research/projects/v2x-multiuav-trust/results/packet_loss_robustness_DROP0_guarded_cusum_15seed/ON_seed10_x560_720_t36.log
DROP0,10,2,2,16.244,16.244,26.744,YES,YES,YES,0.0,10.5,-10.5,/home/srmap/research/projects/v2x-multiuav-trust/results/packet_loss_robustness_DROP0_guarded_cusum_15seed/ON_seed10_x560_720_t36.log
DROP0,10,3,2,17.944,17.944,27.444,YES,YES,YES,0.0,9.5,-9.5,/home/srmap/research/projects/v2x-multiuav-trust/results/packet_loss_robustness_DROP0_guarded_cusum_15seed/ON_seed10_x560_720_t36.log
DROP0,10,4,2,20.104,20.104,27.603,YES,YES,YES,0.0,7.499,-7.499,/home/srmap/research/projects/v2x-multiuav-trust/results/packet_loss_robustness_DROP0_guarded_cusum_15seed/ON_seed10_x560_720_t36.log
DROP0,10,7,2,16.346,16.846,25.846,YES,YES,YES,0.5,9.5,-9.0,/home/srmap/research/projects/v2x-multiuav-trust/results/packet_loss_robustness_DROP0_guarded_cusum_15seed/ON_seed10_x560_720_t36.log
DROP0,10,8,2,18.316,18.316,26.316,YES,YES,YES,0.0,8.0,-8.0,/home/srmap/research/projects/v2x-multiuav-trust/results/packet_loss_robustness_DROP0_guarded_cusum_15seed/ON_seed10_x560_720_t36.log
DROP0,11,0,2,,,,NO,NO,NO,,,,/home/srmap/research/projects/v2x-multiuav-trust/results/packet_loss_robustness_DROP0_guarded_cusum_15seed/ON_seed11_x560_720_t36.log
DROP0,11,1,2,14.124,14.624,26.624,YES,YES,YES,0.5,12.5,-12.0,/home/srmap/research/projects/v2x-multiuav-trust/results/packet_loss_robustness_DROP0_guarded_cusum_15seed/ON_seed11_x560_720_t36.log
DROP0,11,2,2,16.144,16.644,26.644,YES,YES,YES,0.5,10.5,-10.0,/home/srmap/research/projects/v2x-multiuav-trust/results/packet_loss_robustness_DROP0_guarded_cusum_15seed/ON_seed11_x560_720_t36.log
DROP0,11,5,2,11.896,11.896,24.399,YES,YES,YES,0.0,12.503,-12.503,/home/srmap/research/projects/v2x-multiuav-trust/results/packet_loss_robustness_DROP0_guarded_cusum_15seed/ON_seed11_x560_720_t36.log
DROP0,11,6,2,14.246,14.246,25.744,YES,YES,YES,0.0,11.498,-11.498,/home/srmap/research/projects/v2x-multiuav-trust/results/packet_loss_robustness_DROP0_guarded_cusum_15seed/ON_seed11_x560_720_t36.log
DROP0,11,7,2,16.216,16.216,26.215,YES,YES,YES,0.0,9.999,-9.999,/home/srmap/research/projects/v2x-multiuav-trust/results/packet_loss_robustness_DROP0_guarded_cusum_15seed/ON_seed11_x560_720_t36.log
DROP0,11,9,2,20.055,20.055,27.056,YES,YES,YES,0.0,7.001,-7.001,/home/srmap/research/projects/v2x-multiuav-trust/results/packet_loss_robustness_DROP0_guarded_cusum_15seed/ON_seed11_x560_720_t36.log
DROP0,12,0,2,12.244,12.244,25.747,YES,YES,YES,0.0,13.503,-13.503,/home/srmap/research/projects/v2x-multiuav-trust/results/packet_loss_robustness_DROP0_guarded_cusum_15seed/ON_seed12_x560_720_t36.log
DROP0,12,1,2,13.944,13.944,26.445,YES,YES,YES,0.0,12.501,-12.501,/home/srmap/research/projects/v2x-multiuav-trust/results/packet_loss_robustness_DROP0_guarded_cusum_15seed/ON_seed12_x560_720_t36.log
DROP0,12,2,2,16.023,16.524,27.024,YES,YES,YES,0.501,11.001,-10.5,/home/srmap/research/projects/v2x-multiuav-trust/results/packet_loss_robustness_DROP0_guarded_cusum_15seed/ON_seed12_x560_720_t36.log
DROP0,12,3,2,17.944,17.944,27.444,YES,YES,YES,0.0,9.5,-9.5,/home/srmap/research/projects/v2x-multiuav-trust/results/packet_loss_robustness_DROP0_guarded_cusum_15seed/ON_seed12_x560_720_t36.log
DROP0,12,5,2,12.035,12.536,24.537,YES,YES,YES,0.501,12.502,-12.001,/home/srmap/research/projects/v2x-multiuav-trust/results/packet_loss_robustness_DROP0_guarded_cusum_15seed/ON_seed12_x560_720_t36.log
DROP0,12,7,2,16.286,16.784,26.286,YES,YES,YES,0.498,10.0,-9.502,/home/srmap/research/projects/v2x-multiuav-trust/results/packet_loss_robustness_DROP0_guarded_cusum_15seed/ON_seed12_x560_720_t36.log
DROP0,12,9,2,20.346,20.346,26.846,YES,YES,YES,0.0,6.5,-6.5,/home/srmap/research/projects/v2x-multiuav-trust/results/packet_loss_robustness_DROP0_guarded_cusum_15seed/ON_seed12_x560_720_t36.log
DROP0,13,0,2,12.344,12.344,25.844,YES,YES,YES,0.0,13.5,-13.5,/home/srmap/research/projects/v2x-multiuav-trust/results/packet_loss_robustness_DROP0_guarded_cusum_15seed/ON_seed13_x560_720_t36.log
DROP0,13,1,2,13.944,13.944,26.444,YES,YES,YES,0.0,12.5,-12.5,/home/srmap/research/projects/v2x-multiuav-trust/results/packet_loss_robustness_DROP0_guarded_cusum_15seed/ON_seed13_x560_720_t36.log
DROP0,13,2,2,15.944,16.444,26.944,YES,YES,YES,0.5,11.0,-10.5,/home/srmap/research/projects/v2x-multiuav-trust/results/packet_loss_robustness_DROP0_guarded_cusum_15seed/ON_seed13_x560_720_t36.log
DROP0,13,3,2,18.034,18.034,27.034,YES,YES,YES,0.0,9.0,-9.0,/home/srmap/research/projects/v2x-multiuav-trust/results/packet_loss_robustness_DROP0_guarded_cusum_15seed/ON_seed13_x560_720_t36.log
DROP0,13,4,2,19.964,19.964,27.464,YES,YES,YES,0.0,7.5,-7.5,/home/srmap/research/projects/v2x-multiuav-trust/results/packet_loss_robustness_DROP0_guarded_cusum_15seed/ON_seed13_x560_720_t36.log
DROP0,13,5,2,12.266,12.266,25.266,YES,YES,YES,0.0,13.0,-13.0,/home/srmap/research/projects/v2x-multiuav-trust/results/packet_loss_robustness_DROP0_guarded_cusum_15seed/ON_seed13_x560_720_t36.log
DROP0,13,6,2,14.116,14.116,25.616,YES,YES,YES,0.0,11.5,-11.5,/home/srmap/research/projects/v2x-multiuav-trust/results/packet_loss_robustness_DROP0_guarded_cusum_15seed/ON_seed13_x560_720_t36.log
DROP0,14,0,2,12.184,12.184,25.684,YES,YES,YES,0.0,13.5,-13.5,/home/srmap/research/projects/v2x-multiuav-trust/results/packet_loss_robustness_DROP0_guarded_cusum_15seed/ON_seed14_x560_720_t36.log
DROP0,14,1,2,14.044,14.544,26.544,YES,YES,YES,0.5,12.5,-12.0,/home/srmap/research/projects/v2x-multiuav-trust/results/packet_loss_robustness_DROP0_guarded_cusum_15seed/ON_seed14_x560_720_t36.log
DROP0,14,2,2,16.354,16.854,26.854,YES,YES,YES,0.5,10.5,-10.0,/home/srmap/research/projects/v2x-multiuav-trust/results/packet_loss_robustness_DROP0_guarded_cusum_15seed/ON_seed14_x560_720_t36.log
DROP0,14,3,2,18.104,18.604,27.104,YES,YES,YES,0.5,9.0,-8.5,/home/srmap/research/projects/v2x-multiuav-trust/results/packet_loss_robustness_DROP0_guarded_cusum_15seed/ON_seed14_x560_720_t36.log
DROP0,14,4,2,19.974,20.474,27.474,YES,YES,YES,0.5,7.5,-7.0,/home/srmap/research/projects/v2x-multiuav-trust/results/packet_loss_robustness_DROP0_guarded_cusum_15seed/ON_seed14_x560_720_t36.log
DROP0,14,5,2,12.346,12.346,24.346,YES,YES,YES,0.0,12.0,-12.0,/home/srmap/research/projects/v2x-multiuav-trust/results/packet_loss_robustness_DROP0_guarded_cusum_15seed/ON_seed14_x560_720_t36.log
DROP0,14,8,2,17.987,17.987,26.486,YES,YES,YES,0.0,8.499,-8.499,/home/srmap/research/projects/v2x-multiuav-trust/results/packet_loss_robustness_DROP0_guarded_cusum_15seed/ON_seed14_x560_720_t36.log
DROP0,15,0,2,12.124,12.124,25.624,YES,YES,YES,0.0,13.5,-13.5,/home/srmap/research/projects/v2x-multiuav-trust/results/packet_loss_robustness_DROP0_guarded_cusum_15seed/ON_seed15_x560_720_t36.log
DROP0,15,1,2,14.384,14.884,26.384,YES,YES,YES,0.5,12.0,-11.5,/home/srmap/research/projects/v2x-multiuav-trust/results/packet_loss_robustness_DROP0_guarded_cusum_15seed/ON_seed15_x560_720_t36.log
DROP0,15,2,2,16.104,16.604,26.604,YES,YES,YES,0.5,10.5,-10.0,/home/srmap/research/projects/v2x-multiuav-trust/results/packet_loss_robustness_DROP0_guarded_cusum_15seed/ON_seed15_x560_720_t36.log
DROP0,15,5,2,,,,NO,NO,NO,,,,/home/srmap/research/projects/v2x-multiuav-trust/results/packet_loss_robustness_DROP0_guarded_cusum_15seed/ON_seed15_x560_720_t36.log
DROP0,15,7,2,15.986,15.986,25.986,YES,YES,YES,0.0,10.0,-10.0,/home/srmap/research/projects/v2x-multiuav-trust/results/packet_loss_robustness_DROP0_guarded_cusum_15seed/ON_seed15_x560_720_t36.log
DROP0,15,8,2,17.966,17.966,26.466,YES,YES,YES,0.0,8.5,-8.5,/home/srmap/research/projects/v2x-multiuav-trust/results/packet_loss_robustness_DROP0_guarded_cusum_15seed/ON_seed15_x560_720_t36.log
DROP0,15,9,2,20.316,20.816,26.816,YES,YES,YES,0.5,6.5,-6.0,/home/srmap/research/projects/v2x-multiuav-trust/results/packet_loss_robustness_DROP0_guarded_cusum_15seed/ON_seed15_x560_720_t36.log
DROP5,1,0,2,12.025,12.025,26.524,YES,YES,YES,0.0,14.499,-14.499,/home/srmap/research/projects/v2x-multiuav-trust/results/packet_loss_robustness_DROP5_guarded_cusum_15seed/ON_seed1_x560_720_t36.log
DROP5,1,1,2,14.884,14.884,26.384,YES,YES,YES,0.0,11.5,-11.5,/home/srmap/research/projects/v2x-multiuav-trust/results/packet_loss_robustness_DROP5_guarded_cusum_15seed/ON_seed1_x560_720_t36.log
DROP5,1,2,2,15.924,16.424,,YES,NO,NO,0.5,,,/home/srmap/research/projects/v2x-multiuav-trust/results/packet_loss_robustness_DROP5_guarded_cusum_15seed/ON_seed1_x560_720_t36.log
DROP5,1,4,2,20.004,20.004,27.504,YES,YES,YES,0.0,7.5,-7.5,/home/srmap/research/projects/v2x-multiuav-trust/results/packet_loss_robustness_DROP5_guarded_cusum_15seed/ON_seed1_x560_720_t36.log
DROP5,1,5,2,24.096,12.096,24.596,YES,YES,YES,-12.0,0.5,-12.5,/home/srmap/research/projects/v2x-multiuav-trust/results/packet_loss_robustness_DROP5_guarded_cusum_15seed/ON_seed1_x560_720_t36.log
DROP5,1,6,2,14.086,14.086,25.586,YES,YES,YES,0.0,11.5,-11.5,/home/srmap/research/projects/v2x-multiuav-trust/results/packet_loss_robustness_DROP5_guarded_cusum_15seed/ON_seed1_x560_720_t36.log
DROP5,1,7,2,16.346,16.346,25.846,YES,YES,YES,0.0,9.5,-9.5,/home/srmap/research/projects/v2x-multiuav-trust/results/packet_loss_robustness_DROP5_guarded_cusum_15seed/ON_seed1_x560_720_t36.log
DROP5,2,0,2,12.024,12.024,25.523,YES,YES,YES,0.0,13.499,-13.499,/home/srmap/research/projects/v2x-multiuav-trust/results/packet_loss_robustness_DROP5_guarded_cusum_15seed/ON_seed2_x560_720_t36.log
DROP5,2,1,2,13.975,13.975,26.474,YES,YES,YES,0.0,12.499,-12.499,/home/srmap/research/projects/v2x-multiuav-trust/results/packet_loss_robustness_DROP5_guarded_cusum_15seed/ON_seed2_x560_720_t36.log
DROP5,2,2,2,16.304,16.304,26.804,YES,YES,YES,0.0,10.5,-10.5,/home/srmap/research/projects/v2x-multiuav-trust/results/packet_loss_robustness_DROP5_guarded_cusum_15seed/ON_seed2_x560_720_t36.log
DROP5,2,3,2,18.334,18.334,27.334,YES,YES,YES,0.0,9.0,-9.0,/home/srmap/research/projects/v2x-multiuav-trust/results/packet_loss_robustness_DROP5_guarded_cusum_15seed/ON_seed2_x560_720_t36.log
DROP5,2,4,2,20.284,20.784,27.788,YES,YES,YES,0.5,7.504,-7.004,/home/srmap/research/projects/v2x-multiuav-trust/results/packet_loss_robustness_DROP5_guarded_cusum_15seed/ON_seed2_x560_720_t36.log
DROP5,2,5,2,11.916,11.916,24.416,YES,YES,YES,0.0,12.5,-12.5,/home/srmap/research/projects/v2x-multiuav-trust/results/packet_loss_robustness_DROP5_guarded_cusum_15seed/ON_seed2_x560_720_t36.log
DROP5,2,7,2,16.276,16.776,26.276,YES,YES,YES,0.5,10.0,-9.5,/home/srmap/research/projects/v2x-multiuav-trust/results/packet_loss_robustness_DROP5_guarded_cusum_15seed/ON_seed2_x560_720_t36.log
DROP5,3,0,2,12.204,12.204,25.704,YES,YES,YES,0.0,13.5,-13.5,/home/srmap/research/projects/v2x-multiuav-trust/results/packet_loss_robustness_DROP5_guarded_cusum_15seed/ON_seed3_x560_720_t36.log
DROP5,3,1,2,14.074,14.074,26.573,YES,YES,YES,0.0,12.499,-12.499,/home/srmap/research/projects/v2x-multiuav-trust/results/packet_loss_robustness_DROP5_guarded_cusum_15seed/ON_seed3_x560_720_t36.log
DROP5,3,2,2,16.304,16.304,26.804,YES,YES,YES,0.0,10.5,-10.5,/home/srmap/research/projects/v2x-multiuav-trust/results/packet_loss_robustness_DROP5_guarded_cusum_15seed/ON_seed3_x560_720_t36.log
DROP5,3,3,2,18.184,18.184,35.684,YES,YES,YES,0.0,17.5,-17.5,/home/srmap/research/projects/v2x-multiuav-trust/results/packet_loss_robustness_DROP5_guarded_cusum_15seed/ON_seed3_x560_720_t36.log
DROP5,3,4,2,26.844,20.844,27.844,YES,YES,YES,-6.0,1.0,-7.0,/home/srmap/research/projects/v2x-multiuav-trust/results/packet_loss_robustness_DROP5_guarded_cusum_15seed/ON_seed3_x560_720_t36.log
DROP5,3,8,2,18.176,18.176,26.676,YES,YES,YES,0.0,8.5,-8.5,/home/srmap/research/projects/v2x-multiuav-trust/results/packet_loss_robustness_DROP5_guarded_cusum_15seed/ON_seed3_x560_720_t36.log
DROP5,3,9,2,20.346,20.346,26.846,YES,YES,YES,0.0,6.5,-6.5,/home/srmap/research/projects/v2x-multiuav-trust/results/packet_loss_robustness_DROP5_guarded_cusum_15seed/ON_seed3_x560_720_t36.log
DROP5,4,0,2,12.234,12.234,25.734,YES,YES,YES,0.0,13.5,-13.5,/home/srmap/research/projects/v2x-multiuav-trust/results/packet_loss_robustness_DROP5_guarded_cusum_15seed/ON_seed4_x560_720_t36.log
DROP5,4,1,2,14.234,14.734,26.234,YES,YES,YES,0.5,12.0,-11.5,/home/srmap/research/projects/v2x-multiuav-trust/results/packet_loss_robustness_DROP5_guarded_cusum_15seed/ON_seed4_x560_720_t36.log
DROP5,4,2,2,16.384,16.884,,YES,NO,NO,0.5,,,/home/srmap/research/projects/v2x-multiuav-trust/results/packet_loss_robustness_DROP5_guarded_cusum_15seed/ON_seed4_x560_720_t36.log
DROP5,4,3,2,18.034,18.034,,YES,NO,NO,0.0,,,/home/srmap/research/projects/v2x-multiuav-trust/results/packet_loss_robustness_DROP5_guarded_cusum_15seed/ON_seed4_x560_720_t36.log
DROP5,4,5,2,,,,NO,NO,NO,,,,/home/srmap/research/projects/v2x-multiuav-trust/results/packet_loss_robustness_DROP5_guarded_cusum_15seed/ON_seed4_x560_720_t36.log
DROP5,4,8,2,25.506,18.006,26.506,YES,YES,YES,-7.5,1.0,-8.5,/home/srmap/research/projects/v2x-multiuav-trust/results/packet_loss_robustness_DROP5_guarded_cusum_15seed/ON_seed4_x560_720_t36.log
DROP5,4,9,2,19.996,20.496,33.996,YES,YES,YES,0.5,14.0,-13.5,/home/srmap/research/projects/v2x-multiuav-trust/results/packet_loss_robustness_DROP5_guarded_cusum_15seed/ON_seed4_x560_720_t36.log
DROP5,5,0,2,23.952,12.454,25.954,YES,YES,YES,-11.498,2.002,-13.5,/home/srmap/research/projects/v2x-multiuav-trust/results/packet_loss_robustness_DROP5_guarded_cusum_15seed/ON_seed5_x560_720_t36.log
DROP5,5,1,2,14.264,14.264,26.264,YES,YES,YES,0.0,12.0,-12.0,/home/srmap/research/projects/v2x-multiuav-trust/results/packet_loss_robustness_DROP5_guarded_cusum_15seed/ON_seed5_x560_720_t36.log
DROP5,5,2,2,16.364,16.364,26.864,YES,YES,YES,0.0,10.5,-10.5,/home/srmap/research/projects/v2x-multiuav-trust/results/packet_loss_robustness_DROP5_guarded_cusum_15seed/ON_seed5_x560_720_t36.log
DROP5,5,3,2,18.284,18.284,27.284,YES,YES,YES,0.0,9.0,-9.0,/home/srmap/research/projects/v2x-multiuav-trust/results/packet_loss_robustness_DROP5_guarded_cusum_15seed/ON_seed5_x560_720_t36.log
DROP5,5,4,2,26.834,20.334,27.834,YES,YES,YES,-6.5,1.0,-7.5,/home/srmap/research/projects/v2x-multiuav-trust/results/packet_loss_robustness_DROP5_guarded_cusum_15seed/ON_seed5_x560_720_t36.log
DROP5,5,5,2,11.996,11.996,24.496,YES,YES,YES,0.0,12.5,-12.5,/home/srmap/research/projects/v2x-multiuav-trust/results/packet_loss_robustness_DROP5_guarded_cusum_15seed/ON_seed5_x560_720_t36.log
DROP5,5,8,2,18.056,18.056,26.556,YES,YES,YES,0.0,8.5,-8.5,/home/srmap/research/projects/v2x-multiuav-trust/results/packet_loss_robustness_DROP5_guarded_cusum_15seed/ON_seed5_x560_720_t36.log
DROP5,6,0,2,12.064,12.064,25.564,YES,YES,YES,0.0,13.5,-13.5,/home/srmap/research/projects/v2x-multiuav-trust/results/packet_loss_robustness_DROP5_guarded_cusum_15seed/ON_seed6_x560_720_t36.log
DROP5,6,1,2,14.244,14.244,26.244,YES,YES,YES,0.0,12.0,-12.0,/home/srmap/research/projects/v2x-multiuav-trust/results/packet_loss_robustness_DROP5_guarded_cusum_15seed/ON_seed6_x560_720_t36.log
DROP5,6,2,2,16.354,16.354,26.854,YES,YES,YES,0.0,10.5,-10.5,/home/srmap/research/projects/v2x-multiuav-trust/results/packet_loss_robustness_DROP5_guarded_cusum_15seed/ON_seed6_x560_720_t36.log
DROP5,6,3,2,18.034,18.034,27.034,YES,YES,YES,0.0,9.0,-9.0,/home/srmap/research/projects/v2x-multiuav-trust/results/packet_loss_robustness_DROP5_guarded_cusum_15seed/ON_seed6_x560_720_t36.log
DROP5,6,4,2,20.165,20.664,27.664,YES,YES,YES,0.499,7.499,-7.0,/home/srmap/research/projects/v2x-multiuav-trust/results/packet_loss_robustness_DROP5_guarded_cusum_15seed/ON_seed6_x560_720_t36.log
DROP5,6,7,2,16.056,16.556,34.556,YES,YES,YES,0.5,18.5,-18.0,/home/srmap/research/projects/v2x-multiuav-trust/results/packet_loss_robustness_DROP5_guarded_cusum_15seed/ON_seed6_x560_720_t36.log
DROP5,6,9,2,20.326,20.326,26.826,YES,YES,YES,0.0,6.5,-6.5,/home/srmap/research/projects/v2x-multiuav-trust/results/packet_loss_robustness_DROP5_guarded_cusum_15seed/ON_seed6_x560_720_t36.log
DROP5,7,0,2,11.904,11.904,25.904,YES,YES,YES,0.0,14.0,-14.0,/home/srmap/research/projects/v2x-multiuav-trust/results/packet_loss_robustness_DROP5_guarded_cusum_15seed/ON_seed7_x560_720_t36.log
DROP5,7,1,2,14.194,14.194,26.192,YES,YES,YES,0.0,11.998,-11.998,/home/srmap/research/projects/v2x-multiuav-trust/results/packet_loss_robustness_DROP5_guarded_cusum_15seed/ON_seed7_x560_720_t36.log
DROP5,7,2,2,16.104,16.104,26.604,YES,YES,YES,0.0,10.5,-10.5,/home/srmap/research/projects/v2x-multiuav-trust/results/packet_loss_robustness_DROP5_guarded_cusum_15seed/ON_seed7_x560_720_t36.log
DROP5,7,3,2,18.344,19.344,35.844,YES,YES,YES,1.0,17.5,-16.5,/home/srmap/research/projects/v2x-multiuav-trust/results/packet_loss_robustness_DROP5_guarded_cusum_15seed/ON_seed7_x560_720_t36.log
DROP5,7,6,2,14.166,14.166,35.667,YES,YES,YES,0.0,21.501,-21.501,/home/srmap/research/projects/v2x-multiuav-trust/results/packet_loss_robustness_DROP5_guarded_cusum_15seed/ON_seed7_x560_720_t36.log
DROP5,7,7,2,24.936,17.434,25.936,YES,YES,YES,-7.502,1.0,-8.502,/home/srmap/research/projects/v2x-multiuav-trust/results/packet_loss_robustness_DROP5_guarded_cusum_15seed/ON_seed7_x560_720_t36.log
DROP5,7,9,2,20.046,20.546,27.046,YES,YES,YES,0.5,7.0,-6.5,/home/srmap/research/projects/v2x-multiuav-trust/results/packet_loss_robustness_DROP5_guarded_cusum_15seed/ON_seed7_x560_720_t36.log
DROP5,8,0,2,12.103,12.103,25.604,YES,YES,YES,0.0,13.501,-13.501,/home/srmap/research/projects/v2x-multiuav-trust/results/packet_loss_robustness_DROP5_guarded_cusum_15seed/ON_seed8_x560_720_t36.log
DROP5,8,1,2,14.074,14.074,26.573,YES,YES,YES,0.0,12.499,-12.499,/home/srmap/research/projects/v2x-multiuav-trust/results/packet_loss_robustness_DROP5_guarded_cusum_15seed/ON_seed8_x560_720_t36.log
DROP5,8,2,2,16.004,16.004,27.004,YES,YES,YES,0.0,11.0,-11.0,/home/srmap/research/projects/v2x-multiuav-trust/results/packet_loss_robustness_DROP5_guarded_cusum_15seed/ON_seed8_x560_720_t36.log
DROP5,8,3,2,17.994,18.494,35.494,YES,YES,YES,0.5,17.5,-17.0,/home/srmap/research/projects/v2x-multiuav-trust/results/packet_loss_robustness_DROP5_guarded_cusum_15seed/ON_seed8_x560_720_t36.log
DROP5,8,4,2,,,,NO,NO,NO,,,,/home/srmap/research/projects/v2x-multiuav-trust/results/packet_loss_robustness_DROP5_guarded_cusum_15seed/ON_seed8_x560_720_t36.log
DROP5,8,6,2,14.336,14.336,,YES,NO,NO,0.0,,,/home/srmap/research/projects/v2x-multiuav-trust/results/packet_loss_robustness_DROP5_guarded_cusum_15seed/ON_seed8_x560_720_t36.log
DROP5,8,9,2,20.026,20.026,27.029,YES,YES,YES,0.0,7.003,-7.003,/home/srmap/research/projects/v2x-multiuav-trust/results/packet_loss_robustness_DROP5_guarded_cusum_15seed/ON_seed8_x560_720_t36.log
DROP5,9,0,2,12.184,12.184,25.684,YES,YES,YES,0.0,13.5,-13.5,/home/srmap/research/projects/v2x-multiuav-trust/results/packet_loss_robustness_DROP5_guarded_cusum_15seed/ON_seed9_x560_720_t36.log
DROP5,9,1,2,14.004,14.004,27.004,YES,YES,YES,0.0,13.0,-13.0,/home/srmap/research/projects/v2x-multiuav-trust/results/packet_loss_robustness_DROP5_guarded_cusum_15seed/ON_seed9_x560_720_t36.log
DROP5,9,2,2,16.324,16.324,26.824,YES,YES,YES,0.0,10.5,-10.5,/home/srmap/research/projects/v2x-multiuav-trust/results/packet_loss_robustness_DROP5_guarded_cusum_15seed/ON_seed9_x560_720_t36.log
DROP5,9,3,2,18.014,18.014,27.014,YES,YES,YES,0.0,9.0,-9.0,/home/srmap/research/projects/v2x-multiuav-trust/results/packet_loss_robustness_DROP5_guarded_cusum_15seed/ON_seed9_x560_720_t36.log
DROP5,9,6,2,24.776,14.275,25.776,YES,YES,YES,-10.501,1.0,-11.501,/home/srmap/research/projects/v2x-multiuav-trust/results/packet_loss_robustness_DROP5_guarded_cusum_15seed/ON_seed9_x560_720_t36.log
DROP5,9,7,2,16.224,16.224,26.226,YES,YES,YES,0.0,10.002,-10.002,/home/srmap/research/projects/v2x-multiuav-trust/results/packet_loss_robustness_DROP5_guarded_cusum_15seed/ON_seed9_x560_720_t36.log
DROP5,9,9,2,20.226,20.727,26.729,YES,YES,YES,0.501,6.503,-6.002,/home/srmap/research/projects/v2x-multiuav-trust/results/packet_loss_robustness_DROP5_guarded_cusum_15seed/ON_seed9_x560_720_t36.log
DROP5,10,0,2,11.923,11.923,25.926,YES,YES,YES,0.0,14.003,-14.003,/home/srmap/research/projects/v2x-multiuav-trust/results/packet_loss_robustness_DROP5_guarded_cusum_15seed/ON_seed10_x560_720_t36.log
DROP5,10,1,2,14.084,15.082,26.584,YES,YES,YES,0.998,12.5,-11.502,/home/srmap/research/projects/v2x-multiuav-trust/results/packet_loss_robustness_DROP5_guarded_cusum_15seed/ON_seed10_x560_720_t36.log
DROP5,10,2,2,16.244,16.244,26.744,YES,YES,YES,0.0,10.5,-10.5,/home/srmap/research/projects/v2x-multiuav-trust/results/packet_loss_robustness_DROP5_guarded_cusum_15seed/ON_seed10_x560_720_t36.log
DROP5,10,3,2,17.944,17.944,35.944,YES,YES,YES,0.0,18.0,-18.0,/home/srmap/research/projects/v2x-multiuav-trust/results/packet_loss_robustness_DROP5_guarded_cusum_15seed/ON_seed10_x560_720_t36.log
DROP5,10,4,2,20.104,20.604,27.603,YES,YES,YES,0.5,7.499,-6.999,/home/srmap/research/projects/v2x-multiuav-trust/results/packet_loss_robustness_DROP5_guarded_cusum_15seed/ON_seed10_x560_720_t36.log
DROP5,10,7,2,16.346,16.846,25.846,YES,YES,YES,0.5,9.5,-9.0,/home/srmap/research/projects/v2x-multiuav-trust/results/packet_loss_robustness_DROP5_guarded_cusum_15seed/ON_seed10_x560_720_t36.log
DROP5,10,8,2,18.316,18.316,26.316,YES,YES,YES,0.0,8.0,-8.0,/home/srmap/research/projects/v2x-multiuav-trust/results/packet_loss_robustness_DROP5_guarded_cusum_15seed/ON_seed10_x560_720_t36.log
DROP5,11,0,2,,,,NO,NO,NO,,,,/home/srmap/research/projects/v2x-multiuav-trust/results/packet_loss_robustness_DROP5_guarded_cusum_15seed/ON_seed11_x560_720_t36.log
DROP5,11,1,2,14.124,14.124,26.624,YES,YES,YES,0.0,12.5,-12.5,/home/srmap/research/projects/v2x-multiuav-trust/results/packet_loss_robustness_DROP5_guarded_cusum_15seed/ON_seed11_x560_720_t36.log
DROP5,11,2,2,16.144,16.144,27.144,YES,YES,YES,0.0,11.0,-11.0,/home/srmap/research/projects/v2x-multiuav-trust/results/packet_loss_robustness_DROP5_guarded_cusum_15seed/ON_seed11_x560_720_t36.log
DROP5,11,5,2,23.896,12.394,24.399,YES,YES,YES,-11.502,0.503,-12.005,/home/srmap/research/projects/v2x-multiuav-trust/results/packet_loss_robustness_DROP5_guarded_cusum_15seed/ON_seed11_x560_720_t36.log
DROP5,11,6,2,14.246,14.246,25.744,YES,YES,YES,0.0,11.498,-11.498,/home/srmap/research/projects/v2x-multiuav-trust/results/packet_loss_robustness_DROP5_guarded_cusum_15seed/ON_seed11_x560_720_t36.log
DROP5,11,7,2,16.216,16.216,26.215,YES,YES,YES,0.0,9.999,-9.999,/home/srmap/research/projects/v2x-multiuav-trust/results/packet_loss_robustness_DROP5_guarded_cusum_15seed/ON_seed11_x560_720_t36.log
DROP5,11,9,2,20.055,20.055,,YES,NO,NO,0.0,,,/home/srmap/research/projects/v2x-multiuav-trust/results/packet_loss_robustness_DROP5_guarded_cusum_15seed/ON_seed11_x560_720_t36.log
DROP5,12,0,2,12.244,12.244,25.744,YES,YES,YES,0.0,13.5,-13.5,/home/srmap/research/projects/v2x-multiuav-trust/results/packet_loss_robustness_DROP5_guarded_cusum_15seed/ON_seed12_x560_720_t36.log
DROP5,12,1,2,25.445,14.445,26.445,YES,YES,YES,-11.0,1.0,-12.0,/home/srmap/research/projects/v2x-multiuav-trust/results/packet_loss_robustness_DROP5_guarded_cusum_15seed/ON_seed12_x560_720_t36.log
DROP5,12,2,2,16.023,16.023,,YES,NO,NO,0.0,,,/home/srmap/research/projects/v2x-multiuav-trust/results/packet_loss_robustness_DROP5_guarded_cusum_15seed/ON_seed12_x560_720_t36.log
DROP5,12,3,2,17.944,17.944,27.444,YES,YES,YES,0.0,9.5,-9.5,/home/srmap/research/projects/v2x-multiuav-trust/results/packet_loss_robustness_DROP5_guarded_cusum_15seed/ON_seed12_x560_720_t36.log
DROP5,12,5,2,12.035,12.035,24.537,YES,YES,YES,0.0,12.502,-12.502,/home/srmap/research/projects/v2x-multiuav-trust/results/packet_loss_robustness_DROP5_guarded_cusum_15seed/ON_seed12_x560_720_t36.log
DROP5,12,7,2,16.286,16.286,26.286,YES,YES,YES,0.0,10.0,-10.0,/home/srmap/research/projects/v2x-multiuav-trust/results/packet_loss_robustness_DROP5_guarded_cusum_15seed/ON_seed12_x560_720_t36.log
DROP5,12,9,2,20.346,20.846,26.846,YES,YES,YES,0.5,6.5,-6.0,/home/srmap/research/projects/v2x-multiuav-trust/results/packet_loss_robustness_DROP5_guarded_cusum_15seed/ON_seed12_x560_720_t36.log
DROP5,13,0,2,12.344,12.344,27.344,YES,YES,YES,0.0,15.0,-15.0,/home/srmap/research/projects/v2x-multiuav-trust/results/packet_loss_robustness_DROP5_guarded_cusum_15seed/ON_seed13_x560_720_t36.log
DROP5,13,1,2,13.944,13.944,26.444,YES,YES,YES,0.0,12.5,-12.5,/home/srmap/research/projects/v2x-multiuav-trust/results/packet_loss_robustness_DROP5_guarded_cusum_15seed/ON_seed13_x560_720_t36.log
DROP5,13,2,2,15.944,15.944,26.944,YES,YES,YES,0.0,11.0,-11.0,/home/srmap/research/projects/v2x-multiuav-trust/results/packet_loss_robustness_DROP5_guarded_cusum_15seed/ON_seed13_x560_720_t36.log
DROP5,13,3,2,18.034,18.034,27.034,YES,YES,YES,0.0,9.0,-9.0,/home/srmap/research/projects/v2x-multiuav-trust/results/packet_loss_robustness_DROP5_guarded_cusum_15seed/ON_seed13_x560_720_t36.log
DROP5,13,4,2,19.964,19.964,27.467,YES,YES,YES,0.0,7.503,-7.503,/home/srmap/research/projects/v2x-multiuav-trust/results/packet_loss_robustness_DROP5_guarded_cusum_15seed/ON_seed13_x560_720_t36.log
DROP5,13,5,2,12.266,12.266,25.266,YES,YES,YES,0.0,13.0,-13.0,/home/srmap/research/projects/v2x-multiuav-trust/results/packet_loss_robustness_DROP5_guarded_cusum_15seed/ON_seed13_x560_720_t36.log
DROP5,13,6,2,14.116,14.116,25.616,YES,YES,YES,0.0,11.5,-11.5,/home/srmap/research/projects/v2x-multiuav-trust/results/packet_loss_robustness_DROP5_guarded_cusum_15seed/ON_seed13_x560_720_t36.log
DROP5,14,0,2,12.184,12.184,25.682,YES,YES,YES,0.0,13.498,-13.498,/home/srmap/research/projects/v2x-multiuav-trust/results/packet_loss_robustness_DROP5_guarded_cusum_15seed/ON_seed14_x560_720_t36.log
DROP5,14,1,2,14.044,14.044,26.544,YES,YES,YES,0.0,12.5,-12.5,/home/srmap/research/projects/v2x-multiuav-trust/results/packet_loss_robustness_DROP5_guarded_cusum_15seed/ON_seed14_x560_720_t36.log
DROP5,14,2,2,16.354,16.354,26.854,YES,YES,YES,0.0,10.5,-10.5,/home/srmap/research/projects/v2x-multiuav-trust/results/packet_loss_robustness_DROP5_guarded_cusum_15seed/ON_seed14_x560_720_t36.log
DROP5,14,3,2,26.103,19.104,,YES,NO,NO,-6.999,,,/home/srmap/research/projects/v2x-multiuav-trust/results/packet_loss_robustness_DROP5_guarded_cusum_15seed/ON_seed14_x560_720_t36.log
DROP5,14,4,2,19.974,20.474,27.474,YES,YES,YES,0.5,7.5,-7.0,/home/srmap/research/projects/v2x-multiuav-trust/results/packet_loss_robustness_DROP5_guarded_cusum_15seed/ON_seed14_x560_720_t36.log
DROP5,14,5,2,12.346,12.346,24.346,YES,YES,YES,0.0,12.0,-12.0,/home/srmap/research/projects/v2x-multiuav-trust/results/packet_loss_robustness_DROP5_guarded_cusum_15seed/ON_seed14_x560_720_t36.log
DROP5,14,8,2,17.987,17.987,26.486,YES,YES,YES,0.0,8.499,-8.499,/home/srmap/research/projects/v2x-multiuav-trust/results/packet_loss_robustness_DROP5_guarded_cusum_15seed/ON_seed14_x560_720_t36.log
DROP5,15,0,2,12.124,12.124,25.627,YES,YES,YES,0.0,13.503,-13.503,/home/srmap/research/projects/v2x-multiuav-trust/results/packet_loss_robustness_DROP5_guarded_cusum_15seed/ON_seed15_x560_720_t36.log
DROP5,15,1,2,14.384,14.384,26.384,YES,YES,YES,0.0,12.0,-12.0,/home/srmap/research/projects/v2x-multiuav-trust/results/packet_loss_robustness_DROP5_guarded_cusum_15seed/ON_seed15_x560_720_t36.log
DROP5,15,2,2,16.104,16.604,26.604,YES,YES,YES,0.5,10.5,-10.0,/home/srmap/research/projects/v2x-multiuav-trust/results/packet_loss_robustness_DROP5_guarded_cusum_15seed/ON_seed15_x560_720_t36.log
DROP5,15,5,2,,,,NO,NO,NO,,,,/home/srmap/research/projects/v2x-multiuav-trust/results/packet_loss_robustness_DROP5_guarded_cusum_15seed/ON_seed15_x560_720_t36.log
DROP5,15,7,2,15.986,16.486,25.986,YES,YES,YES,0.5,10.0,-9.5,/home/srmap/research/projects/v2x-multiuav-trust/results/packet_loss_robustness_DROP5_guarded_cusum_15seed/ON_seed15_x560_720_t36.log
DROP5,15,8,2,16.466,17.966,17.966,YES,YES,YES,1.5,1.5,0.0,/home/srmap/research/projects/v2x-multiuav-trust/results/packet_loss_robustness_DROP5_guarded_cusum_15seed/ON_seed15_x560_720_t36.log
DROP5,15,9,2,20.316,20.316,33.816,YES,YES,YES,0.0,13.5,-13.5,/home/srmap/research/projects/v2x-multiuav-trust/results/packet_loss_robustness_DROP5_guarded_cusum_15seed/ON_seed15_x560_720_t36.log
DROP10,1,0,2,12.025,12.025,,YES,NO,NO,0.0,,,/home/srmap/research/projects/v2x-multiuav-trust/results/packet_loss_robustness_DROP10_guarded_cusum_15seed/ON_seed1_x560_720_t36.log
DROP10,1,1,2,14.384,14.884,26.384,YES,YES,YES,0.5,12.0,-11.5,/home/srmap/research/projects/v2x-multiuav-trust/results/packet_loss_robustness_DROP10_guarded_cusum_15seed/ON_seed1_x560_720_t36.log
DROP10,1,2,2,15.924,15.924,26.924,YES,YES,YES,0.0,11.0,-11.0,/home/srmap/research/projects/v2x-multiuav-trust/results/packet_loss_robustness_DROP10_guarded_cusum_15seed/ON_seed1_x560_720_t36.log
DROP10,1,4,2,20.004,20.004,35.504,YES,YES,YES,0.0,15.5,-15.5,/home/srmap/research/projects/v2x-multiuav-trust/results/packet_loss_robustness_DROP10_guarded_cusum_15seed/ON_seed1_x560_720_t36.log
DROP10,1,5,2,24.096,12.595,25.596,YES,YES,YES,-11.501,1.5,-13.001,/home/srmap/research/projects/v2x-multiuav-trust/results/packet_loss_robustness_DROP10_guarded_cusum_15seed/ON_seed1_x560_720_t36.log
DROP10,1,6,2,14.086,14.086,35.586,YES,YES,YES,0.0,21.5,-21.5,/home/srmap/research/projects/v2x-multiuav-trust/results/packet_loss_robustness_DROP10_guarded_cusum_15seed/ON_seed1_x560_720_t36.log
DROP10,1,7,2,8.346,16.346,,YES,NO,NO,8.0,,,/home/srmap/research/projects/v2x-multiuav-trust/results/packet_loss_robustness_DROP10_guarded_cusum_15seed/ON_seed1_x560_720_t36.log
DROP10,2,0,2,12.024,12.024,25.524,YES,YES,YES,0.0,13.5,-13.5,/home/srmap/research/projects/v2x-multiuav-trust/results/packet_loss_robustness_DROP10_guarded_cusum_15seed/ON_seed2_x560_720_t36.log
DROP10,2,1,2,13.975,13.975,26.474,YES,YES,YES,0.0,12.499,-12.499,/home/srmap/research/projects/v2x-multiuav-trust/results/packet_loss_robustness_DROP10_guarded_cusum_15seed/ON_seed2_x560_720_t36.log
DROP10,2,2,2,26.804,16.304,,YES,NO,NO,-10.5,,,/home/srmap/research/projects/v2x-multiuav-trust/results/packet_loss_robustness_DROP10_guarded_cusum_15seed/ON_seed2_x560_720_t36.log
DROP10,2,3,2,18.334,18.334,27.334,YES,YES,YES,0.0,9.0,-9.0,/home/srmap/research/projects/v2x-multiuav-trust/results/packet_loss_robustness_DROP10_guarded_cusum_15seed/ON_seed2_x560_720_t36.log
DROP10,2,4,2,20.284,20.284,34.284,YES,YES,YES,0.0,14.0,-14.0,/home/srmap/research/projects/v2x-multiuav-trust/results/packet_loss_robustness_DROP10_guarded_cusum_15seed/ON_seed2_x560_720_t36.log
DROP10,2,5,2,11.916,11.916,24.416,YES,YES,YES,0.0,12.5,-12.5,/home/srmap/research/projects/v2x-multiuav-trust/results/packet_loss_robustness_DROP10_guarded_cusum_15seed/ON_seed2_x560_720_t36.log
DROP10,2,7,2,16.276,16.276,26.276,YES,YES,YES,0.0,10.0,-10.0,/home/srmap/research/projects/v2x-multiuav-trust/results/packet_loss_robustness_DROP10_guarded_cusum_15seed/ON_seed2_x560_720_t36.log
DROP10,3,0,2,12.204,12.204,25.704,YES,YES,YES,0.0,13.5,-13.5,/home/srmap/research/projects/v2x-multiuav-trust/results/packet_loss_robustness_DROP10_guarded_cusum_15seed/ON_seed3_x560_720_t36.log
DROP10,3,1,2,25.574,15.074,26.573,YES,YES,YES,-10.5,0.999,-11.499,/home/srmap/research/projects/v2x-multiuav-trust/results/packet_loss_robustness_DROP10_guarded_cusum_15seed/ON_seed3_x560_720_t36.log
DROP10,3,2,2,16.304,16.804,26.804,YES,YES,YES,0.5,10.5,-10.0,/home/srmap/research/projects/v2x-multiuav-trust/results/packet_loss_robustness_DROP10_guarded_cusum_15seed/ON_seed3_x560_720_t36.log
DROP10,3,3,2,18.184,18.184,27.184,YES,YES,YES,0.0,9.0,-9.0,/home/srmap/research/projects/v2x-multiuav-trust/results/packet_loss_robustness_DROP10_guarded_cusum_15seed/ON_seed3_x560_720_t36.log
DROP10,3,4,2,20.344,20.344,35.844,YES,YES,YES,0.0,15.5,-15.5,/home/srmap/research/projects/v2x-multiuav-trust/results/packet_loss_robustness_DROP10_guarded_cusum_15seed/ON_seed3_x560_720_t36.log
DROP10,3,8,2,18.176,18.676,26.676,YES,YES,YES,0.5,8.5,-8.0,/home/srmap/research/projects/v2x-multiuav-trust/results/packet_loss_robustness_DROP10_guarded_cusum_15seed/ON_seed3_x560_720_t36.log
DROP10,3,9,2,20.346,20.346,26.846,YES,YES,YES,0.0,6.5,-6.5,/home/srmap/research/projects/v2x-multiuav-trust/results/packet_loss_robustness_DROP10_guarded_cusum_15seed/ON_seed3_x560_720_t36.log
DROP10,4,0,2,9.234,12.234,25.734,YES,YES,YES,3.0,16.5,-13.5,/home/srmap/research/projects/v2x-multiuav-trust/results/packet_loss_robustness_DROP10_guarded_cusum_15seed/ON_seed4_x560_720_t36.log
DROP10,4,1,2,14.234,14.734,26.234,YES,YES,YES,0.5,12.0,-11.5,/home/srmap/research/projects/v2x-multiuav-trust/results/packet_loss_robustness_DROP10_guarded_cusum_15seed/ON_seed4_x560_720_t36.log
DROP10,4,2,2,16.384,16.884,26.884,YES,YES,YES,0.5,10.5,-10.0,/home/srmap/research/projects/v2x-multiuav-trust/results/packet_loss_robustness_DROP10_guarded_cusum_15seed/ON_seed4_x560_720_t36.log
DROP10,4,3,2,26.034,18.534,27.034,YES,YES,YES,-7.5,1.0,-8.5,/home/srmap/research/projects/v2x-multiuav-trust/results/packet_loss_robustness_DROP10_guarded_cusum_15seed/ON_seed4_x560_720_t36.log
DROP10,4,5,2,,,,NO,NO,NO,,,,/home/srmap/research/projects/v2x-multiuav-trust/results/packet_loss_robustness_DROP10_guarded_cusum_15seed/ON_seed4_x560_720_t36.log
DROP10,4,8,2,18.006,18.006,35.006,YES,YES,YES,0.0,17.0,-17.0,/home/srmap/research/projects/v2x-multiuav-trust/results/packet_loss_robustness_DROP10_guarded_cusum_15seed/ON_seed4_x560_720_t36.log
DROP10,4,9,2,25.996,20.496,26.996,YES,YES,YES,-5.5,1.0,-6.5,/home/srmap/research/projects/v2x-multiuav-trust/results/packet_loss_robustness_DROP10_guarded_cusum_15seed/ON_seed4_x560_720_t36.log
DROP10,5,0,2,23.952,12.454,,YES,NO,NO,-11.498,,,/home/srmap/research/projects/v2x-multiuav-trust/results/packet_loss_robustness_DROP10_guarded_cusum_15seed/ON_seed5_x560_720_t36.log
DROP10,5,1,2,14.264,14.264,26.264,YES,YES,YES,0.0,12.0,-12.0,/home/srmap/research/projects/v2x-multiuav-trust/results/packet_loss_robustness_DROP10_guarded_cusum_15seed/ON_seed5_x560_720_t36.log
DROP10,5,2,2,17.364,17.864,,YES,NO,NO,0.5,,,/home/srmap/research/projects/v2x-multiuav-trust/results/packet_loss_robustness_DROP10_guarded_cusum_15seed/ON_seed5_x560_720_t36.log
DROP10,5,3,2,18.284,18.784,27.284,YES,YES,YES,0.5,9.0,-8.5,/home/srmap/research/projects/v2x-multiuav-trust/results/packet_loss_robustness_DROP10_guarded_cusum_15seed/ON_seed5_x560_720_t36.log
DROP10,5,4,2,20.334,20.334,27.834,YES,YES,YES,0.0,7.5,-7.5,/home/srmap/research/projects/v2x-multiuav-trust/results/packet_loss_robustness_DROP10_guarded_cusum_15seed/ON_seed5_x560_720_t36.log
DROP10,5,5,2,11.996,11.996,24.496,YES,YES,YES,0.0,12.5,-12.5,/home/srmap/research/projects/v2x-multiuav-trust/results/packet_loss_robustness_DROP10_guarded_cusum_15seed/ON_seed5_x560_720_t36.log
DROP10,5,8,2,18.056,18.056,26.556,YES,YES,YES,0.0,8.5,-8.5,/home/srmap/research/projects/v2x-multiuav-trust/results/packet_loss_robustness_DROP10_guarded_cusum_15seed/ON_seed5_x560_720_t36.log
DROP10,6,0,2,5.064,12.064,25.564,YES,YES,YES,7.0,20.5,-13.5,/home/srmap/research/projects/v2x-multiuav-trust/results/packet_loss_robustness_DROP10_guarded_cusum_15seed/ON_seed6_x560_720_t36.log
DROP10,6,1,2,14.244,14.244,26.244,YES,YES,YES,0.0,12.0,-12.0,/home/srmap/research/projects/v2x-multiuav-trust/results/packet_loss_robustness_DROP10_guarded_cusum_15seed/ON_seed6_x560_720_t36.log
DROP10,6,2,2,16.354,16.354,,YES,NO,NO,0.0,,,/home/srmap/research/projects/v2x-multiuav-trust/results/packet_loss_robustness_DROP10_guarded_cusum_15seed/ON_seed6_x560_720_t36.log
DROP10,6,3,2,18.034,18.034,27.034,YES,YES,YES,0.0,9.0,-9.0,/home/srmap/research/projects/v2x-multiuav-trust/results/packet_loss_robustness_DROP10_guarded_cusum_15seed/ON_seed6_x560_720_t36.log
DROP10,6,4,2,20.165,20.165,27.664,YES,YES,YES,0.0,7.499,-7.499,/home/srmap/research/projects/v2x-multiuav-trust/results/packet_loss_robustness_DROP10_guarded_cusum_15seed/ON_seed6_x560_720_t36.log
DROP10,6,7,2,16.056,16.556,26.056,YES,YES,YES,0.5,10.0,-9.5,/home/srmap/research/projects/v2x-multiuav-trust/results/packet_loss_robustness_DROP10_guarded_cusum_15seed/ON_seed6_x560_720_t36.log
DROP10,6,9,2,20.326,20.326,34.326,YES,YES,YES,0.0,14.0,-14.0,/home/srmap/research/projects/v2x-multiuav-trust/results/packet_loss_robustness_DROP10_guarded_cusum_15seed/ON_seed6_x560_720_t36.log
DROP10,7,0,2,11.904,11.904,25.904,YES,YES,YES,0.0,14.0,-14.0,/home/srmap/research/projects/v2x-multiuav-trust/results/packet_loss_robustness_DROP10_guarded_cusum_15seed/ON_seed7_x560_720_t36.log
DROP10,7,1,2,14.194,14.694,26.192,YES,YES,YES,0.5,11.998,-11.498,/home/srmap/research/projects/v2x-multiuav-trust/results/packet_loss_robustness_DROP10_guarded_cusum_15seed/ON_seed7_x560_720_t36.log
DROP10,7,2,2,16.104,16.104,,YES,NO,NO,0.0,,,/home/srmap/research/projects/v2x-multiuav-trust/results/packet_loss_robustness_DROP10_guarded_cusum_15seed/ON_seed7_x560_720_t36.log
DROP10,7,3,2,18.344,18.344,27.344,YES,YES,YES,0.0,9.0,-9.0,/home/srmap/research/projects/v2x-multiuav-trust/results/packet_loss_robustness_DROP10_guarded_cusum_15seed/ON_seed7_x560_720_t36.log
DROP10,7,6,2,14.166,14.166,35.667,YES,YES,YES,0.0,21.501,-21.501,/home/srmap/research/projects/v2x-multiuav-trust/results/packet_loss_robustness_DROP10_guarded_cusum_15seed/ON_seed7_x560_720_t36.log
DROP10,7,7,2,11.936,16.436,35.939,YES,YES,YES,4.5,24.003,-19.503,/home/srmap/research/projects/v2x-multiuav-trust/results/packet_loss_robustness_DROP10_guarded_cusum_15seed/ON_seed7_x560_720_t36.log
DROP10,7,9,2,20.046,20.046,34.546,YES,YES,YES,0.0,14.5,-14.5,/home/srmap/research/projects/v2x-multiuav-trust/results/packet_loss_robustness_DROP10_guarded_cusum_15seed/ON_seed7_x560_720_t36.log
DROP10,8,0,2,24.104,12.604,25.604,YES,YES,YES,-11.5,1.5,-13.0,/home/srmap/research/projects/v2x-multiuav-trust/results/packet_loss_robustness_DROP10_guarded_cusum_15seed/ON_seed8_x560_720_t36.log
DROP10,8,1,2,26.573,14.574,27.074,YES,YES,YES,-11.999,0.501,-12.5,/home/srmap/research/projects/v2x-multiuav-trust/results/packet_loss_robustness_DROP10_guarded_cusum_15seed/ON_seed8_x560_720_t36.log
DROP10,8,2,2,26.004,16.004,27.004,YES,YES,YES,-10.0,1.0,-11.0,/home/srmap/research/projects/v2x-multiuav-trust/results/packet_loss_robustness_DROP10_guarded_cusum_15seed/ON_seed8_x560_720_t36.log
DROP10,8,3,2,17.994,18.494,26.994,YES,YES,YES,0.5,9.0,-8.5,/home/srmap/research/projects/v2x-multiuav-trust/results/packet_loss_robustness_DROP10_guarded_cusum_15seed/ON_seed8_x560_720_t36.log
DROP10,8,4,2,,,,NO,NO,NO,,,,/home/srmap/research/projects/v2x-multiuav-trust/results/packet_loss_robustness_DROP10_guarded_cusum_15seed/ON_seed8_x560_720_t36.log
DROP10,8,6,2,14.336,14.336,35.836,YES,YES,YES,0.0,21.5,-21.5,/home/srmap/research/projects/v2x-multiuav-trust/results/packet_loss_robustness_DROP10_guarded_cusum_15seed/ON_seed8_x560_720_t36.log
DROP10,8,9,2,20.026,20.026,27.026,YES,YES,YES,0.0,7.0,-7.0,/home/srmap/research/projects/v2x-multiuav-trust/results/packet_loss_robustness_DROP10_guarded_cusum_15seed/ON_seed8_x560_720_t36.log
DROP10,9,0,2,12.184,12.184,25.684,YES,YES,YES,0.0,13.5,-13.5,/home/srmap/research/projects/v2x-multiuav-trust/results/packet_loss_robustness_DROP10_guarded_cusum_15seed/ON_seed9_x560_720_t36.log
DROP10,9,1,2,25.504,14.504,26.504,YES,YES,YES,-11.0,1.0,-12.0,/home/srmap/research/projects/v2x-multiuav-trust/results/packet_loss_robustness_DROP10_guarded_cusum_15seed/ON_seed9_x560_720_t36.log
DROP10,9,2,2,16.324,16.324,,YES,NO,NO,0.0,,,/home/srmap/research/projects/v2x-multiuav-trust/results/packet_loss_robustness_DROP10_guarded_cusum_15seed/ON_seed9_x560_720_t36.log
DROP10,9,3,2,26.013,18.514,27.014,YES,YES,YES,-7.499,1.001,-8.5,/home/srmap/research/projects/v2x-multiuav-trust/results/packet_loss_robustness_DROP10_guarded_cusum_15seed/ON_seed9_x560_720_t36.log
DROP10,9,6,2,24.776,14.776,25.776,YES,YES,YES,-10.0,1.0,-11.0,/home/srmap/research/projects/v2x-multiuav-trust/results/packet_loss_robustness_DROP10_guarded_cusum_15seed/ON_seed9_x560_720_t36.log
DROP10,9,7,2,16.224,16.224,26.226,YES,YES,YES,0.0,10.002,-10.002,/home/srmap/research/projects/v2x-multiuav-trust/results/packet_loss_robustness_DROP10_guarded_cusum_15seed/ON_seed9_x560_720_t36.log
DROP10,9,9,2,20.226,20.226,26.727,YES,YES,YES,0.0,6.501,-6.501,/home/srmap/research/projects/v2x-multiuav-trust/results/packet_loss_robustness_DROP10_guarded_cusum_15seed/ON_seed9_x560_720_t36.log
DROP10,10,0,2,11.923,11.923,25.923,YES,YES,YES,0.0,14.0,-14.0,/home/srmap/research/projects/v2x-multiuav-trust/results/packet_loss_robustness_DROP10_guarded_cusum_15seed/ON_seed10_x560_720_t36.log
DROP10,10,1,2,14.084,14.084,26.584,YES,YES,YES,0.0,12.5,-12.5,/home/srmap/research/projects/v2x-multiuav-trust/results/packet_loss_robustness_DROP10_guarded_cusum_15seed/ON_seed10_x560_720_t36.log
DROP10,10,2,2,26.744,16.244,,YES,NO,NO,-10.5,,,/home/srmap/research/projects/v2x-multiuav-trust/results/packet_loss_robustness_DROP10_guarded_cusum_15seed/ON_seed10_x560_720_t36.log
DROP10,10,3,2,17.944,18.944,35.944,YES,YES,YES,1.0,18.0,-17.0,/home/srmap/research/projects/v2x-multiuav-trust/results/packet_loss_robustness_DROP10_guarded_cusum_15seed/ON_seed10_x560_720_t36.log
DROP10,10,4,2,20.104,21.104,27.603,YES,YES,YES,1.0,7.499,-6.499,/home/srmap/research/projects/v2x-multiuav-trust/results/packet_loss_robustness_DROP10_guarded_cusum_15seed/ON_seed10_x560_720_t36.log
DROP10,10,7,2,16.346,16.346,26.346,YES,YES,YES,0.0,10.0,-10.0,/home/srmap/research/projects/v2x-multiuav-trust/results/packet_loss_robustness_DROP10_guarded_cusum_15seed/ON_seed10_x560_720_t36.log
DROP10,10,8,2,18.316,18.816,26.316,YES,YES,YES,0.5,8.0,-7.5,/home/srmap/research/projects/v2x-multiuav-trust/results/packet_loss_robustness_DROP10_guarded_cusum_15seed/ON_seed10_x560_720_t36.log
DROP10,11,0,2,,,,NO,NO,NO,,,,/home/srmap/research/projects/v2x-multiuav-trust/results/packet_loss_robustness_DROP10_guarded_cusum_15seed/ON_seed11_x560_720_t36.log
DROP10,11,1,2,14.124,14.624,26.624,YES,YES,YES,0.5,12.5,-12.0,/home/srmap/research/projects/v2x-multiuav-trust/results/packet_loss_robustness_DROP10_guarded_cusum_15seed/ON_seed11_x560_720_t36.log
DROP10,11,2,2,16.144,16.144,26.644,YES,YES,YES,0.0,10.5,-10.5,/home/srmap/research/projects/v2x-multiuav-trust/results/packet_loss_robustness_DROP10_guarded_cusum_15seed/ON_seed11_x560_720_t36.log
DROP10,11,5,2,11.896,11.896,24.396,YES,YES,YES,0.0,12.5,-12.5,/home/srmap/research/projects/v2x-multiuav-trust/results/packet_loss_robustness_DROP10_guarded_cusum_15seed/ON_seed11_x560_720_t36.log
DROP10,11,6,2,14.246,14.246,25.744,YES,YES,YES,0.0,11.498,-11.498,/home/srmap/research/projects/v2x-multiuav-trust/results/packet_loss_robustness_DROP10_guarded_cusum_15seed/ON_seed11_x560_720_t36.log
DROP10,11,7,2,16.216,16.216,26.215,YES,YES,YES,0.0,9.999,-9.999,/home/srmap/research/projects/v2x-multiuav-trust/results/packet_loss_robustness_DROP10_guarded_cusum_15seed/ON_seed11_x560_720_t36.log
DROP10,11,9,2,20.055,20.055,,YES,NO,NO,0.0,,,/home/srmap/research/projects/v2x-multiuav-trust/results/packet_loss_robustness_DROP10_guarded_cusum_15seed/ON_seed11_x560_720_t36.log
DROP10,12,0,2,12.244,12.244,26.744,YES,YES,YES,0.0,14.5,-14.5,/home/srmap/research/projects/v2x-multiuav-trust/results/packet_loss_robustness_DROP10_guarded_cusum_15seed/ON_seed12_x560_720_t36.log
DROP10,12,1,2,13.944,13.944,26.445,YES,YES,YES,0.0,12.501,-12.501,/home/srmap/research/projects/v2x-multiuav-trust/results/packet_loss_robustness_DROP10_guarded_cusum_15seed/ON_seed12_x560_720_t36.log
DROP10,12,2,2,16.023,16.524,,YES,NO,NO,0.501,,,/home/srmap/research/projects/v2x-multiuav-trust/results/packet_loss_robustness_DROP10_guarded_cusum_15seed/ON_seed12_x560_720_t36.log
DROP10,12,3,2,17.944,17.944,27.444,YES,YES,YES,0.0,9.5,-9.5,/home/srmap/research/projects/v2x-multiuav-trust/results/packet_loss_robustness_DROP10_guarded_cusum_15seed/ON_seed12_x560_720_t36.log
DROP10,12,5,2,12.035,12.035,24.535,YES,YES,YES,0.0,12.5,-12.5,/home/srmap/research/projects/v2x-multiuav-trust/results/packet_loss_robustness_DROP10_guarded_cusum_15seed/ON_seed12_x560_720_t36.log
DROP10,12,7,2,25.286,16.784,26.286,YES,YES,YES,-8.502,1.0,-9.502,/home/srmap/research/projects/v2x-multiuav-trust/results/packet_loss_robustness_DROP10_guarded_cusum_15seed/ON_seed12_x560_720_t36.log
DROP10,12,9,2,20.346,20.846,26.846,YES,YES,YES,0.5,6.5,-6.0,/home/srmap/research/projects/v2x-multiuav-trust/results/packet_loss_robustness_DROP10_guarded_cusum_15seed/ON_seed12_x560_720_t36.log
DROP10,13,0,2,12.344,12.344,25.844,YES,YES,YES,0.0,13.5,-13.5,/home/srmap/research/projects/v2x-multiuav-trust/results/packet_loss_robustness_DROP10_guarded_cusum_15seed/ON_seed13_x560_720_t36.log
DROP10,13,1,2,13.944,13.944,26.444,YES,YES,YES,0.0,12.5,-12.5,/home/srmap/research/projects/v2x-multiuav-trust/results/packet_loss_robustness_DROP10_guarded_cusum_15seed/ON_seed13_x560_720_t36.log
DROP10,13,2,2,15.944,16.444,26.944,YES,YES,YES,0.5,11.0,-10.5,/home/srmap/research/projects/v2x-multiuav-trust/results/packet_loss_robustness_DROP10_guarded_cusum_15seed/ON_seed13_x560_720_t36.log
DROP10,13,3,2,27.034,20.032,27.534,YES,YES,YES,-7.002,0.5,-7.502,/home/srmap/research/projects/v2x-multiuav-trust/results/packet_loss_robustness_DROP10_guarded_cusum_15seed/ON_seed13_x560_720_t36.log
DROP10,13,4,2,19.964,19.964,27.964,YES,YES,YES,0.0,8.0,-8.0,/home/srmap/research/projects/v2x-multiuav-trust/results/packet_loss_robustness_DROP10_guarded_cusum_15seed/ON_seed13_x560_720_t36.log
DROP10,13,5,2,12.266,12.266,25.266,YES,YES,YES,0.0,13.0,-13.0,/home/srmap/research/projects/v2x-multiuav-trust/results/packet_loss_robustness_DROP10_guarded_cusum_15seed/ON_seed13_x560_720_t36.log
DROP10,13,6,2,14.116,14.616,25.616,YES,YES,YES,0.5,11.5,-11.0,/home/srmap/research/projects/v2x-multiuav-trust/results/packet_loss_robustness_DROP10_guarded_cusum_15seed/ON_seed13_x560_720_t36.log
DROP10,14,0,2,12.184,12.684,25.684,YES,YES,YES,0.5,13.5,-13.0,/home/srmap/research/projects/v2x-multiuav-trust/results/packet_loss_robustness_DROP10_guarded_cusum_15seed/ON_seed14_x560_720_t36.log
DROP10,14,1,2,14.044,14.044,26.544,YES,YES,YES,0.0,12.5,-12.5,/home/srmap/research/projects/v2x-multiuav-trust/results/packet_loss_robustness_DROP10_guarded_cusum_15seed/ON_seed14_x560_720_t36.log
DROP10,14,2,2,16.354,16.354,26.854,YES,YES,YES,0.0,10.5,-10.5,/home/srmap/research/projects/v2x-multiuav-trust/results/packet_loss_robustness_DROP10_guarded_cusum_15seed/ON_seed14_x560_720_t36.log
DROP10,14,3,2,18.104,18.604,35.604,YES,YES,YES,0.5,17.5,-17.0,/home/srmap/research/projects/v2x-multiuav-trust/results/packet_loss_robustness_DROP10_guarded_cusum_15seed/ON_seed14_x560_720_t36.log
DROP10,14,4,2,26.474,20.474,27.477,YES,YES,YES,-6.0,1.003,-7.003,/home/srmap/research/projects/v2x-multiuav-trust/results/packet_loss_robustness_DROP10_guarded_cusum_15seed/ON_seed14_x560_720_t36.log
DROP10,14,5,2,12.346,12.346,24.346,YES,YES,YES,0.0,12.0,-12.0,/home/srmap/research/projects/v2x-multiuav-trust/results/packet_loss_robustness_DROP10_guarded_cusum_15seed/ON_seed14_x560_720_t36.log
DROP10,14,8,2,25.486,19.486,26.486,YES,YES,YES,-6.0,1.0,-7.0,/home/srmap/research/projects/v2x-multiuav-trust/results/packet_loss_robustness_DROP10_guarded_cusum_15seed/ON_seed14_x560_720_t36.log
DROP10,15,0,2,24.124,12.124,25.624,YES,YES,YES,-12.0,1.5,-13.5,/home/srmap/research/projects/v2x-multiuav-trust/results/packet_loss_robustness_DROP10_guarded_cusum_15seed/ON_seed15_x560_720_t36.log
DROP10,15,1,2,14.384,14.384,26.884,YES,YES,YES,0.0,12.5,-12.5,/home/srmap/research/projects/v2x-multiuav-trust/results/packet_loss_robustness_DROP10_guarded_cusum_15seed/ON_seed15_x560_720_t36.log
DROP10,15,2,2,16.104,16.104,26.604,YES,YES,YES,0.0,10.5,-10.5,/home/srmap/research/projects/v2x-multiuav-trust/results/packet_loss_robustness_DROP10_guarded_cusum_15seed/ON_seed15_x560_720_t36.log
DROP10,15,5,2,,,,NO,NO,NO,,,,/home/srmap/research/projects/v2x-multiuav-trust/results/packet_loss_robustness_DROP10_guarded_cusum_15seed/ON_seed15_x560_720_t36.log
DROP10,15,7,2,15.986,15.986,,YES,NO,NO,0.0,,,/home/srmap/research/projects/v2x-multiuav-trust/results/packet_loss_robustness_DROP10_guarded_cusum_15seed/ON_seed15_x560_720_t36.log
DROP10,15,8,2,17.966,17.966,26.466,YES,YES,YES,0.0,8.5,-8.5,/home/srmap/research/projects/v2x-multiuav-trust/results/packet_loss_robustness_DROP10_guarded_cusum_15seed/ON_seed15_x560_720_t36.log
DROP10,15,9,2,20.316,20.316,33.814,YES,YES,YES,0.0,13.498,-13.498,/home/srmap/research/projects/v2x-multiuav-trust/results/packet_loss_robustness_DROP10_guarded_cusum_15seed/ON_seed15_x560_720_t36.log
DROP20,1,0,2,24.027,12.524,25.524,YES,YES,YES,-11.503,1.497,-13.0,/home/srmap/research/projects/v2x-multiuav-trust/results/packet_loss_robustness_DROP20_guarded_cusum_15seed/ON_seed1_x560_720_t36.log
DROP20,1,1,2,14.384,15.384,26.384,YES,YES,YES,1.0,12.0,-11.0,/home/srmap/research/projects/v2x-multiuav-trust/results/packet_loss_robustness_DROP20_guarded_cusum_15seed/ON_seed1_x560_720_t36.log
DROP20,1,2,2,6.924,15.924,10.423,YES,YES,YES,9.0,3.499,5.501,/home/srmap/research/projects/v2x-multiuav-trust/results/packet_loss_robustness_DROP20_guarded_cusum_15seed/ON_seed1_x560_720_t36.log
DROP20,1,4,2,20.004,20.004,,YES,NO,NO,0.0,,,/home/srmap/research/projects/v2x-multiuav-trust/results/packet_loss_robustness_DROP20_guarded_cusum_15seed/ON_seed1_x560_720_t36.log
DROP20,1,5,2,12.096,12.096,24.596,YES,YES,YES,0.0,12.5,-12.5,/home/srmap/research/projects/v2x-multiuav-trust/results/packet_loss_robustness_DROP20_guarded_cusum_15seed/ON_seed1_x560_720_t36.log
DROP20,1,6,2,14.086,14.086,,YES,NO,NO,0.0,,,/home/srmap/research/projects/v2x-multiuav-trust/results/packet_loss_robustness_DROP20_guarded_cusum_15seed/ON_seed1_x560_720_t36.log
DROP20,1,7,2,19.346,16.346,35.849,YES,YES,YES,-3.0,16.503,-19.503,/home/srmap/research/projects/v2x-multiuav-trust/results/packet_loss_robustness_DROP20_guarded_cusum_15seed/ON_seed1_x560_720_t36.log
DROP20,2,0,2,18.024,12.024,25.524,YES,YES,YES,-6.0,7.5,-13.5,/home/srmap/research/projects/v2x-multiuav-trust/results/packet_loss_robustness_DROP20_guarded_cusum_15seed/ON_seed2_x560_720_t36.log
DROP20,2,1,2,13.975,13.975,,YES,NO,NO,0.0,,,/home/srmap/research/projects/v2x-multiuav-trust/results/packet_loss_robustness_DROP20_guarded_cusum_15seed/ON_seed2_x560_720_t36.log
DROP20,2,2,2,16.304,16.304,,YES,NO,NO,0.0,,,/home/srmap/research/projects/v2x-multiuav-trust/results/packet_loss_robustness_DROP20_guarded_cusum_15seed/ON_seed2_x560_720_t36.log
DROP20,2,3,2,18.334,18.334,27.334,YES,YES,YES,0.0,9.0,-9.0,/home/srmap/research/projects/v2x-multiuav-trust/results/packet_loss_robustness_DROP20_guarded_cusum_15seed/ON_seed2_x560_720_t36.log
DROP20,2,4,2,20.284,20.284,27.783,YES,YES,YES,0.0,7.499,-7.499,/home/srmap/research/projects/v2x-multiuav-trust/results/packet_loss_robustness_DROP20_guarded_cusum_15seed/ON_seed2_x560_720_t36.log
DROP20,2,5,2,11.916,11.916,24.416,YES,YES,YES,0.0,12.5,-12.5,/home/srmap/research/projects/v2x-multiuav-trust/results/packet_loss_robustness_DROP20_guarded_cusum_15seed/ON_seed2_x560_720_t36.log
DROP20,2,7,2,26.276,16.276,35.776,YES,YES,YES,-10.0,9.5,-19.5,/home/srmap/research/projects/v2x-multiuav-trust/results/packet_loss_robustness_DROP20_guarded_cusum_15seed/ON_seed2_x560_720_t36.log
DROP20,3,0,2,7.704,12.204,26.704,YES,YES,YES,4.5,19.0,-14.5,/home/srmap/research/projects/v2x-multiuav-trust/results/packet_loss_robustness_DROP20_guarded_cusum_15seed/ON_seed3_x560_720_t36.log
DROP20,3,1,2,25.574,14.074,,YES,NO,NO,-11.5,,,/home/srmap/research/projects/v2x-multiuav-trust/results/packet_loss_robustness_DROP20_guarded_cusum_15seed/ON_seed3_x560_720_t36.log
DROP20,3,2,2,25.804,16.304,26.804,YES,YES,YES,-9.5,1.0,-10.5,/home/srmap/research/projects/v2x-multiuav-trust/results/packet_loss_robustness_DROP20_guarded_cusum_15seed/ON_seed3_x560_720_t36.log
DROP20,3,3,2,10.684,18.184,35.684,YES,YES,YES,7.5,25.0,-17.5,/home/srmap/research/projects/v2x-multiuav-trust/results/packet_loss_robustness_DROP20_guarded_cusum_15seed/ON_seed3_x560_720_t36.log
DROP20,3,4,2,20.344,20.344,27.844,YES,YES,YES,0.0,7.5,-7.5,/home/srmap/research/projects/v2x-multiuav-trust/results/packet_loss_robustness_DROP20_guarded_cusum_15seed/ON_seed3_x560_720_t36.log
DROP20,3,8,2,18.176,18.176,,YES,NO,NO,0.0,,,/home/srmap/research/projects/v2x-multiuav-trust/results/packet_loss_robustness_DROP20_guarded_cusum_15seed/ON_seed3_x560_720_t36.log
DROP20,3,9,2,8.346,20.346,,YES,NO,NO,12.0,,,/home/srmap/research/projects/v2x-multiuav-trust/results/packet_loss_robustness_DROP20_guarded_cusum_15seed/ON_seed3_x560_720_t36.log
DROP20,4,0,2,21.734,12.734,24.234,YES,YES,YES,-9.0,2.5,-11.5,/home/srmap/research/projects/v2x-multiuav-trust/results/packet_loss_robustness_DROP20_guarded_cusum_15seed/ON_seed4_x560_720_t36.log
DROP20,4,1,2,14.234,14.734,26.234,YES,YES,YES,0.5,12.0,-11.5,/home/srmap/research/projects/v2x-multiuav-trust/results/packet_loss_robustness_DROP20_guarded_cusum_15seed/ON_seed4_x560_720_t36.log
DROP20,4,2,2,16.384,16.384,26.884,YES,YES,YES,0.0,10.5,-10.5,/home/srmap/research/projects/v2x-multiuav-trust/results/packet_loss_robustness_DROP20_guarded_cusum_15seed/ON_seed4_x560_720_t36.log
DROP20,4,3,2,27.034,18.034,35.535,YES,YES,YES,-9.0,8.501,-17.501,/home/srmap/research/projects/v2x-multiuav-trust/results/packet_loss_robustness_DROP20_guarded_cusum_15seed/ON_seed4_x560_720_t36.log
DROP20,4,5,2,,,,NO,NO,NO,,,,/home/srmap/research/projects/v2x-multiuav-trust/results/packet_loss_robustness_DROP20_guarded_cusum_15seed/ON_seed4_x560_720_t36.log
DROP20,4,8,2,18.006,18.006,26.506,YES,YES,YES,0.0,8.5,-8.5,/home/srmap/research/projects/v2x-multiuav-trust/results/packet_loss_robustness_DROP20_guarded_cusum_15seed/ON_seed4_x560_720_t36.log
DROP20,4,9,2,19.996,19.996,26.996,YES,YES,YES,0.0,7.0,-7.0,/home/srmap/research/projects/v2x-multiuav-trust/results/packet_loss_robustness_DROP20_guarded_cusum_15seed/ON_seed4_x560_720_t36.log
DROP20,5,0,2,23.952,12.954,25.954,YES,YES,YES,-10.998,2.002,-13.0,/home/srmap/research/projects/v2x-multiuav-trust/results/packet_loss_robustness_DROP20_guarded_cusum_15seed/ON_seed5_x560_720_t36.log
DROP20,5,1,2,14.264,14.764,26.764,YES,YES,YES,0.5,12.5,-12.0,/home/srmap/research/projects/v2x-multiuav-trust/results/packet_loss_robustness_DROP20_guarded_cusum_15seed/ON_seed5_x560_720_t36.log
DROP20,5,2,2,16.364,16.364,26.864,YES,YES,YES,0.0,10.5,-10.5,/home/srmap/research/projects/v2x-multiuav-trust/results/packet_loss_robustness_DROP20_guarded_cusum_15seed/ON_seed5_x560_720_t36.log
DROP20,5,3,2,7.284,18.284,27.284,YES,YES,YES,11.0,20.0,-9.0,/home/srmap/research/projects/v2x-multiuav-trust/results/packet_loss_robustness_DROP20_guarded_cusum_15seed/ON_seed5_x560_720_t36.log
DROP20,5,4,2,6.834,20.834,35.334,YES,YES,YES,14.0,28.5,-14.5,/home/srmap/research/projects/v2x-multiuav-trust/results/packet_loss_robustness_DROP20_guarded_cusum_15seed/ON_seed5_x560_720_t36.log
DROP20,5,5,2,11.996,11.996,24.496,YES,YES,YES,0.0,12.5,-12.5,/home/srmap/research/projects/v2x-multiuav-trust/results/packet_loss_robustness_DROP20_guarded_cusum_15seed/ON_seed5_x560_720_t36.log
DROP20,5,8,2,18.056,18.056,34.06,YES,YES,YES,0.0,16.004,-16.004,/home/srmap/research/projects/v2x-multiuav-trust/results/packet_loss_robustness_DROP20_guarded_cusum_15seed/ON_seed5_x560_720_t36.log
DROP20,6,0,2,12.064,12.064,25.564,YES,YES,YES,0.0,13.5,-13.5,/home/srmap/research/projects/v2x-multiuav-trust/results/packet_loss_robustness_DROP20_guarded_cusum_15seed/ON_seed6_x560_720_t36.log
DROP20,6,1,2,14.244,14.244,26.244,YES,YES,YES,0.0,12.0,-12.0,/home/srmap/research/projects/v2x-multiuav-trust/results/packet_loss_robustness_DROP20_guarded_cusum_15seed/ON_seed6_x560_720_t36.log
DROP20,6,2,2,9.854,16.354,26.854,YES,YES,YES,6.5,17.0,-10.5,/home/srmap/research/projects/v2x-multiuav-trust/results/packet_loss_robustness_DROP20_guarded_cusum_15seed/ON_seed6_x560_720_t36.log
DROP20,6,3,2,18.034,18.034,27.034,YES,YES,YES,0.0,9.0,-9.0,/home/srmap/research/projects/v2x-multiuav-trust/results/packet_loss_robustness_DROP20_guarded_cusum_15seed/ON_seed6_x560_720_t36.log
DROP20,6,4,2,11.162,20.165,34.662,YES,YES,YES,9.003,23.5,-14.497,/home/srmap/research/projects/v2x-multiuav-trust/results/packet_loss_robustness_DROP20_guarded_cusum_15seed/ON_seed6_x560_720_t36.log
DROP20,6,7,2,5.556,16.056,35.555,YES,YES,YES,10.5,29.999,-19.499,/home/srmap/research/projects/v2x-multiuav-trust/results/packet_loss_robustness_DROP20_guarded_cusum_15seed/ON_seed6_x560_720_t36.log
DROP20,6,9,2,20.326,20.326,26.826,YES,YES,YES,0.0,6.5,-6.5,/home/srmap/research/projects/v2x-multiuav-trust/results/packet_loss_robustness_DROP20_guarded_cusum_15seed/ON_seed6_x560_720_t36.log
DROP20,7,0,2,23.904,11.904,26.904,YES,YES,YES,-12.0,3.0,-15.0,/home/srmap/research/projects/v2x-multiuav-trust/results/packet_loss_robustness_DROP20_guarded_cusum_15seed/ON_seed7_x560_720_t36.log
DROP20,7,1,2,14.194,14.194,19.194,YES,YES,YES,0.0,5.0,-5.0,/home/srmap/research/projects/v2x-multiuav-trust/results/packet_loss_robustness_DROP20_guarded_cusum_15seed/ON_seed7_x560_720_t36.log
DROP20,7,2,2,16.104,16.104,,YES,NO,NO,0.0,,,/home/srmap/research/projects/v2x-multiuav-trust/results/packet_loss_robustness_DROP20_guarded_cusum_15seed/ON_seed7_x560_720_t36.log
DROP20,7,3,2,18.344,18.344,20.344,YES,YES,YES,0.0,2.0,-2.0,/home/srmap/research/projects/v2x-multiuav-trust/results/packet_loss_robustness_DROP20_guarded_cusum_15seed/ON_seed7_x560_720_t36.log
DROP20,7,6,2,24.667,15.166,25.667,YES,YES,YES,-9.501,1.0,-10.501,/home/srmap/research/projects/v2x-multiuav-trust/results/packet_loss_robustness_DROP20_guarded_cusum_15seed/ON_seed7_x560_720_t36.log
DROP20,7,7,2,15.936,16.436,,YES,NO,NO,0.5,,,/home/srmap/research/projects/v2x-multiuav-trust/results/packet_loss_robustness_DROP20_guarded_cusum_15seed/ON_seed7_x560_720_t36.log
DROP20,7,9,2,20.046,20.046,27.051,YES,YES,YES,0.0,7.005,-7.005,/home/srmap/research/projects/v2x-multiuav-trust/results/packet_loss_robustness_DROP20_guarded_cusum_15seed/ON_seed7_x560_720_t36.log
DROP20,8,0,2,24.104,12.604,25.604,YES,YES,YES,-11.5,1.5,-13.0,/home/srmap/research/projects/v2x-multiuav-trust/results/packet_loss_robustness_DROP20_guarded_cusum_15seed/ON_seed8_x560_720_t36.log
DROP20,8,1,2,26.573,14.074,27.074,YES,YES,YES,-12.499,0.501,-13.0,/home/srmap/research/projects/v2x-multiuav-trust/results/packet_loss_robustness_DROP20_guarded_cusum_15seed/ON_seed8_x560_720_t36.log
DROP20,8,2,2,16.004,16.004,27.004,YES,YES,YES,0.0,11.0,-11.0,/home/srmap/research/projects/v2x-multiuav-trust/results/packet_loss_robustness_DROP20_guarded_cusum_15seed/ON_seed8_x560_720_t36.log
DROP20,8,3,2,4.494,17.994,26.994,YES,YES,YES,13.5,22.5,-9.0,/home/srmap/research/projects/v2x-multiuav-trust/results/packet_loss_robustness_DROP20_guarded_cusum_15seed/ON_seed8_x560_720_t36.log
DROP20,8,4,2,,,,NO,NO,NO,,,,/home/srmap/research/projects/v2x-multiuav-trust/results/packet_loss_robustness_DROP20_guarded_cusum_15seed/ON_seed8_x560_720_t36.log
DROP20,8,6,2,14.336,14.336,25.834,YES,YES,YES,0.0,11.498,-11.498,/home/srmap/research/projects/v2x-multiuav-trust/results/packet_loss_robustness_DROP20_guarded_cusum_15seed/ON_seed8_x560_720_t36.log
DROP20,8,9,2,18.526,21.026,27.029,YES,YES,YES,2.5,8.503,-6.003,/home/srmap/research/projects/v2x-multiuav-trust/results/packet_loss_robustness_DROP20_guarded_cusum_15seed/ON_seed8_x560_720_t36.log
DROP20,9,0,2,12.184,12.184,26.184,YES,YES,YES,0.0,14.0,-14.0,/home/srmap/research/projects/v2x-multiuav-trust/results/packet_loss_robustness_DROP20_guarded_cusum_15seed/ON_seed9_x560_720_t36.log
DROP20,9,1,2,25.504,14.004,26.504,YES,YES,YES,-11.5,1.0,-12.5,/home/srmap/research/projects/v2x-multiuav-trust/results/packet_loss_robustness_DROP20_guarded_cusum_15seed/ON_seed9_x560_720_t36.log
DROP20,9,2,2,6.323,16.824,26.824,YES,YES,YES,10.501,20.501,-10.0,/home/srmap/research/projects/v2x-multiuav-trust/results/packet_loss_robustness_DROP20_guarded_cusum_15seed/ON_seed9_x560_720_t36.log
DROP20,9,3,2,13.014,18.514,,YES,NO,NO,5.5,,,/home/srmap/research/projects/v2x-multiuav-trust/results/packet_loss_robustness_DROP20_guarded_cusum_15seed/ON_seed9_x560_720_t36.log
DROP20,9,6,2,24.776,14.275,25.776,YES,YES,YES,-10.501,1.0,-11.501,/home/srmap/research/projects/v2x-multiuav-trust/results/packet_loss_robustness_DROP20_guarded_cusum_15seed/ON_seed9_x560_720_t36.log
DROP20,9,7,2,16.224,16.224,35.225,YES,YES,YES,0.0,19.001,-19.001,/home/srmap/research/projects/v2x-multiuav-trust/results/packet_loss_robustness_DROP20_guarded_cusum_15seed/ON_seed9_x560_720_t36.log
DROP20,9,9,2,20.226,20.226,,YES,NO,NO,0.0,,,/home/srmap/research/projects/v2x-multiuav-trust/results/packet_loss_robustness_DROP20_guarded_cusum_15seed/ON_seed9_x560_720_t36.log
DROP20,10,0,2,11.923,11.923,25.926,YES,YES,YES,0.0,14.003,-14.003,/home/srmap/research/projects/v2x-multiuav-trust/results/packet_loss_robustness_DROP20_guarded_cusum_15seed/ON_seed10_x560_720_t36.log
DROP20,10,1,2,14.084,14.584,26.584,YES,YES,YES,0.5,12.5,-12.0,/home/srmap/research/projects/v2x-multiuav-trust/results/packet_loss_robustness_DROP20_guarded_cusum_15seed/ON_seed10_x560_720_t36.log
DROP20,10,2,2,16.244,16.244,28.247,YES,YES,YES,0.0,12.003,-12.003,/home/srmap/research/projects/v2x-multiuav-trust/results/packet_loss_robustness_DROP20_guarded_cusum_15seed/ON_seed10_x560_720_t36.log
DROP20,10,3,2,26.444,18.442,27.444,YES,YES,YES,-8.002,1.0,-9.002,/home/srmap/research/projects/v2x-multiuav-trust/results/packet_loss_robustness_DROP20_guarded_cusum_15seed/ON_seed10_x560_720_t36.log
DROP20,10,4,2,20.104,20.104,34.604,YES,YES,YES,0.0,14.5,-14.5,/home/srmap/research/projects/v2x-multiuav-trust/results/packet_loss_robustness_DROP20_guarded_cusum_15seed/ON_seed10_x560_720_t36.log
DROP20,10,7,2,16.346,16.346,18.845,YES,YES,YES,0.0,2.499,-2.499,/home/srmap/research/projects/v2x-multiuav-trust/results/packet_loss_robustness_DROP20_guarded_cusum_15seed/ON_seed10_x560_720_t36.log
DROP20,10,8,2,25.316,18.816,34.819,YES,YES,YES,-6.5,9.503,-16.003,/home/srmap/research/projects/v2x-multiuav-trust/results/packet_loss_robustness_DROP20_guarded_cusum_15seed/ON_seed10_x560_720_t36.log
DROP20,11,0,2,,,,NO,NO,NO,,,,/home/srmap/research/projects/v2x-multiuav-trust/results/packet_loss_robustness_DROP20_guarded_cusum_15seed/ON_seed11_x560_720_t36.log
DROP20,11,1,2,8.124,14.124,,YES,NO,NO,6.0,,,/home/srmap/research/projects/v2x-multiuav-trust/results/packet_loss_robustness_DROP20_guarded_cusum_15seed/ON_seed11_x560_720_t36.log
DROP20,11,2,2,25.644,16.144,26.644,YES,YES,YES,-9.5,1.0,-10.5,/home/srmap/research/projects/v2x-multiuav-trust/results/packet_loss_robustness_DROP20_guarded_cusum_15seed/ON_seed11_x560_720_t36.log
DROP20,11,5,2,11.896,11.896,25.396,YES,YES,YES,0.0,13.5,-13.5,/home/srmap/research/projects/v2x-multiuav-trust/results/packet_loss_robustness_DROP20_guarded_cusum_15seed/ON_seed11_x560_720_t36.log
DROP20,11,6,2,9.746,14.246,25.744,YES,YES,YES,4.5,15.998,-11.498,/home/srmap/research/projects/v2x-multiuav-trust/results/packet_loss_robustness_DROP20_guarded_cusum_15seed/ON_seed11_x560_720_t36.log
DROP20,11,7,2,16.216,17.216,26.215,YES,YES,YES,1.0,9.999,-8.999,/home/srmap/research/projects/v2x-multiuav-trust/results/packet_loss_robustness_DROP20_guarded_cusum_15seed/ON_seed11_x560_720_t36.log
DROP20,11,9,2,18.554,20.556,20.055,YES,YES,YES,2.002,1.501,0.501,/home/srmap/research/projects/v2x-multiuav-trust/results/packet_loss_robustness_DROP20_guarded_cusum_15seed/ON_seed11_x560_720_t36.log
DROP20,12,0,2,12.244,12.244,26.744,YES,YES,YES,0.0,14.5,-14.5,/home/srmap/research/projects/v2x-multiuav-trust/results/packet_loss_robustness_DROP20_guarded_cusum_15seed/ON_seed12_x560_720_t36.log
DROP20,12,1,2,13.944,14.445,26.445,YES,YES,YES,0.501,12.501,-12.0,/home/srmap/research/projects/v2x-multiuav-trust/results/packet_loss_robustness_DROP20_guarded_cusum_15seed/ON_seed12_x560_720_t36.log
DROP20,12,2,2,12.024,16.023,27.024,YES,YES,YES,3.999,15.0,-11.001,/home/srmap/research/projects/v2x-multiuav-trust/results/packet_loss_robustness_DROP20_guarded_cusum_15seed/ON_seed12_x560_720_t36.log
DROP20,12,3,2,17.944,17.944,27.444,YES,YES,YES,0.0,9.5,-9.5,/home/srmap/research/projects/v2x-multiuav-trust/results/packet_loss_robustness_DROP20_guarded_cusum_15seed/ON_seed12_x560_720_t36.log
DROP20,12,5,2,25.036,12.035,27.036,YES,YES,YES,-13.001,2.0,-15.001,/home/srmap/research/projects/v2x-multiuav-trust/results/packet_loss_robustness_DROP20_guarded_cusum_15seed/ON_seed12_x560_720_t36.log
DROP20,12,7,2,16.286,16.784,25.286,YES,YES,YES,0.498,9.0,-8.502,/home/srmap/research/projects/v2x-multiuav-trust/results/packet_loss_robustness_DROP20_guarded_cusum_15seed/ON_seed12_x560_720_t36.log
DROP20,12,9,2,20.346,21.346,34.348,YES,YES,YES,1.0,14.002,-13.002,/home/srmap/research/projects/v2x-multiuav-trust/results/packet_loss_robustness_DROP20_guarded_cusum_15seed/ON_seed12_x560_720_t36.log
DROP20,13,0,2,12.344,12.344,25.844,YES,YES,YES,0.0,13.5,-13.5,/home/srmap/research/projects/v2x-multiuav-trust/results/packet_loss_robustness_DROP20_guarded_cusum_15seed/ON_seed13_x560_720_t36.log
DROP20,13,1,2,13.944,13.944,26.944,YES,YES,YES,0.0,13.0,-13.0,/home/srmap/research/projects/v2x-multiuav-trust/results/packet_loss_robustness_DROP20_guarded_cusum_15seed/ON_seed13_x560_720_t36.log
DROP20,13,2,2,15.944,15.944,,YES,NO,NO,0.0,,,/home/srmap/research/projects/v2x-multiuav-trust/results/packet_loss_robustness_DROP20_guarded_cusum_15seed/ON_seed13_x560_720_t36.log
DROP20,13,3,2,18.034,18.034,35.535,YES,YES,YES,0.0,17.501,-17.501,/home/srmap/research/projects/v2x-multiuav-trust/results/packet_loss_robustness_DROP20_guarded_cusum_15seed/ON_seed13_x560_720_t36.log
DROP20,13,4,2,19.964,19.964,27.464,YES,YES,YES,0.0,7.5,-7.5,/home/srmap/research/projects/v2x-multiuav-trust/results/packet_loss_robustness_DROP20_guarded_cusum_15seed/ON_seed13_x560_720_t36.log
DROP20,13,5,2,8.765,12.266,25.266,YES,YES,YES,3.501,16.501,-13.0,/home/srmap/research/projects/v2x-multiuav-trust/results/packet_loss_robustness_DROP20_guarded_cusum_15seed/ON_seed13_x560_720_t36.log
DROP20,13,6,2,14.116,14.116,25.616,YES,YES,YES,0.0,11.5,-11.5,/home/srmap/research/projects/v2x-multiuav-trust/results/packet_loss_robustness_DROP20_guarded_cusum_15seed/ON_seed13_x560_720_t36.log
DROP20,14,0,2,12.184,12.184,26.684,YES,YES,YES,0.0,14.5,-14.5,/home/srmap/research/projects/v2x-multiuav-trust/results/packet_loss_robustness_DROP20_guarded_cusum_15seed/ON_seed14_x560_720_t36.log
DROP20,14,1,2,26.544,14.044,,YES,NO,NO,-12.5,,,/home/srmap/research/projects/v2x-multiuav-trust/results/packet_loss_robustness_DROP20_guarded_cusum_15seed/ON_seed14_x560_720_t36.log
DROP20,14,2,2,16.354,16.354,,YES,NO,NO,0.0,,,/home/srmap/research/projects/v2x-multiuav-trust/results/packet_loss_robustness_DROP20_guarded_cusum_15seed/ON_seed14_x560_720_t36.log
DROP20,14,3,2,20.604,18.104,27.104,YES,YES,YES,-2.5,6.5,-9.0,/home/srmap/research/projects/v2x-multiuav-trust/results/packet_loss_robustness_DROP20_guarded_cusum_15seed/ON_seed14_x560_720_t36.log
DROP20,14,4,2,20.973,20.973,27.474,YES,YES,YES,0.0,6.501,-6.501,/home/srmap/research/projects/v2x-multiuav-trust/results/packet_loss_robustness_DROP20_guarded_cusum_15seed/ON_seed14_x560_720_t36.log
DROP20,14,5,2,12.346,12.346,,YES,NO,NO,0.0,,,/home/srmap/research/projects/v2x-multiuav-trust/results/packet_loss_robustness_DROP20_guarded_cusum_15seed/ON_seed14_x560_720_t36.log
DROP20,14,8,2,26.486,18.486,,YES,NO,NO,-8.0,,,/home/srmap/research/projects/v2x-multiuav-trust/results/packet_loss_robustness_DROP20_guarded_cusum_15seed/ON_seed14_x560_720_t36.log
DROP20,15,0,2,4.124,12.124,25.624,YES,YES,YES,8.0,21.5,-13.5,/home/srmap/research/projects/v2x-multiuav-trust/results/packet_loss_robustness_DROP20_guarded_cusum_15seed/ON_seed15_x560_720_t36.log
DROP20,15,1,2,29.384,14.884,,YES,NO,NO,-14.5,,,/home/srmap/research/projects/v2x-multiuav-trust/results/packet_loss_robustness_DROP20_guarded_cusum_15seed/ON_seed15_x560_720_t36.log
DROP20,15,2,2,15.604,16.104,16.104,YES,YES,YES,0.5,0.5,0.0,/home/srmap/research/projects/v2x-multiuav-trust/results/packet_loss_robustness_DROP20_guarded_cusum_15seed/ON_seed15_x560_720_t36.log
DROP20,15,5,2,,,,NO,NO,NO,,,,/home/srmap/research/projects/v2x-multiuav-trust/results/packet_loss_robustness_DROP20_guarded_cusum_15seed/ON_seed15_x560_720_t36.log
DROP20,15,7,2,4.986,15.986,25.986,YES,YES,YES,11.0,21.0,-10.0,/home/srmap/research/projects/v2x-multiuav-trust/results/packet_loss_robustness_DROP20_guarded_cusum_15seed/ON_seed15_x560_720_t36.log
DROP20,15,8,2,17.966,17.966,35.466,YES,YES,YES,0.0,17.5,-17.5,/home/srmap/research/projects/v2x-multiuav-trust/results/packet_loss_robustness_DROP20_guarded_cusum_15seed/ON_seed15_x560_720_t36.log
DROP20,15,9,2,25.816,20.816,26.816,YES,YES,YES,-5.0,1.0,-6.0,/home/srmap/research/projects/v2x-multiuav-trust/results/packet_loss_robustness_DROP20_guarded_cusum_15seed/ON_seed15_x560_720_t36.log
