seed,cid,malicious,proposed_detected,beacons,total_violating_observations,unique_zones,unique_rxuavs,zone_changes,rxuav_changes,central_detected,central_max_window_violations,central_detection_time,rxuav_memory_detected,rxuav_memory_max_window_violations,rxuav_memory_detection_time,zone_memory_detected,zone_memory_max_window_violations,zone_memory_detection_time,rxuav_segment_detected,rxuav_segment_max_window_violations,rxuav_segment_detection_time,rxuav_segment_label,zone_segment_detected,zone_segment_max_window_violations,zone_segment_detection_time,zone_segment_label,strong_fragmentation_case,architecture_gap_candidate,source_log_path
1,0,YES,YES,67,20,2,2,10,10,YES,5,27.025,YES,5,27.025,YES,5,27.025,YES,3,27.025,"rxuav=1,segment=0",YES,3,27.025,"zone=1,segment=0",NO,NO,/home/srmap/research/projects/v2x-multiuav-trust/results/scalability_N10_AR50_guarded_cusum_15seed/ON_seed1_x560_720_t36.log
1,1,YES,YES,67,20,2,2,11,11,YES,5,26.884,YES,5,26.884,YES,5,26.884,YES,3,26.884,"rxuav=1,segment=0",YES,3,26.884,"zone=1,segment=0",NO,NO,/home/srmap/research/projects/v2x-multiuav-trust/results/scalability_N10_AR50_guarded_cusum_15seed/ON_seed1_x560_720_t36.log
1,2,YES,YES,67,19,2,2,11,11,YES,5,27.424,YES,5,28.424,YES,5,28.424,NO,3,,,NO,3,,,YES,NO,/home/srmap/research/projects/v2x-multiuav-trust/results/scalability_N10_AR50_guarded_cusum_15seed/ON_seed1_x560_720_t36.log
1,3,NO,NO,67,2,2,2,1,1,NO,1,,NO,1,,NO,1,,NO,1,,,NO,1,,,NO,NO,/home/srmap/research/projects/v2x-multiuav-trust/results/scalability_N10_AR50_guarded_cusum_15seed/ON_seed1_x560_720_t36.log
1,4,YES,YES,67,16,2,2,7,7,YES,5,28.004,YES,5,29.004,YES,5,29.004,YES,5,34.509,"rxuav=2,segment=7",YES,5,34.509,"zone=2,segment=7",NO,NO,/home/srmap/research/projects/v2x-multiuav-trust/results/scalability_N10_AR50_guarded_cusum_15seed/ON_seed1_x560_720_t36.log
1,5,YES,YES,67,22,2,2,11,11,YES,5,25.596,YES,5,25.596,YES,5,25.596,YES,4,25.596,"rxuav=1,segment=0",YES,4,25.596,"zone=1,segment=0",NO,NO,/home/srmap/research/projects/v2x-multiuav-trust/results/scalability_N10_AR50_guarded_cusum_15seed/ON_seed1_x560_720_t36.log
1,6,YES,YES,68,21,2,2,11,11,YES,5,26.086,YES,5,26.086,YES,5,26.086,YES,5,26.086,"rxuav=1,segment=0",YES,5,26.086,"zone=1,segment=0",NO,NO,/home/srmap/research/projects/v2x-multiuav-trust/results/scalability_N10_AR50_guarded_cusum_15seed/ON_seed1_x560_720_t36.log
1,7,YES,YES,68,21,2,2,11,11,YES,5,26.346,YES,5,26.346,YES,5,26.346,YES,5,26.346,"rxuav=1,segment=0",YES,5,26.346,"zone=1,segment=0",NO,NO,/home/srmap/research/projects/v2x-multiuav-trust/results/scalability_N10_AR50_guarded_cusum_15seed/ON_seed1_x560_720_t36.log
1,8,NO,NO,68,2,2,2,1,1,NO,1,,NO,1,,NO,1,,NO,1,,,NO,1,,,NO,NO,/home/srmap/research/projects/v2x-multiuav-trust/results/scalability_N10_AR50_guarded_cusum_15seed/ON_seed1_x560_720_t36.log
1,9,NO,NO,18,0,1,1,0,0,NO,0,,NO,0,,NO,0,,NO,0,,,NO,0,,,NO,NO,/home/srmap/research/projects/v2x-multiuav-trust/results/scalability_N10_AR50_guarded_cusum_15seed/ON_seed1_x560_720_t36.log
2,0,YES,YES,68,20,2,2,10,10,YES,5,27.024,YES,5,27.024,YES,5,27.024,YES,3,27.024,"rxuav=1,segment=0",YES,3,27.024,"zone=1,segment=0",NO,NO,/home/srmap/research/projects/v2x-multiuav-trust/results/scalability_N10_AR50_guarded_cusum_15seed/ON_seed2_x560_720_t36.log
2,1,YES,YES,67,20,2,2,11,11,YES,5,26.975,YES,5,26.975,YES,5,26.975,YES,4,26.975,"rxuav=1,segment=0",YES,4,26.975,"zone=1,segment=0",NO,NO,/home/srmap/research/projects/v2x-multiuav-trust/results/scalability_N10_AR50_guarded_cusum_15seed/ON_seed2_x560_720_t36.log
2,2,YES,YES,67,19,2,2,11,11,YES,5,27.304,YES,5,28.304,YES,5,28.304,NO,3,,,NO,3,,,YES,NO,/home/srmap/research/projects/v2x-multiuav-trust/results/scalability_N10_AR50_guarded_cusum_15seed/ON_seed2_x560_720_t36.log
2,3,YES,YES,67,17,2,2,9,9,YES,5,27.837,YES,5,28.834,YES,5,28.834,YES,5,35.834,"rxuav=2,segment=9",YES,5,35.834,"zone=2,segment=9",NO,NO,/home/srmap/research/projects/v2x-multiuav-trust/results/scalability_N10_AR50_guarded_cusum_15seed/ON_seed2_x560_720_t36.log
2,4,YES,YES,68,16,2,2,7,7,YES,5,28.284,YES,5,29.287,YES,5,29.287,YES,5,34.787,"rxuav=2,segment=7",YES,5,34.787,"zone=2,segment=7",NO,NO,/home/srmap/research/projects/v2x-multiuav-trust/results/scalability_N10_AR50_guarded_cusum_15seed/ON_seed2_x560_720_t36.log
2,5,YES,YES,68,23,2,2,11,11,YES,5,25.416,YES,5,25.416,YES,5,25.416,YES,4,25.416,"rxuav=1,segment=0",YES,4,25.416,"zone=1,segment=0",NO,NO,/home/srmap/research/projects/v2x-multiuav-trust/results/scalability_N10_AR50_guarded_cusum_15seed/ON_seed2_x560_720_t36.log
2,6,NO,NO,68,2,2,2,1,1,NO,1,,NO,1,,NO,1,,NO,1,,,NO,1,,,NO,NO,/home/srmap/research/projects/v2x-multiuav-trust/results/scalability_N10_AR50_guarded_cusum_15seed/ON_seed2_x560_720_t36.log
2,7,YES,YES,68,20,2,2,9,9,YES,5,26.775,YES,5,27.776,YES,5,27.776,YES,5,34.774,"rxuav=2,segment=9",YES,5,34.774,"zone=2,segment=9",NO,NO,/home/srmap/research/projects/v2x-multiuav-trust/results/scalability_N10_AR50_guarded_cusum_15seed/ON_seed2_x560_720_t36.log
2,8,NO,NO,67,2,2,2,1,1,NO,1,,NO,1,,NO,1,,NO,1,,,NO,1,,,NO,NO,/home/srmap/research/projects/v2x-multiuav-trust/results/scalability_N10_AR50_guarded_cusum_15seed/ON_seed2_x560_720_t36.log
2,9,NO,NO,68,2,2,2,1,1,NO,1,,NO,1,,NO,1,,NO,1,,,NO,1,,,NO,NO,/home/srmap/research/projects/v2x-multiuav-trust/results/scalability_N10_AR50_guarded_cusum_15seed/ON_seed2_x560_720_t36.log
3,0,YES,YES,67,20,2,2,10,10,YES,5,27.206,YES,5,27.206,YES,5,27.206,YES,3,27.206,"rxuav=1,segment=0",YES,3,27.206,"zone=1,segment=0",NO,NO,/home/srmap/research/projects/v2x-multiuav-trust/results/scalability_N10_AR50_guarded_cusum_15seed/ON_seed3_x560_720_t36.log
3,1,YES,YES,68,19,2,2,11,11,YES,5,27.074,YES,5,27.074,YES,5,27.074,YES,3,27.074,"rxuav=1,segment=0",YES,3,27.074,"zone=1,segment=0",NO,NO,/home/srmap/research/projects/v2x-multiuav-trust/results/scalability_N10_AR50_guarded_cusum_15seed/ON_seed3_x560_720_t36.log
3,2,YES,YES,68,19,2,2,11,11,YES,5,27.304,YES,5,28.304,YES,5,28.304,NO,3,,,NO,3,,,YES,NO,/home/srmap/research/projects/v2x-multiuav-trust/results/scalability_N10_AR50_guarded_cusum_15seed/ON_seed3_x560_720_t36.log
3,3,YES,YES,67,17,2,2,9,9,YES,5,27.684,YES,5,28.684,YES,5,28.684,YES,5,35.684,"rxuav=2,segment=9",YES,5,35.684,"zone=2,segment=9",NO,NO,/home/srmap/research/projects/v2x-multiuav-trust/results/scalability_N10_AR50_guarded_cusum_15seed/ON_seed3_x560_720_t36.log
3,4,YES,YES,67,16,2,2,7,7,YES,5,28.343,YES,5,29.344,YES,5,29.344,YES,5,34.844,"rxuav=2,segment=7",YES,5,34.844,"zone=2,segment=7",NO,NO,/home/srmap/research/projects/v2x-multiuav-trust/results/scalability_N10_AR50_guarded_cusum_15seed/ON_seed3_x560_720_t36.log
3,5,NO,NO,68,2,2,2,1,1,NO,1,,NO,1,,NO,1,,NO,1,,,NO,1,,,NO,NO,/home/srmap/research/projects/v2x-multiuav-trust/results/scalability_N10_AR50_guarded_cusum_15seed/ON_seed3_x560_720_t36.log
3,6,NO,NO,68,2,2,2,1,1,NO,1,,NO,1,,NO,1,,NO,1,,,NO,1,,,NO,NO,/home/srmap/research/projects/v2x-multiuav-trust/results/scalability_N10_AR50_guarded_cusum_15seed/ON_seed3_x560_720_t36.log
3,7,NO,NO,67,2,2,2,1,1,NO,1,,NO,1,,NO,1,,NO,1,,,NO,1,,,NO,NO,/home/srmap/research/projects/v2x-multiuav-trust/results/scalability_N10_AR50_guarded_cusum_15seed/ON_seed3_x560_720_t36.log
3,8,YES,YES,67,19,2,2,9,9,YES,5,27.176,YES,5,28.176,YES,5,28.176,YES,5,35.175,"rxuav=2,segment=9",YES,5,35.175,"zone=2,segment=9",NO,NO,/home/srmap/research/projects/v2x-multiuav-trust/results/scalability_N10_AR50_guarded_cusum_15seed/ON_seed3_x560_720_t36.log
3,9,YES,YES,68,19,2,2,7,7,YES,5,27.346,YES,5,28.345,YES,5,28.345,YES,5,33.846,"rxuav=2,segment=7",YES,5,33.846,"zone=2,segment=7",NO,NO,/home/srmap/research/projects/v2x-multiuav-trust/results/scalability_N10_AR50_guarded_cusum_15seed/ON_seed3_x560_720_t36.log
4,0,YES,YES,68,20,2,2,10,10,YES,5,27.237,YES,5,27.237,YES,5,27.237,YES,3,27.237,"rxuav=1,segment=0",YES,3,27.237,"zone=1,segment=0",NO,NO,/home/srmap/research/projects/v2x-multiuav-trust/results/scalability_N10_AR50_guarded_cusum_15seed/ON_seed4_x560_720_t36.log
4,1,YES,YES,68,20,2,2,11,11,YES,5,26.734,YES,5,26.734,YES,5,26.734,YES,3,26.734,"rxuav=1,segment=0",YES,3,26.734,"zone=1,segment=0",NO,NO,/home/srmap/research/projects/v2x-multiuav-trust/results/scalability_N10_AR50_guarded_cusum_15seed/ON_seed4_x560_720_t36.log
4,2,YES,YES,67,19,2,2,11,11,YES,5,27.384,YES,5,28.384,YES,5,28.384,NO,3,,,NO,3,,,YES,NO,/home/srmap/research/projects/v2x-multiuav-trust/results/scalability_N10_AR50_guarded_cusum_15seed/ON_seed4_x560_720_t36.log
4,3,YES,YES,66,17,2,2,9,9,YES,5,27.534,YES,5,27.534,YES,5,27.534,YES,5,27.534,"rxuav=1,segment=0",YES,5,27.534,"zone=1,segment=0",NO,NO,/home/srmap/research/projects/v2x-multiuav-trust/results/scalability_N10_AR50_guarded_cusum_15seed/ON_seed4_x560_720_t36.log
4,4,NO,NO,68,2,2,2,1,1,NO,1,,NO,1,,NO,1,,NO,1,,,NO,1,,,NO,NO,/home/srmap/research/projects/v2x-multiuav-trust/results/scalability_N10_AR50_guarded_cusum_15seed/ON_seed4_x560_720_t36.log
4,5,YES,NO,11,0,1,1,0,0,NO,0,,NO,0,,NO,0,,NO,0,,,NO,0,,,NO,NO,/home/srmap/research/projects/v2x-multiuav-trust/results/scalability_N10_AR50_guarded_cusum_15seed/ON_seed4_x560_720_t36.log
4,6,NO,NO,68,2,2,2,1,1,NO,1,,NO,1,,NO,1,,NO,1,,,NO,1,,,NO,NO,/home/srmap/research/projects/v2x-multiuav-trust/results/scalability_N10_AR50_guarded_cusum_15seed/ON_seed4_x560_720_t36.log
4,7,NO,NO,68,2,2,2,1,1,NO,1,,NO,1,,NO,1,,NO,1,,,NO,1,,,NO,NO,/home/srmap/research/projects/v2x-multiuav-trust/results/scalability_N10_AR50_guarded_cusum_15seed/ON_seed4_x560_720_t36.log
4,8,YES,YES,66,19,2,2,9,9,YES,5,27.006,YES,5,28.006,YES,5,28.006,YES,5,35.006,"rxuav=2,segment=9",YES,5,35.006,"zone=2,segment=9",NO,NO,/home/srmap/research/projects/v2x-multiuav-trust/results/scalability_N10_AR50_guarded_cusum_15seed/ON_seed4_x560_720_t36.log
4,9,YES,YES,67,19,2,2,7,7,YES,5,27.496,YES,5,28.496,YES,5,28.496,YES,5,33.996,"rxuav=2,segment=7",YES,5,33.996,"zone=2,segment=7",NO,NO,/home/srmap/research/projects/v2x-multiuav-trust/results/scalability_N10_AR50_guarded_cusum_15seed/ON_seed4_x560_720_t36.log
5,0,YES,YES,67,20,2,2,10,10,YES,5,27.454,YES,5,27.454,YES,5,27.454,YES,3,27.454,"rxuav=1,segment=0",YES,3,27.454,"zone=1,segment=0",NO,NO,/home/srmap/research/projects/v2x-multiuav-trust/results/scalability_N10_AR50_guarded_cusum_15seed/ON_seed5_x560_720_t36.log
5,1,YES,YES,67,20,2,2,11,11,YES,5,26.764,YES,5,26.764,YES,5,26.764,YES,3,26.764,"rxuav=1,segment=0",YES,3,26.764,"zone=1,segment=0",NO,NO,/home/srmap/research/projects/v2x-multiuav-trust/results/scalability_N10_AR50_guarded_cusum_15seed/ON_seed5_x560_720_t36.log
5,2,YES,YES,67,19,2,2,11,11,YES,5,27.364,YES,5,28.364,YES,5,28.364,NO,3,,,NO,3,,,YES,NO,/home/srmap/research/projects/v2x-multiuav-trust/results/scalability_N10_AR50_guarded_cusum_15seed/ON_seed5_x560_720_t36.log
5,3,YES,YES,67,17,2,2,9,9,YES,5,27.783,YES,5,28.787,YES,5,28.787,YES,5,35.784,"rxuav=2,segment=9",YES,5,35.784,"zone=2,segment=9",NO,NO,/home/srmap/research/projects/v2x-multiuav-trust/results/scalability_N10_AR50_guarded_cusum_15seed/ON_seed5_x560_720_t36.log
5,4,YES,YES,67,16,2,2,7,7,YES,5,28.337,YES,5,29.337,YES,5,29.337,YES,5,34.834,"rxuav=2,segment=7",YES,5,34.834,"zone=2,segment=7",NO,NO,/home/srmap/research/projects/v2x-multiuav-trust/results/scalability_N10_AR50_guarded_cusum_15seed/ON_seed5_x560_720_t36.log
5,5,YES,YES,68,23,2,2,11,11,YES,5,25.496,YES,5,25.496,YES,5,25.496,YES,4,25.496,"rxuav=1,segment=0",YES,4,25.496,"zone=1,segment=0",NO,NO,/home/srmap/research/projects/v2x-multiuav-trust/results/scalability_N10_AR50_guarded_cusum_15seed/ON_seed5_x560_720_t36.log
5,6,NO,NO,68,2,2,2,1,1,NO,1,,NO,1,,NO,1,,NO,1,,,NO,1,,,NO,NO,/home/srmap/research/projects/v2x-multiuav-trust/results/scalability_N10_AR50_guarded_cusum_15seed/ON_seed5_x560_720_t36.log
5,7,NO,NO,68,2,2,2,1,1,NO,1,,NO,1,,NO,1,,NO,1,,,NO,1,,,NO,NO,/home/srmap/research/projects/v2x-multiuav-trust/results/scalability_N10_AR50_guarded_cusum_15seed/ON_seed5_x560_720_t36.log
5,8,YES,YES,68,19,2,2,9,9,YES,5,27.056,YES,5,28.056,YES,5,28.056,YES,5,35.056,"rxuav=2,segment=9",YES,5,35.056,"zone=2,segment=9",NO,NO,/home/srmap/research/projects/v2x-multiuav-trust/results/scalability_N10_AR50_guarded_cusum_15seed/ON_seed5_x560_720_t36.log
5,9,NO,NO,68,2,2,2,1,1,NO,1,,NO,1,,NO,1,,NO,1,,,NO,1,,,NO,NO,/home/srmap/research/projects/v2x-multiuav-trust/results/scalability_N10_AR50_guarded_cusum_15seed/ON_seed5_x560_720_t36.log
6,0,YES,YES,68,20,2,2,10,10,YES,5,27.064,YES,5,27.064,YES,5,27.064,YES,3,27.064,"rxuav=1,segment=0",YES,3,27.064,"zone=1,segment=0",NO,NO,/home/srmap/research/projects/v2x-multiuav-trust/results/scalability_N10_AR50_guarded_cusum_15seed/ON_seed6_x560_720_t36.log
6,1,YES,YES,67,20,2,2,11,11,YES,5,26.744,YES,5,26.744,YES,5,26.744,YES,3,26.744,"rxuav=1,segment=0",YES,3,26.744,"zone=1,segment=0",NO,NO,/home/srmap/research/projects/v2x-multiuav-trust/results/scalability_N10_AR50_guarded_cusum_15seed/ON_seed6_x560_720_t36.log
6,2,YES,YES,68,19,2,2,11,11,YES,5,27.354,YES,5,28.354,YES,5,28.354,NO,3,,,NO,3,,,YES,NO,/home/srmap/research/projects/v2x-multiuav-trust/results/scalability_N10_AR50_guarded_cusum_15seed/ON_seed6_x560_720_t36.log
6,3,YES,YES,67,17,2,2,9,9,YES,5,27.534,YES,5,27.534,YES,5,27.534,YES,5,27.534,"rxuav=1,segment=0",YES,5,27.534,"zone=1,segment=0",NO,NO,/home/srmap/research/projects/v2x-multiuav-trust/results/scalability_N10_AR50_guarded_cusum_15seed/ON_seed6_x560_720_t36.log
6,4,YES,YES,67,16,2,2,7,7,YES,5,28.166,YES,5,29.167,YES,5,29.167,YES,5,34.662,"rxuav=2,segment=7",YES,5,34.662,"zone=2,segment=7",NO,NO,/home/srmap/research/projects/v2x-multiuav-trust/results/scalability_N10_AR50_guarded_cusum_15seed/ON_seed6_x560_720_t36.log
6,5,NO,NO,67,2,2,2,1,1,NO,1,,NO,1,,NO,1,,NO,1,,,NO,1,,,NO,NO,/home/srmap/research/projects/v2x-multiuav-trust/results/scalability_N10_AR50_guarded_cusum_15seed/ON_seed6_x560_720_t36.log
6,6,NO,NO,67,2,2,2,1,1,NO,1,,NO,1,,NO,1,,NO,1,,,NO,1,,,NO,NO,/home/srmap/research/projects/v2x-multiuav-trust/results/scalability_N10_AR50_guarded_cusum_15seed/ON_seed6_x560_720_t36.log
6,7,YES,YES,68,20,2,2,9,9,YES,5,26.556,YES,5,27.556,YES,5,27.556,YES,5,34.556,"rxuav=2,segment=9",YES,5,34.556,"zone=2,segment=9",NO,NO,/home/srmap/research/projects/v2x-multiuav-trust/results/scalability_N10_AR50_guarded_cusum_15seed/ON_seed6_x560_720_t36.log
6,8,NO,NO,67,2,2,2,1,1,NO,1,,NO,1,,NO,1,,NO,1,,,NO,1,,,NO,NO,/home/srmap/research/projects/v2x-multiuav-trust/results/scalability_N10_AR50_guarded_cusum_15seed/ON_seed6_x560_720_t36.log
6,9,YES,YES,68,19,2,2,7,7,YES,5,27.326,YES,5,28.326,YES,5,28.326,YES,5,33.826,"rxuav=2,segment=7",YES,5,33.826,"zone=2,segment=7",NO,NO,/home/srmap/research/projects/v2x-multiuav-trust/results/scalability_N10_AR50_guarded_cusum_15seed/ON_seed6_x560_720_t36.log
7,0,YES,YES,67,20,2,2,10,10,YES,5,27.405,YES,5,27.405,YES,5,27.405,YES,3,27.405,"rxuav=1,segment=0",YES,3,27.405,"zone=1,segment=0",NO,NO,/home/srmap/research/projects/v2x-multiuav-trust/results/scalability_N10_AR50_guarded_cusum_15seed/ON_seed7_x560_720_t36.log
7,1,YES,YES,67,20,2,2,11,11,YES,5,26.694,YES,5,26.694,YES,5,26.694,YES,3,26.694,"rxuav=1,segment=0",YES,3,26.694,"zone=1,segment=0",NO,NO,/home/srmap/research/projects/v2x-multiuav-trust/results/scalability_N10_AR50_guarded_cusum_15seed/ON_seed7_x560_720_t36.log
7,2,YES,YES,68,19,2,2,11,11,YES,5,27.104,YES,5,27.104,YES,5,27.104,YES,3,27.104,"rxuav=1,segment=0",YES,3,27.104,"zone=1,segment=0",NO,NO,/home/srmap/research/projects/v2x-multiuav-trust/results/scalability_N10_AR50_guarded_cusum_15seed/ON_seed7_x560_720_t36.log
7,3,YES,YES,67,17,2,2,9,9,YES,5,27.844,YES,5,28.844,YES,5,28.844,YES,5,35.844,"rxuav=2,segment=9",YES,5,35.844,"zone=2,segment=9",NO,NO,/home/srmap/research/projects/v2x-multiuav-trust/results/scalability_N10_AR50_guarded_cusum_15seed/ON_seed7_x560_720_t36.log
7,4,NO,NO,68,2,2,2,1,1,NO,1,,NO,1,,NO,1,,NO,1,,,NO,1,,,NO,NO,/home/srmap/research/projects/v2x-multiuav-trust/results/scalability_N10_AR50_guarded_cusum_15seed/ON_seed7_x560_720_t36.log
7,5,NO,NO,68,2,2,2,1,1,NO,1,,NO,1,,NO,1,,NO,1,,,NO,1,,,NO,NO,/home/srmap/research/projects/v2x-multiuav-trust/results/scalability_N10_AR50_guarded_cusum_15seed/ON_seed7_x560_720_t36.log
7,6,YES,YES,68,21,2,2,11,11,YES,5,26.166,YES,5,27.166,YES,5,27.166,YES,5,35.669,"rxuav=2,segment=11",YES,5,35.669,"zone=2,segment=11",NO,NO,/home/srmap/research/projects/v2x-multiuav-trust/results/scalability_N10_AR50_guarded_cusum_15seed/ON_seed7_x560_720_t36.log
7,7,YES,YES,67,21,2,2,11,11,YES,5,26.436,YES,5,27.436,YES,5,27.436,YES,5,35.936,"rxuav=2,segment=11",YES,5,35.936,"zone=2,segment=11",NO,NO,/home/srmap/research/projects/v2x-multiuav-trust/results/scalability_N10_AR50_guarded_cusum_15seed/ON_seed7_x560_720_t36.log
7,8,NO,NO,68,2,2,2,1,1,NO,1,,NO,1,,NO,1,,NO,1,,,NO,1,,,NO,NO,/home/srmap/research/projects/v2x-multiuav-trust/results/scalability_N10_AR50_guarded_cusum_15seed/ON_seed7_x560_720_t36.log
7,9,YES,YES,66,17,2,2,7,7,YES,5,27.546,YES,5,28.547,YES,5,28.547,YES,5,34.046,"rxuav=2,segment=7",YES,5,34.046,"zone=2,segment=7",NO,NO,/home/srmap/research/projects/v2x-multiuav-trust/results/scalability_N10_AR50_guarded_cusum_15seed/ON_seed7_x560_720_t36.log
8,0,YES,YES,68,20,2,2,10,10,YES,5,27.104,YES,5,27.104,YES,5,27.104,YES,3,27.104,"rxuav=1,segment=0",YES,3,27.104,"zone=1,segment=0",NO,NO,/home/srmap/research/projects/v2x-multiuav-trust/results/scalability_N10_AR50_guarded_cusum_15seed/ON_seed8_x560_720_t36.log
8,1,YES,YES,67,19,2,2,11,11,YES,5,27.074,YES,5,27.074,YES,5,27.074,YES,3,27.074,"rxuav=1,segment=0",YES,3,27.074,"zone=1,segment=0",NO,NO,/home/srmap/research/projects/v2x-multiuav-trust/results/scalability_N10_AR50_guarded_cusum_15seed/ON_seed8_x560_720_t36.log
8,2,YES,YES,67,17,2,2,11,11,YES,5,27.504,YES,5,28.504,YES,5,28.504,NO,2,,,NO,2,,,YES,NO,/home/srmap/research/projects/v2x-multiuav-trust/results/scalability_N10_AR50_guarded_cusum_15seed/ON_seed8_x560_720_t36.log
8,3,YES,YES,68,19,2,2,9,9,YES,5,27.494,YES,5,27.494,YES,5,27.494,YES,5,27.494,"rxuav=1,segment=0",YES,5,27.494,"zone=1,segment=0",NO,NO,/home/srmap/research/projects/v2x-multiuav-trust/results/scalability_N10_AR50_guarded_cusum_15seed/ON_seed8_x560_720_t36.log
8,4,YES,NO,15,0,1,1,0,0,NO,0,,NO,0,,NO,0,,NO,0,,,NO,0,,,NO,NO,/home/srmap/research/projects/v2x-multiuav-trust/results/scalability_N10_AR50_guarded_cusum_15seed/ON_seed8_x560_720_t36.log
8,5,NO,NO,67,2,2,2,1,1,NO,1,,NO,1,,NO,1,,NO,1,,,NO,1,,,NO,NO,/home/srmap/research/projects/v2x-multiuav-trust/results/scalability_N10_AR50_guarded_cusum_15seed/ON_seed8_x560_720_t36.log
8,6,YES,YES,67,21,2,2,11,11,YES,5,26.336,YES,5,27.335,YES,5,27.335,YES,5,35.836,"rxuav=2,segment=11",YES,5,35.836,"zone=2,segment=11",NO,NO,/home/srmap/research/projects/v2x-multiuav-trust/results/scalability_N10_AR50_guarded_cusum_15seed/ON_seed8_x560_720_t36.log
8,7,NO,NO,68,2,2,2,1,1,NO,1,,NO,1,,NO,1,,NO,1,,,NO,1,,,NO,NO,/home/srmap/research/projects/v2x-multiuav-trust/results/scalability_N10_AR50_guarded_cusum_15seed/ON_seed8_x560_720_t36.log
8,8,NO,NO,68,2,2,2,1,1,NO,1,,NO,1,,NO,1,,NO,1,,,NO,1,,,NO,NO,/home/srmap/research/projects/v2x-multiuav-trust/results/scalability_N10_AR50_guarded_cusum_15seed/ON_seed8_x560_720_t36.log
8,9,YES,YES,66,17,2,2,7,7,YES,5,27.526,YES,5,28.529,YES,5,28.529,YES,5,34.026,"rxuav=2,segment=7",YES,5,34.026,"zone=2,segment=7",NO,NO,/home/srmap/research/projects/v2x-multiuav-trust/results/scalability_N10_AR50_guarded_cusum_15seed/ON_seed8_x560_720_t36.log
9,0,YES,YES,68,20,2,2,10,10,YES,5,27.186,YES,5,27.186,YES,5,27.186,YES,3,27.186,"rxuav=1,segment=0",YES,3,27.186,"zone=1,segment=0",NO,NO,/home/srmap/research/projects/v2x-multiuav-trust/results/scalability_N10_AR50_guarded_cusum_15seed/ON_seed9_x560_720_t36.log
9,1,YES,YES,66,19,2,2,11,11,YES,5,27.004,YES,5,27.004,YES,5,27.004,YES,3,27.004,"rxuav=1,segment=0",YES,3,27.004,"zone=1,segment=0",NO,NO,/home/srmap/research/projects/v2x-multiuav-trust/results/scalability_N10_AR50_guarded_cusum_15seed/ON_seed9_x560_720_t36.log
9,2,YES,YES,68,19,2,2,11,11,YES,5,27.324,YES,5,28.324,YES,5,28.324,NO,3,,,NO,3,,,YES,NO,/home/srmap/research/projects/v2x-multiuav-trust/results/scalability_N10_AR50_guarded_cusum_15seed/ON_seed9_x560_720_t36.log
9,3,YES,YES,66,17,2,2,9,9,YES,5,27.514,YES,5,27.514,YES,5,27.514,YES,5,27.514,"rxuav=1,segment=0",YES,5,27.514,"zone=1,segment=0",NO,NO,/home/srmap/research/projects/v2x-multiuav-trust/results/scalability_N10_AR50_guarded_cusum_15seed/ON_seed9_x560_720_t36.log
9,4,NO,NO,67,2,2,2,1,1,NO,1,,NO,1,,NO,1,,NO,1,,,NO,1,,,NO,NO,/home/srmap/research/projects/v2x-multiuav-trust/results/scalability_N10_AR50_guarded_cusum_15seed/ON_seed9_x560_720_t36.log
9,5,NO,NO,67,2,2,2,1,1,NO,1,,NO,1,,NO,1,,NO,1,,,NO,1,,,NO,NO,/home/srmap/research/projects/v2x-multiuav-trust/results/scalability_N10_AR50_guarded_cusum_15seed/ON_seed9_x560_720_t36.log
9,6,YES,YES,68,21,2,2,11,11,YES,5,26.276,YES,5,27.276,YES,5,27.276,YES,5,35.776,"rxuav=2,segment=11",YES,5,35.776,"zone=2,segment=11",NO,NO,/home/srmap/research/projects/v2x-multiuav-trust/results/scalability_N10_AR50_guarded_cusum_15seed/ON_seed9_x560_720_t36.log
9,7,YES,YES,67,20,2,2,9,9,YES,5,26.726,YES,5,27.726,YES,5,27.726,YES,5,34.726,"rxuav=2,segment=9",YES,5,34.726,"zone=2,segment=9",NO,NO,/home/srmap/research/projects/v2x-multiuav-trust/results/scalability_N10_AR50_guarded_cusum_15seed/ON_seed9_x560_720_t36.log
9,8,NO,NO,67,2,2,2,1,1,NO,1,,NO,1,,NO,1,,NO,1,,,NO,1,,,NO,NO,/home/srmap/research/projects/v2x-multiuav-trust/results/scalability_N10_AR50_guarded_cusum_15seed/ON_seed9_x560_720_t36.log
9,9,YES,YES,67,19,2,2,7,7,YES,5,27.226,YES,5,28.226,YES,5,28.226,YES,5,33.727,"rxuav=2,segment=7",YES,5,33.727,"zone=2,segment=7",NO,NO,/home/srmap/research/projects/v2x-multiuav-trust/results/scalability_N10_AR50_guarded_cusum_15seed/ON_seed9_x560_720_t36.log
10,0,YES,YES,68,20,2,2,10,10,YES,5,27.424,YES,5,27.424,YES,5,27.424,YES,3,27.424,"rxuav=1,segment=0",YES,3,27.424,"zone=1,segment=0",NO,NO,/home/srmap/research/projects/v2x-multiuav-trust/results/scalability_N10_AR50_guarded_cusum_15seed/ON_seed10_x560_720_t36.log
10,1,YES,YES,68,19,2,2,11,11,YES,5,27.084,YES,5,27.084,YES,5,27.084,YES,3,27.084,"rxuav=1,segment=0",YES,3,27.084,"zone=1,segment=0",NO,NO,/home/srmap/research/projects/v2x-multiuav-trust/results/scalability_N10_AR50_guarded_cusum_15seed/ON_seed10_x560_720_t36.log
10,2,YES,YES,68,19,2,2,11,11,YES,5,27.244,YES,5,28.244,YES,5,28.244,NO,3,,,NO,3,,,YES,NO,/home/srmap/research/projects/v2x-multiuav-trust/results/scalability_N10_AR50_guarded_cusum_15seed/ON_seed10_x560_720_t36.log
10,3,YES,YES,68,17,2,2,9,9,YES,5,27.944,YES,5,28.947,YES,5,28.947,YES,5,35.944,"rxuav=2,segment=9",YES,5,35.944,"zone=2,segment=9",NO,NO,/home/srmap/research/projects/v2x-multiuav-trust/results/scalability_N10_AR50_guarded_cusum_15seed/ON_seed10_x560_720_t36.log
10,4,YES,YES,68,16,2,2,7,7,YES,5,28.104,YES,5,29.104,YES,5,29.104,YES,5,34.607,"rxuav=2,segment=7",YES,5,34.607,"zone=2,segment=7",NO,NO,/home/srmap/research/projects/v2x-multiuav-trust/results/scalability_N10_AR50_guarded_cusum_15seed/ON_seed10_x560_720_t36.log
10,5,NO,NO,67,2,2,2,1,1,NO,1,,NO,1,,NO,1,,NO,1,,,NO,1,,,NO,NO,/home/srmap/research/projects/v2x-multiuav-trust/results/scalability_N10_AR50_guarded_cusum_15seed/ON_seed10_x560_720_t36.log
10,6,NO,NO,68,2,2,2,1,1,NO,1,,NO,1,,NO,1,,NO,1,,,NO,1,,,NO,NO,/home/srmap/research/projects/v2x-multiuav-trust/results/scalability_N10_AR50_guarded_cusum_15seed/ON_seed10_x560_720_t36.log
10,7,YES,YES,68,21,2,2,11,11,YES,5,26.346,YES,5,26.346,YES,5,26.346,YES,5,26.346,"rxuav=1,segment=0",YES,5,26.346,"zone=1,segment=0",NO,NO,/home/srmap/research/projects/v2x-multiuav-trust/results/scalability_N10_AR50_guarded_cusum_15seed/ON_seed10_x560_720_t36.log
10,8,YES,YES,67,20,2,2,9,9,YES,5,26.816,YES,5,27.816,YES,5,27.816,YES,5,34.819,"rxuav=2,segment=9",YES,5,34.819,"zone=2,segment=9",NO,NO,/home/srmap/research/projects/v2x-multiuav-trust/results/scalability_N10_AR50_guarded_cusum_15seed/ON_seed10_x560_720_t36.log
10,9,NO,NO,67,2,2,2,1,1,NO,1,,NO,1,,NO,1,,NO,1,,,NO,1,,,NO,NO,/home/srmap/research/projects/v2x-multiuav-trust/results/scalability_N10_AR50_guarded_cusum_15seed/ON_seed10_x560_720_t36.log
11,0,YES,NO,13,0,1,1,0,0,NO,0,,NO,0,,NO,0,,NO,0,,,NO,0,,,NO,NO,/home/srmap/research/projects/v2x-multiuav-trust/results/scalability_N10_AR50_guarded_cusum_15seed/ON_seed11_x560_720_t36.log
11,1,YES,YES,68,19,2,2,11,11,YES,5,27.124,YES,5,27.124,YES,5,27.124,YES,3,27.124,"rxuav=1,segment=0",YES,3,27.124,"zone=1,segment=0",NO,NO,/home/srmap/research/projects/v2x-multiuav-trust/results/scalability_N10_AR50_guarded_cusum_15seed/ON_seed11_x560_720_t36.log
11,2,YES,YES,67,19,2,2,11,11,YES,5,27.144,YES,5,27.144,YES,5,27.144,YES,3,27.144,"rxuav=1,segment=0",YES,3,27.144,"zone=1,segment=0",NO,NO,/home/srmap/research/projects/v2x-multiuav-trust/results/scalability_N10_AR50_guarded_cusum_15seed/ON_seed11_x560_720_t36.log
11,3,NO,NO,68,2,2,2,1,1,NO,1,,NO,1,,NO,1,,NO,1,,,NO,1,,,NO,NO,/home/srmap/research/projects/v2x-multiuav-trust/results/scalability_N10_AR50_guarded_cusum_15seed/ON_seed11_x560_720_t36.log
11,4,NO,NO,68,2,2,2,1,1,NO,1,,NO,1,,NO,1,,NO,1,,,NO,1,,,NO,NO,/home/srmap/research/projects/v2x-multiuav-trust/results/scalability_N10_AR50_guarded_cusum_15seed/ON_seed11_x560_720_t36.log
11,5,YES,YES,67,23,2,2,11,11,YES,5,25.399,YES,5,25.399,YES,5,25.399,YES,4,25.399,"rxuav=1,segment=0",YES,4,25.399,"zone=1,segment=0",NO,NO,/home/srmap/research/projects/v2x-multiuav-trust/results/scalability_N10_AR50_guarded_cusum_15seed/ON_seed11_x560_720_t36.log
11,6,YES,YES,67,21,2,2,11,11,YES,5,26.246,YES,5,27.247,YES,5,27.247,YES,5,35.746,"rxuav=2,segment=11",YES,5,35.746,"zone=2,segment=11",NO,NO,/home/srmap/research/projects/v2x-multiuav-trust/results/scalability_N10_AR50_guarded_cusum_15seed/ON_seed11_x560_720_t36.log
11,7,YES,YES,68,20,2,2,9,9,YES,5,26.716,YES,5,27.715,YES,5,27.715,YES,5,34.716,"rxuav=2,segment=9",YES,5,34.716,"zone=2,segment=9",NO,NO,/home/srmap/research/projects/v2x-multiuav-trust/results/scalability_N10_AR50_guarded_cusum_15seed/ON_seed11_x560_720_t36.log
11,8,NO,NO,68,2,2,2,1,1,NO,1,,NO,1,,NO,1,,NO,1,,,NO,1,,,NO,NO,/home/srmap/research/projects/v2x-multiuav-trust/results/scalability_N10_AR50_guarded_cusum_15seed/ON_seed11_x560_720_t36.log
11,9,YES,YES,68,17,2,2,7,7,YES,5,27.559,YES,5,28.556,YES,5,28.556,YES,5,34.057,"rxuav=2,segment=7",YES,5,34.057,"zone=2,segment=7",NO,NO,/home/srmap/research/projects/v2x-multiuav-trust/results/scalability_N10_AR50_guarded_cusum_15seed/ON_seed11_x560_720_t36.log
12,0,YES,YES,67,20,2,2,10,10,YES,5,27.244,YES,5,27.244,YES,5,27.244,YES,3,27.244,"rxuav=1,segment=0",YES,3,27.244,"zone=1,segment=0",NO,NO,/home/srmap/research/projects/v2x-multiuav-trust/results/scalability_N10_AR50_guarded_cusum_15seed/ON_seed12_x560_720_t36.log
12,1,YES,YES,68,20,2,2,11,11,YES,5,26.944,YES,5,26.944,YES,5,26.944,YES,3,26.944,"rxuav=1,segment=0",YES,3,26.944,"zone=1,segment=0",NO,NO,/home/srmap/research/projects/v2x-multiuav-trust/results/scalability_N10_AR50_guarded_cusum_15seed/ON_seed12_x560_720_t36.log
12,2,YES,YES,66,17,2,2,11,11,YES,5,27.524,YES,5,28.522,YES,5,28.522,NO,2,,,NO,2,,,YES,NO,/home/srmap/research/projects/v2x-multiuav-trust/results/scalability_N10_AR50_guarded_cusum_15seed/ON_seed12_x560_720_t36.log
12,3,YES,YES,67,17,2,2,9,9,YES,5,27.944,YES,5,28.944,YES,5,28.944,YES,5,35.944,"rxuav=2,segment=9",YES,5,35.944,"zone=2,segment=9",NO,NO,/home/srmap/research/projects/v2x-multiuav-trust/results/scalability_N10_AR50_guarded_cusum_15seed/ON_seed12_x560_720_t36.log
12,4,NO,NO,67,2,2,2,1,1,NO,1,,NO,1,,NO,1,,NO,1,,,NO,1,,,NO,NO,/home/srmap/research/projects/v2x-multiuav-trust/results/scalability_N10_AR50_guarded_cusum_15seed/ON_seed12_x560_720_t36.log
12,5,YES,YES,67,22,2,2,11,11,YES,5,25.536,YES,5,25.536,YES,5,25.536,YES,4,25.536,"rxuav=1,segment=0",YES,4,25.536,"zone=1,segment=0",NO,NO,/home/srmap/research/projects/v2x-multiuav-trust/results/scalability_N10_AR50_guarded_cusum_15seed/ON_seed12_x560_720_t36.log
12,6,NO,NO,67,2,2,2,1,1,NO,1,,NO,1,,NO,1,,NO,1,,,NO,1,,,NO,NO,/home/srmap/research/projects/v2x-multiuav-trust/results/scalability_N10_AR50_guarded_cusum_15seed/ON_seed12_x560_720_t36.log
12,7,YES,YES,67,20,2,2,9,9,YES,5,26.786,YES,5,27.786,YES,5,27.786,YES,5,34.786,"rxuav=2,segment=9",YES,5,34.786,"zone=2,segment=9",NO,NO,/home/srmap/research/projects/v2x-multiuav-trust/results/scalability_N10_AR50_guarded_cusum_15seed/ON_seed12_x560_720_t36.log
12,8,NO,NO,68,2,2,2,1,1,NO,1,,NO,1,,NO,1,,NO,1,,,NO,1,,,NO,NO,/home/srmap/research/projects/v2x-multiuav-trust/results/scalability_N10_AR50_guarded_cusum_15seed/ON_seed12_x560_720_t36.log
12,9,YES,YES,67,19,2,2,7,7,YES,5,27.346,YES,5,28.346,YES,5,28.346,YES,5,33.846,"rxuav=2,segment=7",YES,5,33.846,"zone=2,segment=7",NO,NO,/home/srmap/research/projects/v2x-multiuav-trust/results/scalability_N10_AR50_guarded_cusum_15seed/ON_seed12_x560_720_t36.log
13,0,YES,YES,67,20,2,2,10,10,YES,5,27.344,YES,5,27.344,YES,5,27.344,YES,3,27.344,"rxuav=1,segment=0",YES,3,27.344,"zone=1,segment=0",NO,NO,/home/srmap/research/projects/v2x-multiuav-trust/results/scalability_N10_AR50_guarded_cusum_15seed/ON_seed13_x560_720_t36.log
13,1,YES,YES,67,20,2,2,11,11,YES,5,26.944,YES,5,26.944,YES,5,26.944,YES,3,26.944,"rxuav=1,segment=0",YES,3,26.944,"zone=1,segment=0",NO,NO,/home/srmap/research/projects/v2x-multiuav-trust/results/scalability_N10_AR50_guarded_cusum_15seed/ON_seed13_x560_720_t36.log
13,2,YES,YES,68,19,2,2,11,11,YES,5,27.444,YES,5,28.444,YES,5,28.444,NO,3,,,NO,3,,,YES,NO,/home/srmap/research/projects/v2x-multiuav-trust/results/scalability_N10_AR50_guarded_cusum_15seed/ON_seed13_x560_720_t36.log
13,3,YES,YES,67,17,2,2,9,9,YES,5,27.534,YES,5,27.534,YES,5,27.534,YES,5,27.534,"rxuav=1,segment=0",YES,5,27.534,"zone=1,segment=0",NO,NO,/home/srmap/research/projects/v2x-multiuav-trust/results/scalability_N10_AR50_guarded_cusum_15seed/ON_seed13_x560_720_t36.log
13,4,YES,YES,68,17,2,2,9,9,YES,5,27.964,YES,5,27.964,YES,5,27.964,YES,5,27.964,"rxuav=1,segment=0",YES,5,27.964,"zone=1,segment=0",NO,NO,/home/srmap/research/projects/v2x-multiuav-trust/results/scalability_N10_AR50_guarded_cusum_15seed/ON_seed13_x560_720_t36.log
13,5,YES,YES,67,22,2,2,11,11,YES,5,25.766,YES,5,25.766,YES,5,25.766,YES,3,25.766,"rxuav=1,segment=0",YES,3,25.766,"zone=1,segment=0",NO,NO,/home/srmap/research/projects/v2x-multiuav-trust/results/scalability_N10_AR50_guarded_cusum_15seed/ON_seed13_x560_720_t36.log
13,6,YES,YES,67,21,2,2,11,11,YES,5,26.116,YES,5,26.116,YES,5,26.116,YES,5,26.116,"rxuav=1,segment=0",YES,5,26.116,"zone=1,segment=0",NO,NO,/home/srmap/research/projects/v2x-multiuav-trust/results/scalability_N10_AR50_guarded_cusum_15seed/ON_seed13_x560_720_t36.log
13,7,NO,NO,67,2,2,2,1,1,NO,1,,NO,1,,NO,1,,NO,1,,,NO,1,,,NO,NO,/home/srmap/research/projects/v2x-multiuav-trust/results/scalability_N10_AR50_guarded_cusum_15seed/ON_seed13_x560_720_t36.log
13,8,NO,NO,67,2,2,2,1,1,NO,1,,NO,1,,NO,1,,NO,1,,,NO,1,,,NO,NO,/home/srmap/research/projects/v2x-multiuav-trust/results/scalability_N10_AR50_guarded_cusum_15seed/ON_seed13_x560_720_t36.log
13,9,NO,NO,68,2,2,2,1,1,NO,1,,NO,1,,NO,1,,NO,1,,,NO,1,,,NO,NO,/home/srmap/research/projects/v2x-multiuav-trust/results/scalability_N10_AR50_guarded_cusum_15seed/ON_seed13_x560_720_t36.log
14,0,YES,YES,68,20,2,2,10,10,YES,5,27.184,YES,5,27.184,YES,5,27.184,YES,3,27.184,"rxuav=1,segment=0",YES,3,27.184,"zone=1,segment=0",NO,NO,/home/srmap/research/projects/v2x-multiuav-trust/results/scalability_N10_AR50_guarded_cusum_15seed/ON_seed14_x560_720_t36.log
14,1,YES,YES,67,19,2,2,11,11,YES,5,27.043,YES,5,27.043,YES,5,27.043,YES,3,27.043,"rxuav=1,segment=0",YES,3,27.043,"zone=1,segment=0",NO,NO,/home/srmap/research/projects/v2x-multiuav-trust/results/scalability_N10_AR50_guarded_cusum_15seed/ON_seed14_x560_720_t36.log
14,2,YES,YES,67,19,2,2,11,11,YES,5,27.354,YES,5,28.354,YES,5,28.354,NO,3,,,NO,3,,,YES,NO,/home/srmap/research/projects/v2x-multiuav-trust/results/scalability_N10_AR50_guarded_cusum_15seed/ON_seed14_x560_720_t36.log
14,3,YES,YES,68,17,2,2,9,9,YES,5,27.603,YES,5,28.604,YES,5,28.604,YES,5,35.604,"rxuav=2,segment=9",YES,5,35.604,"zone=2,segment=9",NO,NO,/home/srmap/research/projects/v2x-multiuav-trust/results/scalability_N10_AR50_guarded_cusum_15seed/ON_seed14_x560_720_t36.log
14,4,YES,YES,67,17,2,2,7,7,YES,5,27.974,YES,5,27.974,YES,5,27.974,YES,5,27.974,"rxuav=1,segment=0",YES,5,27.974,"zone=1,segment=0",NO,NO,/home/srmap/research/projects/v2x-multiuav-trust/results/scalability_N10_AR50_guarded_cusum_15seed/ON_seed14_x560_720_t36.log
14,5,YES,YES,67,23,2,2,11,11,YES,5,25.346,YES,5,25.346,YES,5,25.346,YES,4,25.346,"rxuav=1,segment=0",YES,4,25.346,"zone=1,segment=0",NO,NO,/home/srmap/research/projects/v2x-multiuav-trust/results/scalability_N10_AR50_guarded_cusum_15seed/ON_seed14_x560_720_t36.log
14,6,NO,NO,67,2,2,2,1,1,NO,1,,NO,1,,NO,1,,NO,1,,,NO,1,,,NO,NO,/home/srmap/research/projects/v2x-multiuav-trust/results/scalability_N10_AR50_guarded_cusum_15seed/ON_seed14_x560_720_t36.log
14,7,NO,NO,68,2,2,2,1,1,NO,1,,NO,1,,NO,1,,NO,1,,,NO,1,,,NO,NO,/home/srmap/research/projects/v2x-multiuav-trust/results/scalability_N10_AR50_guarded_cusum_15seed/ON_seed14_x560_720_t36.log
14,8,YES,YES,67,20,2,2,9,9,YES,5,26.987,YES,5,27.984,YES,5,27.984,YES,5,34.987,"rxuav=2,segment=9",YES,5,34.987,"zone=2,segment=9",NO,NO,/home/srmap/research/projects/v2x-multiuav-trust/results/scalability_N10_AR50_guarded_cusum_15seed/ON_seed14_x560_720_t36.log
14,9,NO,NO,68,2,2,2,1,1,NO,1,,NO,1,,NO,1,,NO,1,,,NO,1,,,NO,NO,/home/srmap/research/projects/v2x-multiuav-trust/results/scalability_N10_AR50_guarded_cusum_15seed/ON_seed14_x560_720_t36.log
15,0,YES,YES,67,20,2,2,10,10,YES,5,27.127,YES,5,27.127,YES,5,27.127,YES,3,27.127,"rxuav=1,segment=0",YES,3,27.127,"zone=1,segment=0",NO,NO,/home/srmap/research/projects/v2x-multiuav-trust/results/scalability_N10_AR50_guarded_cusum_15seed/ON_seed15_x560_720_t36.log
15,1,YES,YES,68,20,2,2,11,11,YES,5,26.884,YES,5,26.884,YES,5,26.884,YES,3,26.884,"rxuav=1,segment=0",YES,3,26.884,"zone=1,segment=0",NO,NO,/home/srmap/research/projects/v2x-multiuav-trust/results/scalability_N10_AR50_guarded_cusum_15seed/ON_seed15_x560_720_t36.log
15,2,YES,YES,67,19,2,2,11,11,YES,5,27.104,YES,5,27.104,YES,5,27.104,YES,3,27.104,"rxuav=1,segment=0",YES,3,27.104,"zone=1,segment=0",NO,NO,/home/srmap/research/projects/v2x-multiuav-trust/results/scalability_N10_AR50_guarded_cusum_15seed/ON_seed15_x560_720_t36.log
15,3,NO,NO,67,2,2,2,1,1,NO,1,,NO,1,,NO,1,,NO,1,,,NO,1,,,NO,NO,/home/srmap/research/projects/v2x-multiuav-trust/results/scalability_N10_AR50_guarded_cusum_15seed/ON_seed15_x560_720_t36.log
15,4,NO,NO,68,2,2,2,1,1,NO,1,,NO,1,,NO,1,,NO,1,,,NO,1,,,NO,NO,/home/srmap/research/projects/v2x-multiuav-trust/results/scalability_N10_AR50_guarded_cusum_15seed/ON_seed15_x560_720_t36.log
15,5,YES,NO,15,0,1,1,0,0,NO,0,,NO,0,,NO,0,,NO,0,,,NO,0,,,NO,NO,/home/srmap/research/projects/v2x-multiuav-trust/results/scalability_N10_AR50_guarded_cusum_15seed/ON_seed15_x560_720_t36.log
15,6,NO,NO,68,2,2,2,1,1,NO,1,,NO,1,,NO,1,,NO,1,,,NO,1,,,NO,NO,/home/srmap/research/projects/v2x-multiuav-trust/results/scalability_N10_AR50_guarded_cusum_15seed/ON_seed15_x560_720_t36.log
15,7,YES,YES,68,21,2,2,9,9,YES,5,26.486,YES,5,27.486,YES,5,27.486,YES,5,34.486,"rxuav=2,segment=9",YES,5,34.486,"zone=2,segment=9",NO,NO,/home/srmap/research/projects/v2x-multiuav-trust/results/scalability_N10_AR50_guarded_cusum_15seed/ON_seed15_x560_720_t36.log
15,8,YES,YES,68,20,2,2,9,9,YES,5,26.966,YES,5,27.966,YES,5,27.966,YES,5,34.969,"rxuav=2,segment=9",YES,5,34.969,"zone=2,segment=9",NO,NO,/home/srmap/research/projects/v2x-multiuav-trust/results/scalability_N10_AR50_guarded_cusum_15seed/ON_seed15_x560_720_t36.log
15,9,YES,YES,68,19,2,2,7,7,YES,5,27.319,YES,5,28.316,YES,5,28.316,YES,5,33.819,"rxuav=2,segment=7",YES,5,33.819,"zone=2,segment=7",NO,NO,/home/srmap/research/projects/v2x-multiuav-trust/results/scalability_N10_AR50_guarded_cusum_15seed/ON_seed15_x560_720_t36.log
