baseline_variant,K,W,seed,cid,malicious,proposed_detected,veremi_detected,category,veremi_detection_time,source_log_path
Full_VeReMi_window_K1_W5,1,5,1,0,YES,YES,YES,caught_by_both,12.025,/home/srmap/research/projects/v2x-multiuav-trust/results/scalability_N10_AR50_guarded_cusum_15seed/ON_seed1_x560_720_t36.log
Full_VeReMi_window_K1_W5,1,5,1,1,YES,YES,YES,caught_by_both,14.384,/home/srmap/research/projects/v2x-multiuav-trust/results/scalability_N10_AR50_guarded_cusum_15seed/ON_seed1_x560_720_t36.log
Full_VeReMi_window_K1_W5,1,5,1,2,YES,YES,YES,caught_by_both,15.924,/home/srmap/research/projects/v2x-multiuav-trust/results/scalability_N10_AR50_guarded_cusum_15seed/ON_seed1_x560_720_t36.log
Full_VeReMi_window_K1_W5,1,5,1,3,NO,NO,YES,veremi_fp_only,18.344,/home/srmap/research/projects/v2x-multiuav-trust/results/scalability_N10_AR50_guarded_cusum_15seed/ON_seed1_x560_720_t36.log
Full_VeReMi_window_K1_W5,1,5,1,4,YES,YES,YES,caught_by_both,20.004,/home/srmap/research/projects/v2x-multiuav-trust/results/scalability_N10_AR50_guarded_cusum_15seed/ON_seed1_x560_720_t36.log
Full_VeReMi_window_K1_W5,1,5,1,5,YES,YES,YES,caught_by_both,12.096,/home/srmap/research/projects/v2x-multiuav-trust/results/scalability_N10_AR50_guarded_cusum_15seed/ON_seed1_x560_720_t36.log
Full_VeReMi_window_K1_W5,1,5,1,6,YES,YES,YES,caught_by_both,14.086,/home/srmap/research/projects/v2x-multiuav-trust/results/scalability_N10_AR50_guarded_cusum_15seed/ON_seed1_x560_720_t36.log
Full_VeReMi_window_K1_W5,1,5,1,7,YES,YES,YES,caught_by_both,16.346,/home/srmap/research/projects/v2x-multiuav-trust/results/scalability_N10_AR50_guarded_cusum_15seed/ON_seed1_x560_720_t36.log
Full_VeReMi_window_K1_W5,1,5,1,8,NO,NO,YES,veremi_fp_only,17.936,/home/srmap/research/projects/v2x-multiuav-trust/results/scalability_N10_AR50_guarded_cusum_15seed/ON_seed1_x560_720_t36.log
Full_VeReMi_window_K1_W5,1,5,1,9,NO,NO,NO,honest_clean,,/home/srmap/research/projects/v2x-multiuav-trust/results/scalability_N10_AR50_guarded_cusum_15seed/ON_seed1_x560_720_t36.log
Full_VeReMi_window_K2_W5,2,5,1,0,YES,YES,YES,caught_by_both,24.025,/home/srmap/research/projects/v2x-multiuav-trust/results/scalability_N10_AR50_guarded_cusum_15seed/ON_seed1_x560_720_t36.log
Full_VeReMi_window_K2_W5,2,5,1,1,YES,YES,YES,caught_by_both,25.384,/home/srmap/research/projects/v2x-multiuav-trust/results/scalability_N10_AR50_guarded_cusum_15seed/ON_seed1_x560_720_t36.log
Full_VeReMi_window_K2_W5,2,5,1,2,YES,YES,YES,caught_by_both,25.924,/home/srmap/research/projects/v2x-multiuav-trust/results/scalability_N10_AR50_guarded_cusum_15seed/ON_seed1_x560_720_t36.log
Full_VeReMi_window_K2_W5,2,5,1,3,NO,NO,YES,veremi_fp_only,29.843,/home/srmap/research/projects/v2x-multiuav-trust/results/scalability_N10_AR50_guarded_cusum_15seed/ON_seed1_x560_720_t36.log
Full_VeReMi_window_K2_W5,2,5,1,4,YES,YES,YES,caught_by_both,26.504,/home/srmap/research/projects/v2x-multiuav-trust/results/scalability_N10_AR50_guarded_cusum_15seed/ON_seed1_x560_720_t36.log
Full_VeReMi_window_K2_W5,2,5,1,5,YES,YES,YES,caught_by_both,24.096,/home/srmap/research/projects/v2x-multiuav-trust/results/scalability_N10_AR50_guarded_cusum_15seed/ON_seed1_x560_720_t36.log
Full_VeReMi_window_K2_W5,2,5,1,6,YES,YES,YES,caught_by_both,24.586,/home/srmap/research/projects/v2x-multiuav-trust/results/scalability_N10_AR50_guarded_cusum_15seed/ON_seed1_x560_720_t36.log
Full_VeReMi_window_K2_W5,2,5,1,7,YES,YES,YES,caught_by_both,24.846,/home/srmap/research/projects/v2x-multiuav-trust/results/scalability_N10_AR50_guarded_cusum_15seed/ON_seed1_x560_720_t36.log
Full_VeReMi_window_K2_W5,2,5,1,8,NO,NO,YES,veremi_fp_only,29.936,/home/srmap/research/projects/v2x-multiuav-trust/results/scalability_N10_AR50_guarded_cusum_15seed/ON_seed1_x560_720_t36.log
Full_VeReMi_window_K2_W5,2,5,1,9,NO,NO,NO,honest_clean,,/home/srmap/research/projects/v2x-multiuav-trust/results/scalability_N10_AR50_guarded_cusum_15seed/ON_seed1_x560_720_t36.log
Full_VeReMi_window_K3_W5,3,5,1,0,YES,YES,YES,caught_by_both,25.524,/home/srmap/research/projects/v2x-multiuav-trust/results/scalability_N10_AR50_guarded_cusum_15seed/ON_seed1_x560_720_t36.log
Full_VeReMi_window_K3_W5,3,5,1,1,YES,YES,YES,caught_by_both,26.384,/home/srmap/research/projects/v2x-multiuav-trust/results/scalability_N10_AR50_guarded_cusum_15seed/ON_seed1_x560_720_t36.log
Full_VeReMi_window_K3_W5,3,5,1,2,YES,YES,YES,caught_by_both,26.924,/home/srmap/research/projects/v2x-multiuav-trust/results/scalability_N10_AR50_guarded_cusum_15seed/ON_seed1_x560_720_t36.log
Full_VeReMi_window_K3_W5,3,5,1,3,NO,NO,NO,honest_clean,,/home/srmap/research/projects/v2x-multiuav-trust/results/scalability_N10_AR50_guarded_cusum_15seed/ON_seed1_x560_720_t36.log
Full_VeReMi_window_K3_W5,3,5,1,4,YES,YES,YES,caught_by_both,27.504,/home/srmap/research/projects/v2x-multiuav-trust/results/scalability_N10_AR50_guarded_cusum_15seed/ON_seed1_x560_720_t36.log
Full_VeReMi_window_K3_W5,3,5,1,5,YES,YES,YES,caught_by_both,24.596,/home/srmap/research/projects/v2x-multiuav-trust/results/scalability_N10_AR50_guarded_cusum_15seed/ON_seed1_x560_720_t36.log
Full_VeReMi_window_K3_W5,3,5,1,6,YES,YES,YES,caught_by_both,25.586,/home/srmap/research/projects/v2x-multiuav-trust/results/scalability_N10_AR50_guarded_cusum_15seed/ON_seed1_x560_720_t36.log
Full_VeReMi_window_K3_W5,3,5,1,7,YES,YES,YES,caught_by_both,25.846,/home/srmap/research/projects/v2x-multiuav-trust/results/scalability_N10_AR50_guarded_cusum_15seed/ON_seed1_x560_720_t36.log
Full_VeReMi_window_K3_W5,3,5,1,8,NO,NO,NO,honest_clean,,/home/srmap/research/projects/v2x-multiuav-trust/results/scalability_N10_AR50_guarded_cusum_15seed/ON_seed1_x560_720_t36.log
Full_VeReMi_window_K3_W5,3,5,1,9,NO,NO,NO,honest_clean,,/home/srmap/research/projects/v2x-multiuav-trust/results/scalability_N10_AR50_guarded_cusum_15seed/ON_seed1_x560_720_t36.log
Full_VeReMi_window_K1_W5,1,5,2,0,YES,YES,YES,caught_by_both,12.024,/home/srmap/research/projects/v2x-multiuav-trust/results/scalability_N10_AR50_guarded_cusum_15seed/ON_seed2_x560_720_t36.log
Full_VeReMi_window_K1_W5,1,5,2,1,YES,YES,YES,caught_by_both,13.975,/home/srmap/research/projects/v2x-multiuav-trust/results/scalability_N10_AR50_guarded_cusum_15seed/ON_seed2_x560_720_t36.log
Full_VeReMi_window_K1_W5,1,5,2,2,YES,YES,YES,caught_by_both,16.304,/home/srmap/research/projects/v2x-multiuav-trust/results/scalability_N10_AR50_guarded_cusum_15seed/ON_seed2_x560_720_t36.log
Full_VeReMi_window_K1_W5,1,5,2,3,YES,YES,YES,caught_by_both,18.334,/home/srmap/research/projects/v2x-multiuav-trust/results/scalability_N10_AR50_guarded_cusum_15seed/ON_seed2_x560_720_t36.log
Full_VeReMi_window_K1_W5,1,5,2,4,YES,YES,YES,caught_by_both,20.284,/home/srmap/research/projects/v2x-multiuav-trust/results/scalability_N10_AR50_guarded_cusum_15seed/ON_seed2_x560_720_t36.log
Full_VeReMi_window_K1_W5,1,5,2,5,YES,YES,YES,caught_by_both,11.916,/home/srmap/research/projects/v2x-multiuav-trust/results/scalability_N10_AR50_guarded_cusum_15seed/ON_seed2_x560_720_t36.log
Full_VeReMi_window_K1_W5,1,5,2,6,NO,NO,YES,veremi_fp_only,14.046,/home/srmap/research/projects/v2x-multiuav-trust/results/scalability_N10_AR50_guarded_cusum_15seed/ON_seed2_x560_720_t36.log
Full_VeReMi_window_K1_W5,1,5,2,7,YES,YES,YES,caught_by_both,16.276,/home/srmap/research/projects/v2x-multiuav-trust/results/scalability_N10_AR50_guarded_cusum_15seed/ON_seed2_x560_720_t36.log
Full_VeReMi_window_K1_W5,1,5,2,8,NO,NO,YES,veremi_fp_only,18.176,/home/srmap/research/projects/v2x-multiuav-trust/results/scalability_N10_AR50_guarded_cusum_15seed/ON_seed2_x560_720_t36.log
Full_VeReMi_window_K1_W5,1,5,2,9,NO,NO,YES,veremi_fp_only,19.916,/home/srmap/research/projects/v2x-multiuav-trust/results/scalability_N10_AR50_guarded_cusum_15seed/ON_seed2_x560_720_t36.log
Full_VeReMi_window_K2_W5,2,5,2,0,YES,YES,YES,caught_by_both,24.024,/home/srmap/research/projects/v2x-multiuav-trust/results/scalability_N10_AR50_guarded_cusum_15seed/ON_seed2_x560_720_t36.log
Full_VeReMi_window_K2_W5,2,5,2,1,YES,YES,YES,caught_by_both,25.474,/home/srmap/research/projects/v2x-multiuav-trust/results/scalability_N10_AR50_guarded_cusum_15seed/ON_seed2_x560_720_t36.log
Full_VeReMi_window_K2_W5,2,5,2,2,YES,YES,YES,caught_by_both,25.804,/home/srmap/research/projects/v2x-multiuav-trust/results/scalability_N10_AR50_guarded_cusum_15seed/ON_seed2_x560_720_t36.log
Full_VeReMi_window_K2_W5,2,5,2,3,YES,YES,YES,caught_by_both,26.334,/home/srmap/research/projects/v2x-multiuav-trust/results/scalability_N10_AR50_guarded_cusum_15seed/ON_seed2_x560_720_t36.log
Full_VeReMi_window_K2_W5,2,5,2,4,YES,YES,YES,caught_by_both,26.784,/home/srmap/research/projects/v2x-multiuav-trust/results/scalability_N10_AR50_guarded_cusum_15seed/ON_seed2_x560_720_t36.log
Full_VeReMi_window_K2_W5,2,5,2,5,YES,YES,YES,caught_by_both,23.916,/home/srmap/research/projects/v2x-multiuav-trust/results/scalability_N10_AR50_guarded_cusum_15seed/ON_seed2_x560_720_t36.log
Full_VeReMi_window_K2_W5,2,5,2,6,NO,NO,YES,veremi_fp_only,26.046,/home/srmap/research/projects/v2x-multiuav-trust/results/scalability_N10_AR50_guarded_cusum_15seed/ON_seed2_x560_720_t36.log
Full_VeReMi_window_K2_W5,2,5,2,7,YES,YES,YES,caught_by_both,25.274,/home/srmap/research/projects/v2x-multiuav-trust/results/scalability_N10_AR50_guarded_cusum_15seed/ON_seed2_x560_720_t36.log
Full_VeReMi_window_K2_W5,2,5,2,8,NO,NO,YES,veremi_fp_only,30.176,/home/srmap/research/projects/v2x-multiuav-trust/results/scalability_N10_AR50_guarded_cusum_15seed/ON_seed2_x560_720_t36.log
Full_VeReMi_window_K2_W5,2,5,2,9,NO,NO,YES,veremi_fp_only,31.916,/home/srmap/research/projects/v2x-multiuav-trust/results/scalability_N10_AR50_guarded_cusum_15seed/ON_seed2_x560_720_t36.log
Full_VeReMi_window_K3_W5,3,5,2,0,YES,YES,YES,caught_by_both,25.524,/home/srmap/research/projects/v2x-multiuav-trust/results/scalability_N10_AR50_guarded_cusum_15seed/ON_seed2_x560_720_t36.log
Full_VeReMi_window_K3_W5,3,5,2,1,YES,YES,YES,caught_by_both,26.474,/home/srmap/research/projects/v2x-multiuav-trust/results/scalability_N10_AR50_guarded_cusum_15seed/ON_seed2_x560_720_t36.log
Full_VeReMi_window_K3_W5,3,5,2,2,YES,YES,YES,caught_by_both,26.804,/home/srmap/research/projects/v2x-multiuav-trust/results/scalability_N10_AR50_guarded_cusum_15seed/ON_seed2_x560_720_t36.log
Full_VeReMi_window_K3_W5,3,5,2,3,YES,YES,YES,caught_by_both,27.334,/home/srmap/research/projects/v2x-multiuav-trust/results/scalability_N10_AR50_guarded_cusum_15seed/ON_seed2_x560_720_t36.log
Full_VeReMi_window_K3_W5,3,5,2,4,YES,YES,YES,caught_by_both,27.785,/home/srmap/research/projects/v2x-multiuav-trust/results/scalability_N10_AR50_guarded_cusum_15seed/ON_seed2_x560_720_t36.log
Full_VeReMi_window_K3_W5,3,5,2,5,YES,YES,YES,caught_by_both,24.416,/home/srmap/research/projects/v2x-multiuav-trust/results/scalability_N10_AR50_guarded_cusum_15seed/ON_seed2_x560_720_t36.log
Full_VeReMi_window_K3_W5,3,5,2,6,NO,NO,NO,honest_clean,,/home/srmap/research/projects/v2x-multiuav-trust/results/scalability_N10_AR50_guarded_cusum_15seed/ON_seed2_x560_720_t36.log
Full_VeReMi_window_K3_W5,3,5,2,7,YES,YES,YES,caught_by_both,26.276,/home/srmap/research/projects/v2x-multiuav-trust/results/scalability_N10_AR50_guarded_cusum_15seed/ON_seed2_x560_720_t36.log
Full_VeReMi_window_K3_W5,3,5,2,8,NO,NO,NO,honest_clean,,/home/srmap/research/projects/v2x-multiuav-trust/results/scalability_N10_AR50_guarded_cusum_15seed/ON_seed2_x560_720_t36.log
Full_VeReMi_window_K3_W5,3,5,2,9,NO,NO,NO,honest_clean,,/home/srmap/research/projects/v2x-multiuav-trust/results/scalability_N10_AR50_guarded_cusum_15seed/ON_seed2_x560_720_t36.log
Full_VeReMi_window_K1_W5,1,5,3,0,YES,YES,YES,caught_by_both,12.204,/home/srmap/research/projects/v2x-multiuav-trust/results/scalability_N10_AR50_guarded_cusum_15seed/ON_seed3_x560_720_t36.log
Full_VeReMi_window_K1_W5,1,5,3,1,YES,YES,YES,caught_by_both,14.074,/home/srmap/research/projects/v2x-multiuav-trust/results/scalability_N10_AR50_guarded_cusum_15seed/ON_seed3_x560_720_t36.log
Full_VeReMi_window_K1_W5,1,5,3,2,YES,YES,YES,caught_by_both,16.304,/home/srmap/research/projects/v2x-multiuav-trust/results/scalability_N10_AR50_guarded_cusum_15seed/ON_seed3_x560_720_t36.log
Full_VeReMi_window_K1_W5,1,5,3,3,YES,YES,YES,caught_by_both,18.184,/home/srmap/research/projects/v2x-multiuav-trust/results/scalability_N10_AR50_guarded_cusum_15seed/ON_seed3_x560_720_t36.log
Full_VeReMi_window_K1_W5,1,5,3,4,YES,YES,YES,caught_by_both,20.344,/home/srmap/research/projects/v2x-multiuav-trust/results/scalability_N10_AR50_guarded_cusum_15seed/ON_seed3_x560_720_t36.log
Full_VeReMi_window_K1_W5,1,5,3,5,NO,NO,YES,veremi_fp_only,12.266,/home/srmap/research/projects/v2x-multiuav-trust/results/scalability_N10_AR50_guarded_cusum_15seed/ON_seed3_x560_720_t36.log
Full_VeReMi_window_K1_W5,1,5,3,6,NO,NO,YES,veremi_fp_only,13.895,/home/srmap/research/projects/v2x-multiuav-trust/results/scalability_N10_AR50_guarded_cusum_15seed/ON_seed3_x560_720_t36.log
Full_VeReMi_window_K1_W5,1,5,3,7,NO,NO,YES,veremi_fp_only,16.026,/home/srmap/research/projects/v2x-multiuav-trust/results/scalability_N10_AR50_guarded_cusum_15seed/ON_seed3_x560_720_t36.log
Full_VeReMi_window_K1_W5,1,5,3,8,YES,YES,YES,caught_by_both,18.176,/home/srmap/research/projects/v2x-multiuav-trust/results/scalability_N10_AR50_guarded_cusum_15seed/ON_seed3_x560_720_t36.log
Full_VeReMi_window_K1_W5,1,5,3,9,YES,YES,YES,caught_by_both,20.346,/home/srmap/research/projects/v2x-multiuav-trust/results/scalability_N10_AR50_guarded_cusum_15seed/ON_seed3_x560_720_t36.log
Full_VeReMi_window_K2_W5,2,5,3,0,YES,YES,YES,caught_by_both,24.204,/home/srmap/research/projects/v2x-multiuav-trust/results/scalability_N10_AR50_guarded_cusum_15seed/ON_seed3_x560_720_t36.log
Full_VeReMi_window_K2_W5,2,5,3,1,YES,YES,YES,caught_by_both,25.574,/home/srmap/research/projects/v2x-multiuav-trust/results/scalability_N10_AR50_guarded_cusum_15seed/ON_seed3_x560_720_t36.log
Full_VeReMi_window_K2_W5,2,5,3,2,YES,YES,YES,caught_by_both,25.804,/home/srmap/research/projects/v2x-multiuav-trust/results/scalability_N10_AR50_guarded_cusum_15seed/ON_seed3_x560_720_t36.log
Full_VeReMi_window_K2_W5,2,5,3,3,YES,YES,YES,caught_by_both,26.184,/home/srmap/research/projects/v2x-multiuav-trust/results/scalability_N10_AR50_guarded_cusum_15seed/ON_seed3_x560_720_t36.log
Full_VeReMi_window_K2_W5,2,5,3,4,YES,YES,YES,caught_by_both,26.842,/home/srmap/research/projects/v2x-multiuav-trust/results/scalability_N10_AR50_guarded_cusum_15seed/ON_seed3_x560_720_t36.log
Full_VeReMi_window_K2_W5,2,5,3,5,NO,NO,YES,veremi_fp_only,24.266,/home/srmap/research/projects/v2x-multiuav-trust/results/scalability_N10_AR50_guarded_cusum_15seed/ON_seed3_x560_720_t36.log
Full_VeReMi_window_K2_W5,2,5,3,6,NO,NO,YES,veremi_fp_only,25.896,/home/srmap/research/projects/v2x-multiuav-trust/results/scalability_N10_AR50_guarded_cusum_15seed/ON_seed3_x560_720_t36.log
Full_VeReMi_window_K2_W5,2,5,3,7,NO,NO,YES,veremi_fp_only,28.026,/home/srmap/research/projects/v2x-multiuav-trust/results/scalability_N10_AR50_guarded_cusum_15seed/ON_seed3_x560_720_t36.log
Full_VeReMi_window_K2_W5,2,5,3,8,YES,YES,YES,caught_by_both,25.676,/home/srmap/research/projects/v2x-multiuav-trust/results/scalability_N10_AR50_guarded_cusum_15seed/ON_seed3_x560_720_t36.log
Full_VeReMi_window_K2_W5,2,5,3,9,YES,YES,YES,caught_by_both,25.846,/home/srmap/research/projects/v2x-multiuav-trust/results/scalability_N10_AR50_guarded_cusum_15seed/ON_seed3_x560_720_t36.log
Full_VeReMi_window_K3_W5,3,5,3,0,YES,YES,YES,caught_by_both,25.704,/home/srmap/research/projects/v2x-multiuav-trust/results/scalability_N10_AR50_guarded_cusum_15seed/ON_seed3_x560_720_t36.log
Full_VeReMi_window_K3_W5,3,5,3,1,YES,YES,YES,caught_by_both,26.573,/home/srmap/research/projects/v2x-multiuav-trust/results/scalability_N10_AR50_guarded_cusum_15seed/ON_seed3_x560_720_t36.log
Full_VeReMi_window_K3_W5,3,5,3,2,YES,YES,YES,caught_by_both,26.804,/home/srmap/research/projects/v2x-multiuav-trust/results/scalability_N10_AR50_guarded_cusum_15seed/ON_seed3_x560_720_t36.log
Full_VeReMi_window_K3_W5,3,5,3,3,YES,YES,YES,caught_by_both,27.184,/home/srmap/research/projects/v2x-multiuav-trust/results/scalability_N10_AR50_guarded_cusum_15seed/ON_seed3_x560_720_t36.log
Full_VeReMi_window_K3_W5,3,5,3,4,YES,YES,YES,caught_by_both,27.844,/home/srmap/research/projects/v2x-multiuav-trust/results/scalability_N10_AR50_guarded_cusum_15seed/ON_seed3_x560_720_t36.log
Full_VeReMi_window_K3_W5,3,5,3,5,NO,NO,NO,honest_clean,,/home/srmap/research/projects/v2x-multiuav-trust/results/scalability_N10_AR50_guarded_cusum_15seed/ON_seed3_x560_720_t36.log
Full_VeReMi_window_K3_W5,3,5,3,6,NO,NO,NO,honest_clean,,/home/srmap/research/projects/v2x-multiuav-trust/results/scalability_N10_AR50_guarded_cusum_15seed/ON_seed3_x560_720_t36.log
Full_VeReMi_window_K3_W5,3,5,3,7,NO,NO,NO,honest_clean,,/home/srmap/research/projects/v2x-multiuav-trust/results/scalability_N10_AR50_guarded_cusum_15seed/ON_seed3_x560_720_t36.log
Full_VeReMi_window_K3_W5,3,5,3,8,YES,YES,YES,caught_by_both,26.676,/home/srmap/research/projects/v2x-multiuav-trust/results/scalability_N10_AR50_guarded_cusum_15seed/ON_seed3_x560_720_t36.log
Full_VeReMi_window_K3_W5,3,5,3,9,YES,YES,YES,caught_by_both,26.846,/home/srmap/research/projects/v2x-multiuav-trust/results/scalability_N10_AR50_guarded_cusum_15seed/ON_seed3_x560_720_t36.log
Full_VeReMi_window_K1_W5,1,5,4,0,YES,YES,YES,caught_by_both,12.234,/home/srmap/research/projects/v2x-multiuav-trust/results/scalability_N10_AR50_guarded_cusum_15seed/ON_seed4_x560_720_t36.log
Full_VeReMi_window_K1_W5,1,5,4,1,YES,YES,YES,caught_by_both,14.234,/home/srmap/research/projects/v2x-multiuav-trust/results/scalability_N10_AR50_guarded_cusum_15seed/ON_seed4_x560_720_t36.log
Full_VeReMi_window_K1_W5,1,5,4,2,YES,YES,YES,caught_by_both,16.384,/home/srmap/research/projects/v2x-multiuav-trust/results/scalability_N10_AR50_guarded_cusum_15seed/ON_seed4_x560_720_t36.log
Full_VeReMi_window_K1_W5,1,5,4,3,YES,YES,YES,caught_by_both,18.034,/home/srmap/research/projects/v2x-multiuav-trust/results/scalability_N10_AR50_guarded_cusum_15seed/ON_seed4_x560_720_t36.log
Full_VeReMi_window_K1_W5,1,5,4,4,NO,NO,YES,veremi_fp_only,20.304,/home/srmap/research/projects/v2x-multiuav-trust/results/scalability_N10_AR50_guarded_cusum_15seed/ON_seed4_x560_720_t36.log
Full_VeReMi_window_K1_W5,1,5,4,5,YES,NO,NO,missed_by_both,,/home/srmap/research/projects/v2x-multiuav-trust/results/scalability_N10_AR50_guarded_cusum_15seed/ON_seed4_x560_720_t36.log
Full_VeReMi_window_K1_W5,1,5,4,6,NO,NO,YES,veremi_fp_only,14.036,/home/srmap/research/projects/v2x-multiuav-trust/results/scalability_N10_AR50_guarded_cusum_15seed/ON_seed4_x560_720_t36.log
Full_VeReMi_window_K1_W5,1,5,4,7,NO,NO,YES,veremi_fp_only,16.146,/home/srmap/research/projects/v2x-multiuav-trust/results/scalability_N10_AR50_guarded_cusum_15seed/ON_seed4_x560_720_t36.log
Full_VeReMi_window_K1_W5,1,5,4,8,YES,YES,YES,caught_by_both,18.006,/home/srmap/research/projects/v2x-multiuav-trust/results/scalability_N10_AR50_guarded_cusum_15seed/ON_seed4_x560_720_t36.log
Full_VeReMi_window_K1_W5,1,5,4,9,YES,YES,YES,caught_by_both,19.996,/home/srmap/research/projects/v2x-multiuav-trust/results/scalability_N10_AR50_guarded_cusum_15seed/ON_seed4_x560_720_t36.log
Full_VeReMi_window_K2_W5,2,5,4,0,YES,YES,YES,caught_by_both,24.234,/home/srmap/research/projects/v2x-multiuav-trust/results/scalability_N10_AR50_guarded_cusum_15seed/ON_seed4_x560_720_t36.log
Full_VeReMi_window_K2_W5,2,5,4,1,YES,YES,YES,caught_by_both,25.234,/home/srmap/research/projects/v2x-multiuav-trust/results/scalability_N10_AR50_guarded_cusum_15seed/ON_seed4_x560_720_t36.log
Full_VeReMi_window_K2_W5,2,5,4,2,YES,YES,YES,caught_by_both,25.884,/home/srmap/research/projects/v2x-multiuav-trust/results/scalability_N10_AR50_guarded_cusum_15seed/ON_seed4_x560_720_t36.log
Full_VeReMi_window_K2_W5,2,5,4,3,YES,YES,YES,caught_by_both,26.034,/home/srmap/research/projects/v2x-multiuav-trust/results/scalability_N10_AR50_guarded_cusum_15seed/ON_seed4_x560_720_t36.log
Full_VeReMi_window_K2_W5,2,5,4,4,NO,NO,YES,veremi_fp_only,31.804,/home/srmap/research/projects/v2x-multiuav-trust/results/scalability_N10_AR50_guarded_cusum_15seed/ON_seed4_x560_720_t36.log
Full_VeReMi_window_K2_W5,2,5,4,5,YES,NO,NO,missed_by_both,,/home/srmap/research/projects/v2x-multiuav-trust/results/scalability_N10_AR50_guarded_cusum_15seed/ON_seed4_x560_720_t36.log
Full_VeReMi_window_K2_W5,2,5,4,6,NO,NO,YES,veremi_fp_only,26.035,/home/srmap/research/projects/v2x-multiuav-trust/results/scalability_N10_AR50_guarded_cusum_15seed/ON_seed4_x560_720_t36.log
Full_VeReMi_window_K2_W5,2,5,4,7,NO,NO,YES,veremi_fp_only,28.146,/home/srmap/research/projects/v2x-multiuav-trust/results/scalability_N10_AR50_guarded_cusum_15seed/ON_seed4_x560_720_t36.log
Full_VeReMi_window_K2_W5,2,5,4,8,YES,YES,YES,caught_by_both,25.506,/home/srmap/research/projects/v2x-multiuav-trust/results/scalability_N10_AR50_guarded_cusum_15seed/ON_seed4_x560_720_t36.log
Full_VeReMi_window_K2_W5,2,5,4,9,YES,YES,YES,caught_by_both,25.996,/home/srmap/research/projects/v2x-multiuav-trust/results/scalability_N10_AR50_guarded_cusum_15seed/ON_seed4_x560_720_t36.log
Full_VeReMi_window_K3_W5,3,5,4,0,YES,YES,YES,caught_by_both,25.734,/home/srmap/research/projects/v2x-multiuav-trust/results/scalability_N10_AR50_guarded_cusum_15seed/ON_seed4_x560_720_t36.log
Full_VeReMi_window_K3_W5,3,5,4,1,YES,YES,YES,caught_by_both,26.234,/home/srmap/research/projects/v2x-multiuav-trust/results/scalability_N10_AR50_guarded_cusum_15seed/ON_seed4_x560_720_t36.log
Full_VeReMi_window_K3_W5,3,5,4,2,YES,YES,YES,caught_by_both,26.884,/home/srmap/research/projects/v2x-multiuav-trust/results/scalability_N10_AR50_guarded_cusum_15seed/ON_seed4_x560_720_t36.log
Full_VeReMi_window_K3_W5,3,5,4,3,YES,YES,YES,caught_by_both,27.034,/home/srmap/research/projects/v2x-multiuav-trust/results/scalability_N10_AR50_guarded_cusum_15seed/ON_seed4_x560_720_t36.log
Full_VeReMi_window_K3_W5,3,5,4,4,NO,NO,NO,honest_clean,,/home/srmap/research/projects/v2x-multiuav-trust/results/scalability_N10_AR50_guarded_cusum_15seed/ON_seed4_x560_720_t36.log
Full_VeReMi_window_K3_W5,3,5,4,5,YES,NO,NO,missed_by_both,,/home/srmap/research/projects/v2x-multiuav-trust/results/scalability_N10_AR50_guarded_cusum_15seed/ON_seed4_x560_720_t36.log
Full_VeReMi_window_K3_W5,3,5,4,6,NO,NO,NO,honest_clean,,/home/srmap/research/projects/v2x-multiuav-trust/results/scalability_N10_AR50_guarded_cusum_15seed/ON_seed4_x560_720_t36.log
Full_VeReMi_window_K3_W5,3,5,4,7,NO,NO,NO,honest_clean,,/home/srmap/research/projects/v2x-multiuav-trust/results/scalability_N10_AR50_guarded_cusum_15seed/ON_seed4_x560_720_t36.log
Full_VeReMi_window_K3_W5,3,5,4,8,YES,YES,YES,caught_by_both,26.506,/home/srmap/research/projects/v2x-multiuav-trust/results/scalability_N10_AR50_guarded_cusum_15seed/ON_seed4_x560_720_t36.log
Full_VeReMi_window_K3_W5,3,5,4,9,YES,YES,YES,caught_by_both,26.996,/home/srmap/research/projects/v2x-multiuav-trust/results/scalability_N10_AR50_guarded_cusum_15seed/ON_seed4_x560_720_t36.log
Full_VeReMi_window_K1_W5,1,5,5,0,YES,YES,YES,caught_by_both,11.954,/home/srmap/research/projects/v2x-multiuav-trust/results/scalability_N10_AR50_guarded_cusum_15seed/ON_seed5_x560_720_t36.log
Full_VeReMi_window_K1_W5,1,5,5,1,YES,YES,YES,caught_by_both,14.264,/home/srmap/research/projects/v2x-multiuav-trust/results/scalability_N10_AR50_guarded_cusum_15seed/ON_seed5_x560_720_t36.log
Full_VeReMi_window_K1_W5,1,5,5,2,YES,YES,YES,caught_by_both,16.364,/home/srmap/research/projects/v2x-multiuav-trust/results/scalability_N10_AR50_guarded_cusum_15seed/ON_seed5_x560_720_t36.log
Full_VeReMi_window_K1_W5,1,5,5,3,YES,YES,YES,caught_by_both,18.284,/home/srmap/research/projects/v2x-multiuav-trust/results/scalability_N10_AR50_guarded_cusum_15seed/ON_seed5_x560_720_t36.log
Full_VeReMi_window_K1_W5,1,5,5,4,YES,YES,YES,caught_by_both,20.334,/home/srmap/research/projects/v2x-multiuav-trust/results/scalability_N10_AR50_guarded_cusum_15seed/ON_seed5_x560_720_t36.log
Full_VeReMi_window_K1_W5,1,5,5,5,YES,YES,YES,caught_by_both,11.996,/home/srmap/research/projects/v2x-multiuav-trust/results/scalability_N10_AR50_guarded_cusum_15seed/ON_seed5_x560_720_t36.log
Full_VeReMi_window_K1_W5,1,5,5,6,NO,NO,YES,veremi_fp_only,14.046,/home/srmap/research/projects/v2x-multiuav-trust/results/scalability_N10_AR50_guarded_cusum_15seed/ON_seed5_x560_720_t36.log
Full_VeReMi_window_K1_W5,1,5,5,7,NO,NO,YES,veremi_fp_only,16.196,/home/srmap/research/projects/v2x-multiuav-trust/results/scalability_N10_AR50_guarded_cusum_15seed/ON_seed5_x560_720_t36.log
Full_VeReMi_window_K1_W5,1,5,5,8,YES,YES,YES,caught_by_both,18.056,/home/srmap/research/projects/v2x-multiuav-trust/results/scalability_N10_AR50_guarded_cusum_15seed/ON_seed5_x560_720_t36.log
Full_VeReMi_window_K1_W5,1,5,5,9,NO,NO,YES,veremi_fp_only,20.156,/home/srmap/research/projects/v2x-multiuav-trust/results/scalability_N10_AR50_guarded_cusum_15seed/ON_seed5_x560_720_t36.log
Full_VeReMi_window_K2_W5,2,5,5,0,YES,YES,YES,caught_by_both,23.952,/home/srmap/research/projects/v2x-multiuav-trust/results/scalability_N10_AR50_guarded_cusum_15seed/ON_seed5_x560_720_t36.log
Full_VeReMi_window_K2_W5,2,5,5,1,YES,YES,YES,caught_by_both,25.264,/home/srmap/research/projects/v2x-multiuav-trust/results/scalability_N10_AR50_guarded_cusum_15seed/ON_seed5_x560_720_t36.log
Full_VeReMi_window_K2_W5,2,5,5,2,YES,YES,YES,caught_by_both,25.864,/home/srmap/research/projects/v2x-multiuav-trust/results/scalability_N10_AR50_guarded_cusum_15seed/ON_seed5_x560_720_t36.log
Full_VeReMi_window_K2_W5,2,5,5,3,YES,YES,YES,caught_by_both,26.282,/home/srmap/research/projects/v2x-multiuav-trust/results/scalability_N10_AR50_guarded_cusum_15seed/ON_seed5_x560_720_t36.log
Full_VeReMi_window_K2_W5,2,5,5,4,YES,YES,YES,caught_by_both,26.837,/home/srmap/research/projects/v2x-multiuav-trust/results/scalability_N10_AR50_guarded_cusum_15seed/ON_seed5_x560_720_t36.log
Full_VeReMi_window_K2_W5,2,5,5,5,YES,YES,YES,caught_by_both,23.996,/home/srmap/research/projects/v2x-multiuav-trust/results/scalability_N10_AR50_guarded_cusum_15seed/ON_seed5_x560_720_t36.log
Full_VeReMi_window_K2_W5,2,5,5,6,NO,NO,YES,veremi_fp_only,26.046,/home/srmap/research/projects/v2x-multiuav-trust/results/scalability_N10_AR50_guarded_cusum_15seed/ON_seed5_x560_720_t36.log
Full_VeReMi_window_K2_W5,2,5,5,7,NO,NO,YES,veremi_fp_only,28.196,/home/srmap/research/projects/v2x-multiuav-trust/results/scalability_N10_AR50_guarded_cusum_15seed/ON_seed5_x560_720_t36.log
Full_VeReMi_window_K2_W5,2,5,5,8,YES,YES,YES,caught_by_both,25.556,/home/srmap/research/projects/v2x-multiuav-trust/results/scalability_N10_AR50_guarded_cusum_15seed/ON_seed5_x560_720_t36.log
Full_VeReMi_window_K2_W5,2,5,5,9,NO,NO,YES,veremi_fp_only,32.159,/home/srmap/research/projects/v2x-multiuav-trust/results/scalability_N10_AR50_guarded_cusum_15seed/ON_seed5_x560_720_t36.log
Full_VeReMi_window_K3_W5,3,5,5,0,YES,YES,YES,caught_by_both,25.954,/home/srmap/research/projects/v2x-multiuav-trust/results/scalability_N10_AR50_guarded_cusum_15seed/ON_seed5_x560_720_t36.log
Full_VeReMi_window_K3_W5,3,5,5,1,YES,YES,YES,caught_by_both,26.264,/home/srmap/research/projects/v2x-multiuav-trust/results/scalability_N10_AR50_guarded_cusum_15seed/ON_seed5_x560_720_t36.log
Full_VeReMi_window_K3_W5,3,5,5,2,YES,YES,YES,caught_by_both,26.864,/home/srmap/research/projects/v2x-multiuav-trust/results/scalability_N10_AR50_guarded_cusum_15seed/ON_seed5_x560_720_t36.log
Full_VeReMi_window_K3_W5,3,5,5,3,YES,YES,YES,caught_by_both,27.284,/home/srmap/research/projects/v2x-multiuav-trust/results/scalability_N10_AR50_guarded_cusum_15seed/ON_seed5_x560_720_t36.log
Full_VeReMi_window_K3_W5,3,5,5,4,YES,YES,YES,caught_by_both,27.834,/home/srmap/research/projects/v2x-multiuav-trust/results/scalability_N10_AR50_guarded_cusum_15seed/ON_seed5_x560_720_t36.log
Full_VeReMi_window_K3_W5,3,5,5,5,YES,YES,YES,caught_by_both,24.496,/home/srmap/research/projects/v2x-multiuav-trust/results/scalability_N10_AR50_guarded_cusum_15seed/ON_seed5_x560_720_t36.log
Full_VeReMi_window_K3_W5,3,5,5,6,NO,NO,NO,honest_clean,,/home/srmap/research/projects/v2x-multiuav-trust/results/scalability_N10_AR50_guarded_cusum_15seed/ON_seed5_x560_720_t36.log
Full_VeReMi_window_K3_W5,3,5,5,7,NO,NO,NO,honest_clean,,/home/srmap/research/projects/v2x-multiuav-trust/results/scalability_N10_AR50_guarded_cusum_15seed/ON_seed5_x560_720_t36.log
Full_VeReMi_window_K3_W5,3,5,5,8,YES,YES,YES,caught_by_both,26.556,/home/srmap/research/projects/v2x-multiuav-trust/results/scalability_N10_AR50_guarded_cusum_15seed/ON_seed5_x560_720_t36.log
Full_VeReMi_window_K3_W5,3,5,5,9,NO,NO,NO,honest_clean,,/home/srmap/research/projects/v2x-multiuav-trust/results/scalability_N10_AR50_guarded_cusum_15seed/ON_seed5_x560_720_t36.log
Full_VeReMi_window_K1_W5,1,5,6,0,YES,YES,YES,caught_by_both,12.064,/home/srmap/research/projects/v2x-multiuav-trust/results/scalability_N10_AR50_guarded_cusum_15seed/ON_seed6_x560_720_t36.log
Full_VeReMi_window_K1_W5,1,5,6,1,YES,YES,YES,caught_by_both,14.244,/home/srmap/research/projects/v2x-multiuav-trust/results/scalability_N10_AR50_guarded_cusum_15seed/ON_seed6_x560_720_t36.log
Full_VeReMi_window_K1_W5,1,5,6,2,YES,YES,YES,caught_by_both,16.354,/home/srmap/research/projects/v2x-multiuav-trust/results/scalability_N10_AR50_guarded_cusum_15seed/ON_seed6_x560_720_t36.log
Full_VeReMi_window_K1_W5,1,5,6,3,YES,YES,YES,caught_by_both,18.034,/home/srmap/research/projects/v2x-multiuav-trust/results/scalability_N10_AR50_guarded_cusum_15seed/ON_seed6_x560_720_t36.log
Full_VeReMi_window_K1_W5,1,5,6,4,YES,YES,YES,caught_by_both,20.165,/home/srmap/research/projects/v2x-multiuav-trust/results/scalability_N10_AR50_guarded_cusum_15seed/ON_seed6_x560_720_t36.log
Full_VeReMi_window_K1_W5,1,5,6,5,NO,NO,YES,veremi_fp_only,12.035,/home/srmap/research/projects/v2x-multiuav-trust/results/scalability_N10_AR50_guarded_cusum_15seed/ON_seed6_x560_720_t36.log
Full_VeReMi_window_K1_W5,1,5,6,6,NO,NO,YES,veremi_fp_only,13.895,/home/srmap/research/projects/v2x-multiuav-trust/results/scalability_N10_AR50_guarded_cusum_15seed/ON_seed6_x560_720_t36.log
Full_VeReMi_window_K1_W5,1,5,6,7,YES,YES,YES,caught_by_both,16.056,/home/srmap/research/projects/v2x-multiuav-trust/results/scalability_N10_AR50_guarded_cusum_15seed/ON_seed6_x560_720_t36.log
Full_VeReMi_window_K1_W5,1,5,6,8,NO,NO,YES,veremi_fp_only,17.904,/home/srmap/research/projects/v2x-multiuav-trust/results/scalability_N10_AR50_guarded_cusum_15seed/ON_seed6_x560_720_t36.log
Full_VeReMi_window_K1_W5,1,5,6,9,YES,YES,YES,caught_by_both,20.326,/home/srmap/research/projects/v2x-multiuav-trust/results/scalability_N10_AR50_guarded_cusum_15seed/ON_seed6_x560_720_t36.log
Full_VeReMi_window_K2_W5,2,5,6,0,YES,YES,YES,caught_by_both,24.064,/home/srmap/research/projects/v2x-multiuav-trust/results/scalability_N10_AR50_guarded_cusum_15seed/ON_seed6_x560_720_t36.log
Full_VeReMi_window_K2_W5,2,5,6,1,YES,YES,YES,caught_by_both,25.244,/home/srmap/research/projects/v2x-multiuav-trust/results/scalability_N10_AR50_guarded_cusum_15seed/ON_seed6_x560_720_t36.log
Full_VeReMi_window_K2_W5,2,5,6,2,YES,YES,YES,caught_by_both,25.854,/home/srmap/research/projects/v2x-multiuav-trust/results/scalability_N10_AR50_guarded_cusum_15seed/ON_seed6_x560_720_t36.log
Full_VeReMi_window_K2_W5,2,5,6,3,YES,YES,YES,caught_by_both,26.034,/home/srmap/research/projects/v2x-multiuav-trust/results/scalability_N10_AR50_guarded_cusum_15seed/ON_seed6_x560_720_t36.log
Full_VeReMi_window_K2_W5,2,5,6,4,YES,YES,YES,caught_by_both,26.665,/home/srmap/research/projects/v2x-multiuav-trust/results/scalability_N10_AR50_guarded_cusum_15seed/ON_seed6_x560_720_t36.log
Full_VeReMi_window_K2_W5,2,5,6,5,NO,NO,YES,veremi_fp_only,24.036,/home/srmap/research/projects/v2x-multiuav-trust/results/scalability_N10_AR50_guarded_cusum_15seed/ON_seed6_x560_720_t36.log
Full_VeReMi_window_K2_W5,2,5,6,6,NO,NO,YES,veremi_fp_only,25.896,/home/srmap/research/projects/v2x-multiuav-trust/results/scalability_N10_AR50_guarded_cusum_15seed/ON_seed6_x560_720_t36.log
Full_VeReMi_window_K2_W5,2,5,6,7,YES,YES,YES,caught_by_both,25.056,/home/srmap/research/projects/v2x-multiuav-trust/results/scalability_N10_AR50_guarded_cusum_15seed/ON_seed6_x560_720_t36.log
Full_VeReMi_window_K2_W5,2,5,6,8,NO,NO,YES,veremi_fp_only,29.906,/home/srmap/research/projects/v2x-multiuav-trust/results/scalability_N10_AR50_guarded_cusum_15seed/ON_seed6_x560_720_t36.log
Full_VeReMi_window_K2_W5,2,5,6,9,YES,YES,YES,caught_by_both,25.826,/home/srmap/research/projects/v2x-multiuav-trust/results/scalability_N10_AR50_guarded_cusum_15seed/ON_seed6_x560_720_t36.log
Full_VeReMi_window_K3_W5,3,5,6,0,YES,YES,YES,caught_by_both,25.564,/home/srmap/research/projects/v2x-multiuav-trust/results/scalability_N10_AR50_guarded_cusum_15seed/ON_seed6_x560_720_t36.log
Full_VeReMi_window_K3_W5,3,5,6,1,YES,YES,YES,caught_by_both,26.244,/home/srmap/research/projects/v2x-multiuav-trust/results/scalability_N10_AR50_guarded_cusum_15seed/ON_seed6_x560_720_t36.log
Full_VeReMi_window_K3_W5,3,5,6,2,YES,YES,YES,caught_by_both,26.854,/home/srmap/research/projects/v2x-multiuav-trust/results/scalability_N10_AR50_guarded_cusum_15seed/ON_seed6_x560_720_t36.log
Full_VeReMi_window_K3_W5,3,5,6,3,YES,YES,YES,caught_by_both,27.034,/home/srmap/research/projects/v2x-multiuav-trust/results/scalability_N10_AR50_guarded_cusum_15seed/ON_seed6_x560_720_t36.log
Full_VeReMi_window_K3_W5,3,5,6,4,YES,YES,YES,caught_by_both,27.667,/home/srmap/research/projects/v2x-multiuav-trust/results/scalability_N10_AR50_guarded_cusum_15seed/ON_seed6_x560_720_t36.log
Full_VeReMi_window_K3_W5,3,5,6,5,NO,NO,NO,honest_clean,,/home/srmap/research/projects/v2x-multiuav-trust/results/scalability_N10_AR50_guarded_cusum_15seed/ON_seed6_x560_720_t36.log
Full_VeReMi_window_K3_W5,3,5,6,6,NO,NO,NO,honest_clean,,/home/srmap/research/projects/v2x-multiuav-trust/results/scalability_N10_AR50_guarded_cusum_15seed/ON_seed6_x560_720_t36.log
Full_VeReMi_window_K3_W5,3,5,6,7,YES,YES,YES,caught_by_both,26.056,/home/srmap/research/projects/v2x-multiuav-trust/results/scalability_N10_AR50_guarded_cusum_15seed/ON_seed6_x560_720_t36.log
Full_VeReMi_window_K3_W5,3,5,6,8,NO,NO,NO,honest_clean,,/home/srmap/research/projects/v2x-multiuav-trust/results/scalability_N10_AR50_guarded_cusum_15seed/ON_seed6_x560_720_t36.log
Full_VeReMi_window_K3_W5,3,5,6,9,YES,YES,YES,caught_by_both,26.826,/home/srmap/research/projects/v2x-multiuav-trust/results/scalability_N10_AR50_guarded_cusum_15seed/ON_seed6_x560_720_t36.log
Full_VeReMi_window_K1_W5,1,5,7,0,YES,YES,YES,caught_by_both,11.904,/home/srmap/research/projects/v2x-multiuav-trust/results/scalability_N10_AR50_guarded_cusum_15seed/ON_seed7_x560_720_t36.log
Full_VeReMi_window_K1_W5,1,5,7,1,YES,YES,YES,caught_by_both,14.194,/home/srmap/research/projects/v2x-multiuav-trust/results/scalability_N10_AR50_guarded_cusum_15seed/ON_seed7_x560_720_t36.log
Full_VeReMi_window_K1_W5,1,5,7,2,YES,YES,YES,caught_by_both,16.104,/home/srmap/research/projects/v2x-multiuav-trust/results/scalability_N10_AR50_guarded_cusum_15seed/ON_seed7_x560_720_t36.log
Full_VeReMi_window_K1_W5,1,5,7,3,YES,YES,YES,caught_by_both,18.344,/home/srmap/research/projects/v2x-multiuav-trust/results/scalability_N10_AR50_guarded_cusum_15seed/ON_seed7_x560_720_t36.log
Full_VeReMi_window_K1_W5,1,5,7,4,NO,NO,YES,veremi_fp_only,19.943,/home/srmap/research/projects/v2x-multiuav-trust/results/scalability_N10_AR50_guarded_cusum_15seed/ON_seed7_x560_720_t36.log
Full_VeReMi_window_K1_W5,1,5,7,5,NO,NO,YES,veremi_fp_only,12.166,/home/srmap/research/projects/v2x-multiuav-trust/results/scalability_N10_AR50_guarded_cusum_15seed/ON_seed7_x560_720_t36.log
Full_VeReMi_window_K1_W5,1,5,7,6,YES,YES,YES,caught_by_both,14.166,/home/srmap/research/projects/v2x-multiuav-trust/results/scalability_N10_AR50_guarded_cusum_15seed/ON_seed7_x560_720_t36.log
Full_VeReMi_window_K1_W5,1,5,7,7,YES,YES,YES,caught_by_both,15.936,/home/srmap/research/projects/v2x-multiuav-trust/results/scalability_N10_AR50_guarded_cusum_15seed/ON_seed7_x560_720_t36.log
Full_VeReMi_window_K1_W5,1,5,7,8,NO,NO,YES,veremi_fp_only,18.096,/home/srmap/research/projects/v2x-multiuav-trust/results/scalability_N10_AR50_guarded_cusum_15seed/ON_seed7_x560_720_t36.log
Full_VeReMi_window_K1_W5,1,5,7,9,YES,YES,YES,caught_by_both,20.046,/home/srmap/research/projects/v2x-multiuav-trust/results/scalability_N10_AR50_guarded_cusum_15seed/ON_seed7_x560_720_t36.log
Full_VeReMi_window_K2_W5,2,5,7,0,YES,YES,YES,caught_by_both,23.904,/home/srmap/research/projects/v2x-multiuav-trust/results/scalability_N10_AR50_guarded_cusum_15seed/ON_seed7_x560_720_t36.log
Full_VeReMi_window_K2_W5,2,5,7,1,YES,YES,YES,caught_by_both,25.194,/home/srmap/research/projects/v2x-multiuav-trust/results/scalability_N10_AR50_guarded_cusum_15seed/ON_seed7_x560_720_t36.log
Full_VeReMi_window_K2_W5,2,5,7,2,YES,YES,YES,caught_by_both,25.604,/home/srmap/research/projects/v2x-multiuav-trust/results/scalability_N10_AR50_guarded_cusum_15seed/ON_seed7_x560_720_t36.log
Full_VeReMi_window_K2_W5,2,5,7,3,YES,YES,YES,caught_by_both,26.344,/home/srmap/research/projects/v2x-multiuav-trust/results/scalability_N10_AR50_guarded_cusum_15seed/ON_seed7_x560_720_t36.log
Full_VeReMi_window_K2_W5,2,5,7,4,NO,NO,YES,veremi_fp_only,31.944,/home/srmap/research/projects/v2x-multiuav-trust/results/scalability_N10_AR50_guarded_cusum_15seed/ON_seed7_x560_720_t36.log
Full_VeReMi_window_K2_W5,2,5,7,5,NO,NO,YES,veremi_fp_only,24.166,/home/srmap/research/projects/v2x-multiuav-trust/results/scalability_N10_AR50_guarded_cusum_15seed/ON_seed7_x560_720_t36.log
Full_VeReMi_window_K2_W5,2,5,7,6,YES,YES,YES,caught_by_both,24.667,/home/srmap/research/projects/v2x-multiuav-trust/results/scalability_N10_AR50_guarded_cusum_15seed/ON_seed7_x560_720_t36.log
Full_VeReMi_window_K2_W5,2,5,7,7,YES,YES,YES,caught_by_both,24.936,/home/srmap/research/projects/v2x-multiuav-trust/results/scalability_N10_AR50_guarded_cusum_15seed/ON_seed7_x560_720_t36.log
Full_VeReMi_window_K2_W5,2,5,7,8,NO,NO,YES,veremi_fp_only,30.096,/home/srmap/research/projects/v2x-multiuav-trust/results/scalability_N10_AR50_guarded_cusum_15seed/ON_seed7_x560_720_t36.log
Full_VeReMi_window_K2_W5,2,5,7,9,YES,YES,YES,caught_by_both,26.046,/home/srmap/research/projects/v2x-multiuav-trust/results/scalability_N10_AR50_guarded_cusum_15seed/ON_seed7_x560_720_t36.log
Full_VeReMi_window_K3_W5,3,5,7,0,YES,YES,YES,caught_by_both,25.904,/home/srmap/research/projects/v2x-multiuav-trust/results/scalability_N10_AR50_guarded_cusum_15seed/ON_seed7_x560_720_t36.log
Full_VeReMi_window_K3_W5,3,5,7,1,YES,YES,YES,caught_by_both,26.192,/home/srmap/research/projects/v2x-multiuav-trust/results/scalability_N10_AR50_guarded_cusum_15seed/ON_seed7_x560_720_t36.log
Full_VeReMi_window_K3_W5,3,5,7,2,YES,YES,YES,caught_by_both,26.604,/home/srmap/research/projects/v2x-multiuav-trust/results/scalability_N10_AR50_guarded_cusum_15seed/ON_seed7_x560_720_t36.log
Full_VeReMi_window_K3_W5,3,5,7,3,YES,YES,YES,caught_by_both,27.344,/home/srmap/research/projects/v2x-multiuav-trust/results/scalability_N10_AR50_guarded_cusum_15seed/ON_seed7_x560_720_t36.log
Full_VeReMi_window_K3_W5,3,5,7,4,NO,NO,NO,honest_clean,,/home/srmap/research/projects/v2x-multiuav-trust/results/scalability_N10_AR50_guarded_cusum_15seed/ON_seed7_x560_720_t36.log
Full_VeReMi_window_K3_W5,3,5,7,5,NO,NO,NO,honest_clean,,/home/srmap/research/projects/v2x-multiuav-trust/results/scalability_N10_AR50_guarded_cusum_15seed/ON_seed7_x560_720_t36.log
Full_VeReMi_window_K3_W5,3,5,7,6,YES,YES,YES,caught_by_both,25.667,/home/srmap/research/projects/v2x-multiuav-trust/results/scalability_N10_AR50_guarded_cusum_15seed/ON_seed7_x560_720_t36.log
Full_VeReMi_window_K3_W5,3,5,7,7,YES,YES,YES,caught_by_both,25.936,/home/srmap/research/projects/v2x-multiuav-trust/results/scalability_N10_AR50_guarded_cusum_15seed/ON_seed7_x560_720_t36.log
Full_VeReMi_window_K3_W5,3,5,7,8,NO,NO,NO,honest_clean,,/home/srmap/research/projects/v2x-multiuav-trust/results/scalability_N10_AR50_guarded_cusum_15seed/ON_seed7_x560_720_t36.log
Full_VeReMi_window_K3_W5,3,5,7,9,YES,YES,YES,caught_by_both,27.046,/home/srmap/research/projects/v2x-multiuav-trust/results/scalability_N10_AR50_guarded_cusum_15seed/ON_seed7_x560_720_t36.log
Full_VeReMi_window_K1_W5,1,5,8,0,YES,YES,YES,caught_by_both,12.103,/home/srmap/research/projects/v2x-multiuav-trust/results/scalability_N10_AR50_guarded_cusum_15seed/ON_seed8_x560_720_t36.log
Full_VeReMi_window_K1_W5,1,5,8,1,YES,YES,YES,caught_by_both,14.074,/home/srmap/research/projects/v2x-multiuav-trust/results/scalability_N10_AR50_guarded_cusum_15seed/ON_seed8_x560_720_t36.log
Full_VeReMi_window_K1_W5,1,5,8,2,YES,YES,YES,caught_by_both,16.004,/home/srmap/research/projects/v2x-multiuav-trust/results/scalability_N10_AR50_guarded_cusum_15seed/ON_seed8_x560_720_t36.log
Full_VeReMi_window_K1_W5,1,5,8,3,YES,YES,YES,caught_by_both,17.994,/home/srmap/research/projects/v2x-multiuav-trust/results/scalability_N10_AR50_guarded_cusum_15seed/ON_seed8_x560_720_t36.log
Full_VeReMi_window_K1_W5,1,5,8,4,YES,NO,NO,missed_by_both,,/home/srmap/research/projects/v2x-multiuav-trust/results/scalability_N10_AR50_guarded_cusum_15seed/ON_seed8_x560_720_t36.log
Full_VeReMi_window_K1_W5,1,5,8,5,NO,NO,YES,veremi_fp_only,12.276,/home/srmap/research/projects/v2x-multiuav-trust/results/scalability_N10_AR50_guarded_cusum_15seed/ON_seed8_x560_720_t36.log
Full_VeReMi_window_K1_W5,1,5,8,6,YES,YES,YES,caught_by_both,14.336,/home/srmap/research/projects/v2x-multiuav-trust/results/scalability_N10_AR50_guarded_cusum_15seed/ON_seed8_x560_720_t36.log
Full_VeReMi_window_K1_W5,1,5,8,7,NO,NO,YES,veremi_fp_only,15.976,/home/srmap/research/projects/v2x-multiuav-trust/results/scalability_N10_AR50_guarded_cusum_15seed/ON_seed8_x560_720_t36.log
Full_VeReMi_window_K1_W5,1,5,8,8,NO,NO,YES,veremi_fp_only,17.976,/home/srmap/research/projects/v2x-multiuav-trust/results/scalability_N10_AR50_guarded_cusum_15seed/ON_seed8_x560_720_t36.log
Full_VeReMi_window_K1_W5,1,5,8,9,YES,YES,YES,caught_by_both,20.026,/home/srmap/research/projects/v2x-multiuav-trust/results/scalability_N10_AR50_guarded_cusum_15seed/ON_seed8_x560_720_t36.log
Full_VeReMi_window_K2_W5,2,5,8,0,YES,YES,YES,caught_by_both,24.104,/home/srmap/research/projects/v2x-multiuav-trust/results/scalability_N10_AR50_guarded_cusum_15seed/ON_seed8_x560_720_t36.log
Full_VeReMi_window_K2_W5,2,5,8,1,YES,YES,YES,caught_by_both,25.574,/home/srmap/research/projects/v2x-multiuav-trust/results/scalability_N10_AR50_guarded_cusum_15seed/ON_seed8_x560_720_t36.log
Full_VeReMi_window_K2_W5,2,5,8,2,YES,YES,YES,caught_by_both,26.004,/home/srmap/research/projects/v2x-multiuav-trust/results/scalability_N10_AR50_guarded_cusum_15seed/ON_seed8_x560_720_t36.log
Full_VeReMi_window_K2_W5,2,5,8,3,YES,YES,YES,caught_by_both,25.994,/home/srmap/research/projects/v2x-multiuav-trust/results/scalability_N10_AR50_guarded_cusum_15seed/ON_seed8_x560_720_t36.log
Full_VeReMi_window_K2_W5,2,5,8,4,YES,NO,NO,missed_by_both,,/home/srmap/research/projects/v2x-multiuav-trust/results/scalability_N10_AR50_guarded_cusum_15seed/ON_seed8_x560_720_t36.log
Full_VeReMi_window_K2_W5,2,5,8,5,NO,NO,YES,veremi_fp_only,23.776,/home/srmap/research/projects/v2x-multiuav-trust/results/scalability_N10_AR50_guarded_cusum_15seed/ON_seed8_x560_720_t36.log
Full_VeReMi_window_K2_W5,2,5,8,6,YES,YES,YES,caught_by_both,24.836,/home/srmap/research/projects/v2x-multiuav-trust/results/scalability_N10_AR50_guarded_cusum_15seed/ON_seed8_x560_720_t36.log
Full_VeReMi_window_K2_W5,2,5,8,7,NO,NO,YES,veremi_fp_only,27.976,/home/srmap/research/projects/v2x-multiuav-trust/results/scalability_N10_AR50_guarded_cusum_15seed/ON_seed8_x560_720_t36.log
Full_VeReMi_window_K2_W5,2,5,8,8,NO,NO,YES,veremi_fp_only,29.976,/home/srmap/research/projects/v2x-multiuav-trust/results/scalability_N10_AR50_guarded_cusum_15seed/ON_seed8_x560_720_t36.log
Full_VeReMi_window_K2_W5,2,5,8,9,YES,YES,YES,caught_by_both,26.026,/home/srmap/research/projects/v2x-multiuav-trust/results/scalability_N10_AR50_guarded_cusum_15seed/ON_seed8_x560_720_t36.log
Full_VeReMi_window_K3_W5,3,5,8,0,YES,YES,YES,caught_by_both,25.604,/home/srmap/research/projects/v2x-multiuav-trust/results/scalability_N10_AR50_guarded_cusum_15seed/ON_seed8_x560_720_t36.log
Full_VeReMi_window_K3_W5,3,5,8,1,YES,YES,YES,caught_by_both,26.573,/home/srmap/research/projects/v2x-multiuav-trust/results/scalability_N10_AR50_guarded_cusum_15seed/ON_seed8_x560_720_t36.log
Full_VeReMi_window_K3_W5,3,5,8,2,YES,YES,YES,caught_by_both,27.004,/home/srmap/research/projects/v2x-multiuav-trust/results/scalability_N10_AR50_guarded_cusum_15seed/ON_seed8_x560_720_t36.log
Full_VeReMi_window_K3_W5,3,5,8,3,YES,YES,YES,caught_by_both,26.994,/home/srmap/research/projects/v2x-multiuav-trust/results/scalability_N10_AR50_guarded_cusum_15seed/ON_seed8_x560_720_t36.log
Full_VeReMi_window_K3_W5,3,5,8,4,YES,NO,NO,missed_by_both,,/home/srmap/research/projects/v2x-multiuav-trust/results/scalability_N10_AR50_guarded_cusum_15seed/ON_seed8_x560_720_t36.log
Full_VeReMi_window_K3_W5,3,5,8,5,NO,NO,NO,honest_clean,,/home/srmap/research/projects/v2x-multiuav-trust/results/scalability_N10_AR50_guarded_cusum_15seed/ON_seed8_x560_720_t36.log
Full_VeReMi_window_K3_W5,3,5,8,6,YES,YES,YES,caught_by_both,25.834,/home/srmap/research/projects/v2x-multiuav-trust/results/scalability_N10_AR50_guarded_cusum_15seed/ON_seed8_x560_720_t36.log
Full_VeReMi_window_K3_W5,3,5,8,7,NO,NO,NO,honest_clean,,/home/srmap/research/projects/v2x-multiuav-trust/results/scalability_N10_AR50_guarded_cusum_15seed/ON_seed8_x560_720_t36.log
Full_VeReMi_window_K3_W5,3,5,8,8,NO,NO,NO,honest_clean,,/home/srmap/research/projects/v2x-multiuav-trust/results/scalability_N10_AR50_guarded_cusum_15seed/ON_seed8_x560_720_t36.log
Full_VeReMi_window_K3_W5,3,5,8,9,YES,YES,YES,caught_by_both,27.026,/home/srmap/research/projects/v2x-multiuav-trust/results/scalability_N10_AR50_guarded_cusum_15seed/ON_seed8_x560_720_t36.log
Full_VeReMi_window_K1_W5,1,5,9,0,YES,YES,YES,caught_by_both,12.184,/home/srmap/research/projects/v2x-multiuav-trust/results/scalability_N10_AR50_guarded_cusum_15seed/ON_seed9_x560_720_t36.log
Full_VeReMi_window_K1_W5,1,5,9,1,YES,YES,YES,caught_by_both,14.004,/home/srmap/research/projects/v2x-multiuav-trust/results/scalability_N10_AR50_guarded_cusum_15seed/ON_seed9_x560_720_t36.log
Full_VeReMi_window_K1_W5,1,5,9,2,YES,YES,YES,caught_by_both,16.324,/home/srmap/research/projects/v2x-multiuav-trust/results/scalability_N10_AR50_guarded_cusum_15seed/ON_seed9_x560_720_t36.log
Full_VeReMi_window_K1_W5,1,5,9,3,YES,YES,YES,caught_by_both,18.014,/home/srmap/research/projects/v2x-multiuav-trust/results/scalability_N10_AR50_guarded_cusum_15seed/ON_seed9_x560_720_t36.log
Full_VeReMi_window_K1_W5,1,5,9,4,NO,NO,YES,veremi_fp_only,19.964,/home/srmap/research/projects/v2x-multiuav-trust/results/scalability_N10_AR50_guarded_cusum_15seed/ON_seed9_x560_720_t36.log
Full_VeReMi_window_K1_W5,1,5,9,5,NO,NO,YES,veremi_fp_only,12.304,/home/srmap/research/projects/v2x-multiuav-trust/results/scalability_N10_AR50_guarded_cusum_15seed/ON_seed9_x560_720_t36.log
Full_VeReMi_window_K1_W5,1,5,9,6,YES,YES,YES,caught_by_both,14.275,/home/srmap/research/projects/v2x-multiuav-trust/results/scalability_N10_AR50_guarded_cusum_15seed/ON_seed9_x560_720_t36.log
Full_VeReMi_window_K1_W5,1,5,9,7,YES,YES,YES,caught_by_both,16.224,/home/srmap/research/projects/v2x-multiuav-trust/results/scalability_N10_AR50_guarded_cusum_15seed/ON_seed9_x560_720_t36.log
Full_VeReMi_window_K1_W5,1,5,9,8,NO,NO,YES,veremi_fp_only,18.136,/home/srmap/research/projects/v2x-multiuav-trust/results/scalability_N10_AR50_guarded_cusum_15seed/ON_seed9_x560_720_t36.log
Full_VeReMi_window_K1_W5,1,5,9,9,YES,YES,YES,caught_by_both,20.226,/home/srmap/research/projects/v2x-multiuav-trust/results/scalability_N10_AR50_guarded_cusum_15seed/ON_seed9_x560_720_t36.log
Full_VeReMi_window_K2_W5,2,5,9,0,YES,YES,YES,caught_by_both,24.184,/home/srmap/research/projects/v2x-multiuav-trust/results/scalability_N10_AR50_guarded_cusum_15seed/ON_seed9_x560_720_t36.log
Full_VeReMi_window_K2_W5,2,5,9,1,YES,YES,YES,caught_by_both,25.504,/home/srmap/research/projects/v2x-multiuav-trust/results/scalability_N10_AR50_guarded_cusum_15seed/ON_seed9_x560_720_t36.log
Full_VeReMi_window_K2_W5,2,5,9,2,YES,YES,YES,caught_by_both,25.824,/home/srmap/research/projects/v2x-multiuav-trust/results/scalability_N10_AR50_guarded_cusum_15seed/ON_seed9_x560_720_t36.log
Full_VeReMi_window_K2_W5,2,5,9,3,YES,YES,YES,caught_by_both,26.013,/home/srmap/research/projects/v2x-multiuav-trust/results/scalability_N10_AR50_guarded_cusum_15seed/ON_seed9_x560_720_t36.log
Full_VeReMi_window_K2_W5,2,5,9,4,NO,NO,YES,veremi_fp_only,31.964,/home/srmap/research/projects/v2x-multiuav-trust/results/scalability_N10_AR50_guarded_cusum_15seed/ON_seed9_x560_720_t36.log
Full_VeReMi_window_K2_W5,2,5,9,5,NO,NO,YES,veremi_fp_only,23.806,/home/srmap/research/projects/v2x-multiuav-trust/results/scalability_N10_AR50_guarded_cusum_15seed/ON_seed9_x560_720_t36.log
Full_VeReMi_window_K2_W5,2,5,9,6,YES,YES,YES,caught_by_both,24.776,/home/srmap/research/projects/v2x-multiuav-trust/results/scalability_N10_AR50_guarded_cusum_15seed/ON_seed9_x560_720_t36.log
Full_VeReMi_window_K2_W5,2,5,9,7,YES,YES,YES,caught_by_both,25.226,/home/srmap/research/projects/v2x-multiuav-trust/results/scalability_N10_AR50_guarded_cusum_15seed/ON_seed9_x560_720_t36.log
Full_VeReMi_window_K2_W5,2,5,9,8,NO,NO,YES,veremi_fp_only,30.137,/home/srmap/research/projects/v2x-multiuav-trust/results/scalability_N10_AR50_guarded_cusum_15seed/ON_seed9_x560_720_t36.log
Full_VeReMi_window_K2_W5,2,5,9,9,YES,YES,YES,caught_by_both,25.727,/home/srmap/research/projects/v2x-multiuav-trust/results/scalability_N10_AR50_guarded_cusum_15seed/ON_seed9_x560_720_t36.log
Full_VeReMi_window_K3_W5,3,5,9,0,YES,YES,YES,caught_by_both,25.684,/home/srmap/research/projects/v2x-multiuav-trust/results/scalability_N10_AR50_guarded_cusum_15seed/ON_seed9_x560_720_t36.log
Full_VeReMi_window_K3_W5,3,5,9,1,YES,YES,YES,caught_by_both,26.504,/home/srmap/research/projects/v2x-multiuav-trust/results/scalability_N10_AR50_guarded_cusum_15seed/ON_seed9_x560_720_t36.log
Full_VeReMi_window_K3_W5,3,5,9,2,YES,YES,YES,caught_by_both,26.824,/home/srmap/research/projects/v2x-multiuav-trust/results/scalability_N10_AR50_guarded_cusum_15seed/ON_seed9_x560_720_t36.log
Full_VeReMi_window_K3_W5,3,5,9,3,YES,YES,YES,caught_by_both,27.014,/home/srmap/research/projects/v2x-multiuav-trust/results/scalability_N10_AR50_guarded_cusum_15seed/ON_seed9_x560_720_t36.log
Full_VeReMi_window_K3_W5,3,5,9,4,NO,NO,NO,honest_clean,,/home/srmap/research/projects/v2x-multiuav-trust/results/scalability_N10_AR50_guarded_cusum_15seed/ON_seed9_x560_720_t36.log
Full_VeReMi_window_K3_W5,3,5,9,5,NO,NO,NO,honest_clean,,/home/srmap/research/projects/v2x-multiuav-trust/results/scalability_N10_AR50_guarded_cusum_15seed/ON_seed9_x560_720_t36.log
Full_VeReMi_window_K3_W5,3,5,9,6,YES,YES,YES,caught_by_both,25.776,/home/srmap/research/projects/v2x-multiuav-trust/results/scalability_N10_AR50_guarded_cusum_15seed/ON_seed9_x560_720_t36.log
Full_VeReMi_window_K3_W5,3,5,9,7,YES,YES,YES,caught_by_both,26.226,/home/srmap/research/projects/v2x-multiuav-trust/results/scalability_N10_AR50_guarded_cusum_15seed/ON_seed9_x560_720_t36.log
Full_VeReMi_window_K3_W5,3,5,9,8,NO,NO,NO,honest_clean,,/home/srmap/research/projects/v2x-multiuav-trust/results/scalability_N10_AR50_guarded_cusum_15seed/ON_seed9_x560_720_t36.log
Full_VeReMi_window_K3_W5,3,5,9,9,YES,YES,YES,caught_by_both,26.727,/home/srmap/research/projects/v2x-multiuav-trust/results/scalability_N10_AR50_guarded_cusum_15seed/ON_seed9_x560_720_t36.log
Full_VeReMi_window_K1_W5,1,5,10,0,YES,YES,YES,caught_by_both,11.923,/home/srmap/research/projects/v2x-multiuav-trust/results/scalability_N10_AR50_guarded_cusum_15seed/ON_seed10_x560_720_t36.log
Full_VeReMi_window_K1_W5,1,5,10,1,YES,YES,YES,caught_by_both,14.084,/home/srmap/research/projects/v2x-multiuav-trust/results/scalability_N10_AR50_guarded_cusum_15seed/ON_seed10_x560_720_t36.log
Full_VeReMi_window_K1_W5,1,5,10,2,YES,YES,YES,caught_by_both,16.244,/home/srmap/research/projects/v2x-multiuav-trust/results/scalability_N10_AR50_guarded_cusum_15seed/ON_seed10_x560_720_t36.log
Full_VeReMi_window_K1_W5,1,5,10,3,YES,YES,YES,caught_by_both,17.944,/home/srmap/research/projects/v2x-multiuav-trust/results/scalability_N10_AR50_guarded_cusum_15seed/ON_seed10_x560_720_t36.log
Full_VeReMi_window_K1_W5,1,5,10,4,YES,YES,YES,caught_by_both,20.104,/home/srmap/research/projects/v2x-multiuav-trust/results/scalability_N10_AR50_guarded_cusum_15seed/ON_seed10_x560_720_t36.log
Full_VeReMi_window_K1_W5,1,5,10,5,NO,NO,YES,veremi_fp_only,12.156,/home/srmap/research/projects/v2x-multiuav-trust/results/scalability_N10_AR50_guarded_cusum_15seed/ON_seed10_x560_720_t36.log
Full_VeReMi_window_K1_W5,1,5,10,6,NO,NO,YES,veremi_fp_only,14.266,/home/srmap/research/projects/v2x-multiuav-trust/results/scalability_N10_AR50_guarded_cusum_15seed/ON_seed10_x560_720_t36.log
Full_VeReMi_window_K1_W5,1,5,10,7,YES,YES,YES,caught_by_both,16.346,/home/srmap/research/projects/v2x-multiuav-trust/results/scalability_N10_AR50_guarded_cusum_15seed/ON_seed10_x560_720_t36.log
Full_VeReMi_window_K1_W5,1,5,10,8,YES,YES,YES,caught_by_both,18.316,/home/srmap/research/projects/v2x-multiuav-trust/results/scalability_N10_AR50_guarded_cusum_15seed/ON_seed10_x560_720_t36.log
Full_VeReMi_window_K1_W5,1,5,10,9,NO,NO,YES,veremi_fp_only,20.226,/home/srmap/research/projects/v2x-multiuav-trust/results/scalability_N10_AR50_guarded_cusum_15seed/ON_seed10_x560_720_t36.log
Full_VeReMi_window_K2_W5,2,5,10,0,YES,YES,YES,caught_by_both,23.924,/home/srmap/research/projects/v2x-multiuav-trust/results/scalability_N10_AR50_guarded_cusum_15seed/ON_seed10_x560_720_t36.log
Full_VeReMi_window_K2_W5,2,5,10,1,YES,YES,YES,caught_by_both,25.584,/home/srmap/research/projects/v2x-multiuav-trust/results/scalability_N10_AR50_guarded_cusum_15seed/ON_seed10_x560_720_t36.log
Full_VeReMi_window_K2_W5,2,5,10,2,YES,YES,YES,caught_by_both,25.744,/home/srmap/research/projects/v2x-multiuav-trust/results/scalability_N10_AR50_guarded_cusum_15seed/ON_seed10_x560_720_t36.log
Full_VeReMi_window_K2_W5,2,5,10,3,YES,YES,YES,caught_by_both,26.444,/home/srmap/research/projects/v2x-multiuav-trust/results/scalability_N10_AR50_guarded_cusum_15seed/ON_seed10_x560_720_t36.log
Full_VeReMi_window_K2_W5,2,5,10,4,YES,YES,YES,caught_by_both,26.604,/home/srmap/research/projects/v2x-multiuav-trust/results/scalability_N10_AR50_guarded_cusum_15seed/ON_seed10_x560_720_t36.log
Full_VeReMi_window_K2_W5,2,5,10,5,NO,NO,YES,veremi_fp_only,24.154,/home/srmap/research/projects/v2x-multiuav-trust/results/scalability_N10_AR50_guarded_cusum_15seed/ON_seed10_x560_720_t36.log
Full_VeReMi_window_K2_W5,2,5,10,6,NO,NO,YES,veremi_fp_only,26.266,/home/srmap/research/projects/v2x-multiuav-trust/results/scalability_N10_AR50_guarded_cusum_15seed/ON_seed10_x560_720_t36.log
Full_VeReMi_window_K2_W5,2,5,10,7,YES,YES,YES,caught_by_both,24.846,/home/srmap/research/projects/v2x-multiuav-trust/results/scalability_N10_AR50_guarded_cusum_15seed/ON_seed10_x560_720_t36.log
Full_VeReMi_window_K2_W5,2,5,10,8,YES,YES,YES,caught_by_both,25.316,/home/srmap/research/projects/v2x-multiuav-trust/results/scalability_N10_AR50_guarded_cusum_15seed/ON_seed10_x560_720_t36.log
Full_VeReMi_window_K2_W5,2,5,10,9,NO,NO,YES,veremi_fp_only,32.226,/home/srmap/research/projects/v2x-multiuav-trust/results/scalability_N10_AR50_guarded_cusum_15seed/ON_seed10_x560_720_t36.log
Full_VeReMi_window_K3_W5,3,5,10,0,YES,YES,YES,caught_by_both,25.926,/home/srmap/research/projects/v2x-multiuav-trust/results/scalability_N10_AR50_guarded_cusum_15seed/ON_seed10_x560_720_t36.log
Full_VeReMi_window_K3_W5,3,5,10,1,YES,YES,YES,caught_by_both,26.584,/home/srmap/research/projects/v2x-multiuav-trust/results/scalability_N10_AR50_guarded_cusum_15seed/ON_seed10_x560_720_t36.log
Full_VeReMi_window_K3_W5,3,5,10,2,YES,YES,YES,caught_by_both,26.744,/home/srmap/research/projects/v2x-multiuav-trust/results/scalability_N10_AR50_guarded_cusum_15seed/ON_seed10_x560_720_t36.log
Full_VeReMi_window_K3_W5,3,5,10,3,YES,YES,YES,caught_by_both,27.444,/home/srmap/research/projects/v2x-multiuav-trust/results/scalability_N10_AR50_guarded_cusum_15seed/ON_seed10_x560_720_t36.log
Full_VeReMi_window_K3_W5,3,5,10,4,YES,YES,YES,caught_by_both,27.606,/home/srmap/research/projects/v2x-multiuav-trust/results/scalability_N10_AR50_guarded_cusum_15seed/ON_seed10_x560_720_t36.log
Full_VeReMi_window_K3_W5,3,5,10,5,NO,NO,NO,honest_clean,,/home/srmap/research/projects/v2x-multiuav-trust/results/scalability_N10_AR50_guarded_cusum_15seed/ON_seed10_x560_720_t36.log
Full_VeReMi_window_K3_W5,3,5,10,6,NO,NO,NO,honest_clean,,/home/srmap/research/projects/v2x-multiuav-trust/results/scalability_N10_AR50_guarded_cusum_15seed/ON_seed10_x560_720_t36.log
Full_VeReMi_window_K3_W5,3,5,10,7,YES,YES,YES,caught_by_both,25.846,/home/srmap/research/projects/v2x-multiuav-trust/results/scalability_N10_AR50_guarded_cusum_15seed/ON_seed10_x560_720_t36.log
Full_VeReMi_window_K3_W5,3,5,10,8,YES,YES,YES,caught_by_both,26.316,/home/srmap/research/projects/v2x-multiuav-trust/results/scalability_N10_AR50_guarded_cusum_15seed/ON_seed10_x560_720_t36.log
Full_VeReMi_window_K3_W5,3,5,10,9,NO,NO,NO,honest_clean,,/home/srmap/research/projects/v2x-multiuav-trust/results/scalability_N10_AR50_guarded_cusum_15seed/ON_seed10_x560_720_t36.log
Full_VeReMi_window_K1_W5,1,5,11,0,YES,NO,NO,missed_by_both,,/home/srmap/research/projects/v2x-multiuav-trust/results/scalability_N10_AR50_guarded_cusum_15seed/ON_seed11_x560_720_t36.log
Full_VeReMi_window_K1_W5,1,5,11,1,YES,YES,YES,caught_by_both,14.124,/home/srmap/research/projects/v2x-multiuav-trust/results/scalability_N10_AR50_guarded_cusum_15seed/ON_seed11_x560_720_t36.log
Full_VeReMi_window_K1_W5,1,5,11,2,YES,YES,YES,caught_by_both,16.144,/home/srmap/research/projects/v2x-multiuav-trust/results/scalability_N10_AR50_guarded_cusum_15seed/ON_seed11_x560_720_t36.log
Full_VeReMi_window_K1_W5,1,5,11,3,NO,NO,YES,veremi_fp_only,17.994,/home/srmap/research/projects/v2x-multiuav-trust/results/scalability_N10_AR50_guarded_cusum_15seed/ON_seed11_x560_720_t36.log
Full_VeReMi_window_K1_W5,1,5,11,4,NO,NO,YES,veremi_fp_only,20.314,/home/srmap/research/projects/v2x-multiuav-trust/results/scalability_N10_AR50_guarded_cusum_15seed/ON_seed11_x560_720_t36.log
Full_VeReMi_window_K1_W5,1,5,11,5,YES,YES,YES,caught_by_both,11.896,/home/srmap/research/projects/v2x-multiuav-trust/results/scalability_N10_AR50_guarded_cusum_15seed/ON_seed11_x560_720_t36.log
Full_VeReMi_window_K1_W5,1,5,11,6,YES,YES,YES,caught_by_both,14.246,/home/srmap/research/projects/v2x-multiuav-trust/results/scalability_N10_AR50_guarded_cusum_15seed/ON_seed11_x560_720_t36.log
Full_VeReMi_window_K1_W5,1,5,11,7,YES,YES,YES,caught_by_both,16.216,/home/srmap/research/projects/v2x-multiuav-trust/results/scalability_N10_AR50_guarded_cusum_15seed/ON_seed11_x560_720_t36.log
Full_VeReMi_window_K1_W5,1,5,11,8,NO,NO,YES,veremi_fp_only,18.276,/home/srmap/research/projects/v2x-multiuav-trust/results/scalability_N10_AR50_guarded_cusum_15seed/ON_seed11_x560_720_t36.log
Full_VeReMi_window_K1_W5,1,5,11,9,YES,YES,YES,caught_by_both,20.055,/home/srmap/research/projects/v2x-multiuav-trust/results/scalability_N10_AR50_guarded_cusum_15seed/ON_seed11_x560_720_t36.log
Full_VeReMi_window_K2_W5,2,5,11,0,YES,NO,NO,missed_by_both,,/home/srmap/research/projects/v2x-multiuav-trust/results/scalability_N10_AR50_guarded_cusum_15seed/ON_seed11_x560_720_t36.log
Full_VeReMi_window_K2_W5,2,5,11,1,YES,YES,YES,caught_by_both,25.624,/home/srmap/research/projects/v2x-multiuav-trust/results/scalability_N10_AR50_guarded_cusum_15seed/ON_seed11_x560_720_t36.log
Full_VeReMi_window_K2_W5,2,5,11,2,YES,YES,YES,caught_by_both,25.644,/home/srmap/research/projects/v2x-multiuav-trust/results/scalability_N10_AR50_guarded_cusum_15seed/ON_seed11_x560_720_t36.log
Full_VeReMi_window_K2_W5,2,5,11,3,NO,NO,YES,veremi_fp_only,29.994,/home/srmap/research/projects/v2x-multiuav-trust/results/scalability_N10_AR50_guarded_cusum_15seed/ON_seed11_x560_720_t36.log
Full_VeReMi_window_K2_W5,2,5,11,4,NO,NO,YES,veremi_fp_only,31.814,/home/srmap/research/projects/v2x-multiuav-trust/results/scalability_N10_AR50_guarded_cusum_15seed/ON_seed11_x560_720_t36.log
Full_VeReMi_window_K2_W5,2,5,11,5,YES,YES,YES,caught_by_both,23.896,/home/srmap/research/projects/v2x-multiuav-trust/results/scalability_N10_AR50_guarded_cusum_15seed/ON_seed11_x560_720_t36.log
Full_VeReMi_window_K2_W5,2,5,11,6,YES,YES,YES,caught_by_both,24.746,/home/srmap/research/projects/v2x-multiuav-trust/results/scalability_N10_AR50_guarded_cusum_15seed/ON_seed11_x560_720_t36.log
Full_VeReMi_window_K2_W5,2,5,11,7,YES,YES,YES,caught_by_both,25.216,/home/srmap/research/projects/v2x-multiuav-trust/results/scalability_N10_AR50_guarded_cusum_15seed/ON_seed11_x560_720_t36.log
Full_VeReMi_window_K2_W5,2,5,11,8,NO,NO,YES,veremi_fp_only,29.776,/home/srmap/research/projects/v2x-multiuav-trust/results/scalability_N10_AR50_guarded_cusum_15seed/ON_seed11_x560_720_t36.log
Full_VeReMi_window_K2_W5,2,5,11,9,YES,YES,YES,caught_by_both,26.056,/home/srmap/research/projects/v2x-multiuav-trust/results/scalability_N10_AR50_guarded_cusum_15seed/ON_seed11_x560_720_t36.log
Full_VeReMi_window_K3_W5,3,5,11,0,YES,NO,NO,missed_by_both,,/home/srmap/research/projects/v2x-multiuav-trust/results/scalability_N10_AR50_guarded_cusum_15seed/ON_seed11_x560_720_t36.log
Full_VeReMi_window_K3_W5,3,5,11,1,YES,YES,YES,caught_by_both,26.624,/home/srmap/research/projects/v2x-multiuav-trust/results/scalability_N10_AR50_guarded_cusum_15seed/ON_seed11_x560_720_t36.log
Full_VeReMi_window_K3_W5,3,5,11,2,YES,YES,YES,caught_by_both,26.644,/home/srmap/research/projects/v2x-multiuav-trust/results/scalability_N10_AR50_guarded_cusum_15seed/ON_seed11_x560_720_t36.log
Full_VeReMi_window_K3_W5,3,5,11,3,NO,NO,NO,honest_clean,,/home/srmap/research/projects/v2x-multiuav-trust/results/scalability_N10_AR50_guarded_cusum_15seed/ON_seed11_x560_720_t36.log
Full_VeReMi_window_K3_W5,3,5,11,4,NO,NO,NO,honest_clean,,/home/srmap/research/projects/v2x-multiuav-trust/results/scalability_N10_AR50_guarded_cusum_15seed/ON_seed11_x560_720_t36.log
Full_VeReMi_window_K3_W5,3,5,11,5,YES,YES,YES,caught_by_both,24.396,/home/srmap/research/projects/v2x-multiuav-trust/results/scalability_N10_AR50_guarded_cusum_15seed/ON_seed11_x560_720_t36.log
Full_VeReMi_window_K3_W5,3,5,11,6,YES,YES,YES,caught_by_both,25.744,/home/srmap/research/projects/v2x-multiuav-trust/results/scalability_N10_AR50_guarded_cusum_15seed/ON_seed11_x560_720_t36.log
Full_VeReMi_window_K3_W5,3,5,11,7,YES,YES,YES,caught_by_both,26.215,/home/srmap/research/projects/v2x-multiuav-trust/results/scalability_N10_AR50_guarded_cusum_15seed/ON_seed11_x560_720_t36.log
Full_VeReMi_window_K3_W5,3,5,11,8,NO,NO,NO,honest_clean,,/home/srmap/research/projects/v2x-multiuav-trust/results/scalability_N10_AR50_guarded_cusum_15seed/ON_seed11_x560_720_t36.log
Full_VeReMi_window_K3_W5,3,5,11,9,YES,YES,YES,caught_by_both,27.056,/home/srmap/research/projects/v2x-multiuav-trust/results/scalability_N10_AR50_guarded_cusum_15seed/ON_seed11_x560_720_t36.log
Full_VeReMi_window_K1_W5,1,5,12,0,YES,YES,YES,caught_by_both,12.244,/home/srmap/research/projects/v2x-multiuav-trust/results/scalability_N10_AR50_guarded_cusum_15seed/ON_seed12_x560_720_t36.log
Full_VeReMi_window_K1_W5,1,5,12,1,YES,YES,YES,caught_by_both,13.944,/home/srmap/research/projects/v2x-multiuav-trust/results/scalability_N10_AR50_guarded_cusum_15seed/ON_seed12_x560_720_t36.log
Full_VeReMi_window_K1_W5,1,5,12,2,YES,YES,YES,caught_by_both,16.023,/home/srmap/research/projects/v2x-multiuav-trust/results/scalability_N10_AR50_guarded_cusum_15seed/ON_seed12_x560_720_t36.log
Full_VeReMi_window_K1_W5,1,5,12,3,YES,YES,YES,caught_by_both,17.944,/home/srmap/research/projects/v2x-multiuav-trust/results/scalability_N10_AR50_guarded_cusum_15seed/ON_seed12_x560_720_t36.log
Full_VeReMi_window_K1_W5,1,5,12,4,NO,NO,YES,veremi_fp_only,20.134,/home/srmap/research/projects/v2x-multiuav-trust/results/scalability_N10_AR50_guarded_cusum_15seed/ON_seed12_x560_720_t36.log
Full_VeReMi_window_K1_W5,1,5,12,5,YES,YES,YES,caught_by_both,12.035,/home/srmap/research/projects/v2x-multiuav-trust/results/scalability_N10_AR50_guarded_cusum_15seed/ON_seed12_x560_720_t36.log
Full_VeReMi_window_K1_W5,1,5,12,6,NO,NO,YES,veremi_fp_only,14.236,/home/srmap/research/projects/v2x-multiuav-trust/results/scalability_N10_AR50_guarded_cusum_15seed/ON_seed12_x560_720_t36.log
Full_VeReMi_window_K1_W5,1,5,12,7,YES,YES,YES,caught_by_both,16.286,/home/srmap/research/projects/v2x-multiuav-trust/results/scalability_N10_AR50_guarded_cusum_15seed/ON_seed12_x560_720_t36.log
Full_VeReMi_window_K1_W5,1,5,12,8,NO,NO,YES,veremi_fp_only,17.916,/home/srmap/research/projects/v2x-multiuav-trust/results/scalability_N10_AR50_guarded_cusum_15seed/ON_seed12_x560_720_t36.log
Full_VeReMi_window_K1_W5,1,5,12,9,YES,YES,YES,caught_by_both,20.346,/home/srmap/research/projects/v2x-multiuav-trust/results/scalability_N10_AR50_guarded_cusum_15seed/ON_seed12_x560_720_t36.log
Full_VeReMi_window_K2_W5,2,5,12,0,YES,YES,YES,caught_by_both,24.243,/home/srmap/research/projects/v2x-multiuav-trust/results/scalability_N10_AR50_guarded_cusum_15seed/ON_seed12_x560_720_t36.log
Full_VeReMi_window_K2_W5,2,5,12,1,YES,YES,YES,caught_by_both,25.445,/home/srmap/research/projects/v2x-multiuav-trust/results/scalability_N10_AR50_guarded_cusum_15seed/ON_seed12_x560_720_t36.log
Full_VeReMi_window_K2_W5,2,5,12,2,YES,YES,YES,caught_by_both,26.024,/home/srmap/research/projects/v2x-multiuav-trust/results/scalability_N10_AR50_guarded_cusum_15seed/ON_seed12_x560_720_t36.log
Full_VeReMi_window_K2_W5,2,5,12,3,YES,YES,YES,caught_by_both,26.444,/home/srmap/research/projects/v2x-multiuav-trust/results/scalability_N10_AR50_guarded_cusum_15seed/ON_seed12_x560_720_t36.log
Full_VeReMi_window_K2_W5,2,5,12,4,NO,NO,YES,veremi_fp_only,32.134,/home/srmap/research/projects/v2x-multiuav-trust/results/scalability_N10_AR50_guarded_cusum_15seed/ON_seed12_x560_720_t36.log
Full_VeReMi_window_K2_W5,2,5,12,5,YES,YES,YES,caught_by_both,24.039,/home/srmap/research/projects/v2x-multiuav-trust/results/scalability_N10_AR50_guarded_cusum_15seed/ON_seed12_x560_720_t36.log
Full_VeReMi_window_K2_W5,2,5,12,6,NO,NO,YES,veremi_fp_only,26.236,/home/srmap/research/projects/v2x-multiuav-trust/results/scalability_N10_AR50_guarded_cusum_15seed/ON_seed12_x560_720_t36.log
Full_VeReMi_window_K2_W5,2,5,12,7,YES,YES,YES,caught_by_both,25.286,/home/srmap/research/projects/v2x-multiuav-trust/results/scalability_N10_AR50_guarded_cusum_15seed/ON_seed12_x560_720_t36.log
Full_VeReMi_window_K2_W5,2,5,12,8,NO,NO,YES,veremi_fp_only,29.916,/home/srmap/research/projects/v2x-multiuav-trust/results/scalability_N10_AR50_guarded_cusum_15seed/ON_seed12_x560_720_t36.log
Full_VeReMi_window_K2_W5,2,5,12,9,YES,YES,YES,caught_by_both,25.846,/home/srmap/research/projects/v2x-multiuav-trust/results/scalability_N10_AR50_guarded_cusum_15seed/ON_seed12_x560_720_t36.log
Full_VeReMi_window_K3_W5,3,5,12,0,YES,YES,YES,caught_by_both,25.744,/home/srmap/research/projects/v2x-multiuav-trust/results/scalability_N10_AR50_guarded_cusum_15seed/ON_seed12_x560_720_t36.log
Full_VeReMi_window_K3_W5,3,5,12,1,YES,YES,YES,caught_by_both,26.445,/home/srmap/research/projects/v2x-multiuav-trust/results/scalability_N10_AR50_guarded_cusum_15seed/ON_seed12_x560_720_t36.log
Full_VeReMi_window_K3_W5,3,5,12,2,YES,YES,YES,caught_by_both,27.024,/home/srmap/research/projects/v2x-multiuav-trust/results/scalability_N10_AR50_guarded_cusum_15seed/ON_seed12_x560_720_t36.log
Full_VeReMi_window_K3_W5,3,5,12,3,YES,YES,YES,caught_by_both,27.444,/home/srmap/research/projects/v2x-multiuav-trust/results/scalability_N10_AR50_guarded_cusum_15seed/ON_seed12_x560_720_t36.log
Full_VeReMi_window_K3_W5,3,5,12,4,NO,NO,NO,honest_clean,,/home/srmap/research/projects/v2x-multiuav-trust/results/scalability_N10_AR50_guarded_cusum_15seed/ON_seed12_x560_720_t36.log
Full_VeReMi_window_K3_W5,3,5,12,5,YES,YES,YES,caught_by_both,24.537,/home/srmap/research/projects/v2x-multiuav-trust/results/scalability_N10_AR50_guarded_cusum_15seed/ON_seed12_x560_720_t36.log
Full_VeReMi_window_K3_W5,3,5,12,6,NO,NO,NO,honest_clean,,/home/srmap/research/projects/v2x-multiuav-trust/results/scalability_N10_AR50_guarded_cusum_15seed/ON_seed12_x560_720_t36.log
Full_VeReMi_window_K3_W5,3,5,12,7,YES,YES,YES,caught_by_both,26.286,/home/srmap/research/projects/v2x-multiuav-trust/results/scalability_N10_AR50_guarded_cusum_15seed/ON_seed12_x560_720_t36.log
Full_VeReMi_window_K3_W5,3,5,12,8,NO,NO,NO,honest_clean,,/home/srmap/research/projects/v2x-multiuav-trust/results/scalability_N10_AR50_guarded_cusum_15seed/ON_seed12_x560_720_t36.log
Full_VeReMi_window_K3_W5,3,5,12,9,YES,YES,YES,caught_by_both,26.849,/home/srmap/research/projects/v2x-multiuav-trust/results/scalability_N10_AR50_guarded_cusum_15seed/ON_seed12_x560_720_t36.log
Full_VeReMi_window_K1_W5,1,5,13,0,YES,YES,YES,caught_by_both,12.344,/home/srmap/research/projects/v2x-multiuav-trust/results/scalability_N10_AR50_guarded_cusum_15seed/ON_seed13_x560_720_t36.log
Full_VeReMi_window_K1_W5,1,5,13,1,YES,YES,YES,caught_by_both,13.944,/home/srmap/research/projects/v2x-multiuav-trust/results/scalability_N10_AR50_guarded_cusum_15seed/ON_seed13_x560_720_t36.log
Full_VeReMi_window_K1_W5,1,5,13,2,YES,YES,YES,caught_by_both,15.944,/home/srmap/research/projects/v2x-multiuav-trust/results/scalability_N10_AR50_guarded_cusum_15seed/ON_seed13_x560_720_t36.log
Full_VeReMi_window_K1_W5,1,5,13,3,YES,YES,YES,caught_by_both,18.034,/home/srmap/research/projects/v2x-multiuav-trust/results/scalability_N10_AR50_guarded_cusum_15seed/ON_seed13_x560_720_t36.log
Full_VeReMi_window_K1_W5,1,5,13,4,YES,YES,YES,caught_by_both,19.964,/home/srmap/research/projects/v2x-multiuav-trust/results/scalability_N10_AR50_guarded_cusum_15seed/ON_seed13_x560_720_t36.log
Full_VeReMi_window_K1_W5,1,5,13,5,YES,YES,YES,caught_by_both,12.266,/home/srmap/research/projects/v2x-multiuav-trust/results/scalability_N10_AR50_guarded_cusum_15seed/ON_seed13_x560_720_t36.log
Full_VeReMi_window_K1_W5,1,5,13,6,YES,YES,YES,caught_by_both,14.116,/home/srmap/research/projects/v2x-multiuav-trust/results/scalability_N10_AR50_guarded_cusum_15seed/ON_seed13_x560_720_t36.log
Full_VeReMi_window_K1_W5,1,5,13,7,NO,NO,YES,veremi_fp_only,16.135,/home/srmap/research/projects/v2x-multiuav-trust/results/scalability_N10_AR50_guarded_cusum_15seed/ON_seed13_x560_720_t36.log
Full_VeReMi_window_K1_W5,1,5,13,8,NO,NO,YES,veremi_fp_only,18.326,/home/srmap/research/projects/v2x-multiuav-trust/results/scalability_N10_AR50_guarded_cusum_15seed/ON_seed13_x560_720_t36.log
Full_VeReMi_window_K1_W5,1,5,13,9,NO,NO,YES,veremi_fp_only,20.156,/home/srmap/research/projects/v2x-multiuav-trust/results/scalability_N10_AR50_guarded_cusum_15seed/ON_seed13_x560_720_t36.log
Full_VeReMi_window_K2_W5,2,5,13,0,YES,YES,YES,caught_by_both,23.844,/home/srmap/research/projects/v2x-multiuav-trust/results/scalability_N10_AR50_guarded_cusum_15seed/ON_seed13_x560_720_t36.log
Full_VeReMi_window_K2_W5,2,5,13,1,YES,YES,YES,caught_by_both,25.444,/home/srmap/research/projects/v2x-multiuav-trust/results/scalability_N10_AR50_guarded_cusum_15seed/ON_seed13_x560_720_t36.log
Full_VeReMi_window_K2_W5,2,5,13,2,YES,YES,YES,caught_by_both,25.944,/home/srmap/research/projects/v2x-multiuav-trust/results/scalability_N10_AR50_guarded_cusum_15seed/ON_seed13_x560_720_t36.log
Full_VeReMi_window_K2_W5,2,5,13,3,YES,YES,YES,caught_by_both,26.034,/home/srmap/research/projects/v2x-multiuav-trust/results/scalability_N10_AR50_guarded_cusum_15seed/ON_seed13_x560_720_t36.log
Full_VeReMi_window_K2_W5,2,5,13,4,YES,YES,YES,caught_by_both,26.466,/home/srmap/research/projects/v2x-multiuav-trust/results/scalability_N10_AR50_guarded_cusum_15seed/ON_seed13_x560_720_t36.log
Full_VeReMi_window_K2_W5,2,5,13,5,YES,YES,YES,caught_by_both,24.266,/home/srmap/research/projects/v2x-multiuav-trust/results/scalability_N10_AR50_guarded_cusum_15seed/ON_seed13_x560_720_t36.log
Full_VeReMi_window_K2_W5,2,5,13,6,YES,YES,YES,caught_by_both,24.616,/home/srmap/research/projects/v2x-multiuav-trust/results/scalability_N10_AR50_guarded_cusum_15seed/ON_seed13_x560_720_t36.log
Full_VeReMi_window_K2_W5,2,5,13,7,NO,NO,YES,veremi_fp_only,28.136,/home/srmap/research/projects/v2x-multiuav-trust/results/scalability_N10_AR50_guarded_cusum_15seed/ON_seed13_x560_720_t36.log
Full_VeReMi_window_K2_W5,2,5,13,8,NO,NO,YES,veremi_fp_only,29.826,/home/srmap/research/projects/v2x-multiuav-trust/results/scalability_N10_AR50_guarded_cusum_15seed/ON_seed13_x560_720_t36.log
Full_VeReMi_window_K2_W5,2,5,13,9,NO,NO,YES,veremi_fp_only,32.156,/home/srmap/research/projects/v2x-multiuav-trust/results/scalability_N10_AR50_guarded_cusum_15seed/ON_seed13_x560_720_t36.log
Full_VeReMi_window_K3_W5,3,5,13,0,YES,YES,YES,caught_by_both,25.844,/home/srmap/research/projects/v2x-multiuav-trust/results/scalability_N10_AR50_guarded_cusum_15seed/ON_seed13_x560_720_t36.log
Full_VeReMi_window_K3_W5,3,5,13,1,YES,YES,YES,caught_by_both,26.444,/home/srmap/research/projects/v2x-multiuav-trust/results/scalability_N10_AR50_guarded_cusum_15seed/ON_seed13_x560_720_t36.log
Full_VeReMi_window_K3_W5,3,5,13,2,YES,YES,YES,caught_by_both,26.944,/home/srmap/research/projects/v2x-multiuav-trust/results/scalability_N10_AR50_guarded_cusum_15seed/ON_seed13_x560_720_t36.log
Full_VeReMi_window_K3_W5,3,5,13,3,YES,YES,YES,caught_by_both,27.034,/home/srmap/research/projects/v2x-multiuav-trust/results/scalability_N10_AR50_guarded_cusum_15seed/ON_seed13_x560_720_t36.log
Full_VeReMi_window_K3_W5,3,5,13,4,YES,YES,YES,caught_by_both,27.464,/home/srmap/research/projects/v2x-multiuav-trust/results/scalability_N10_AR50_guarded_cusum_15seed/ON_seed13_x560_720_t36.log
Full_VeReMi_window_K3_W5,3,5,13,5,YES,YES,YES,caught_by_both,25.266,/home/srmap/research/projects/v2x-multiuav-trust/results/scalability_N10_AR50_guarded_cusum_15seed/ON_seed13_x560_720_t36.log
Full_VeReMi_window_K3_W5,3,5,13,6,YES,YES,YES,caught_by_both,25.616,/home/srmap/research/projects/v2x-multiuav-trust/results/scalability_N10_AR50_guarded_cusum_15seed/ON_seed13_x560_720_t36.log
Full_VeReMi_window_K3_W5,3,5,13,7,NO,NO,NO,honest_clean,,/home/srmap/research/projects/v2x-multiuav-trust/results/scalability_N10_AR50_guarded_cusum_15seed/ON_seed13_x560_720_t36.log
Full_VeReMi_window_K3_W5,3,5,13,8,NO,NO,NO,honest_clean,,/home/srmap/research/projects/v2x-multiuav-trust/results/scalability_N10_AR50_guarded_cusum_15seed/ON_seed13_x560_720_t36.log
Full_VeReMi_window_K3_W5,3,5,13,9,NO,NO,NO,honest_clean,,/home/srmap/research/projects/v2x-multiuav-trust/results/scalability_N10_AR50_guarded_cusum_15seed/ON_seed13_x560_720_t36.log
Full_VeReMi_window_K1_W5,1,5,14,0,YES,YES,YES,caught_by_both,12.184,/home/srmap/research/projects/v2x-multiuav-trust/results/scalability_N10_AR50_guarded_cusum_15seed/ON_seed14_x560_720_t36.log
Full_VeReMi_window_K1_W5,1,5,14,1,YES,YES,YES,caught_by_both,14.044,/home/srmap/research/projects/v2x-multiuav-trust/results/scalability_N10_AR50_guarded_cusum_15seed/ON_seed14_x560_720_t36.log
Full_VeReMi_window_K1_W5,1,5,14,2,YES,YES,YES,caught_by_both,16.354,/home/srmap/research/projects/v2x-multiuav-trust/results/scalability_N10_AR50_guarded_cusum_15seed/ON_seed14_x560_720_t36.log
Full_VeReMi_window_K1_W5,1,5,14,3,YES,YES,YES,caught_by_both,18.104,/home/srmap/research/projects/v2x-multiuav-trust/results/scalability_N10_AR50_guarded_cusum_15seed/ON_seed14_x560_720_t36.log
Full_VeReMi_window_K1_W5,1,5,14,4,YES,YES,YES,caught_by_both,19.974,/home/srmap/research/projects/v2x-multiuav-trust/results/scalability_N10_AR50_guarded_cusum_15seed/ON_seed14_x560_720_t36.log
Full_VeReMi_window_K1_W5,1,5,14,5,YES,YES,YES,caught_by_both,12.346,/home/srmap/research/projects/v2x-multiuav-trust/results/scalability_N10_AR50_guarded_cusum_15seed/ON_seed14_x560_720_t36.log
Full_VeReMi_window_K1_W5,1,5,14,6,NO,NO,YES,veremi_fp_only,14.356,/home/srmap/research/projects/v2x-multiuav-trust/results/scalability_N10_AR50_guarded_cusum_15seed/ON_seed14_x560_720_t36.log
Full_VeReMi_window_K1_W5,1,5,14,7,NO,NO,YES,veremi_fp_only,16.106,/home/srmap/research/projects/v2x-multiuav-trust/results/scalability_N10_AR50_guarded_cusum_15seed/ON_seed14_x560_720_t36.log
Full_VeReMi_window_K1_W5,1,5,14,8,YES,YES,YES,caught_by_both,17.987,/home/srmap/research/projects/v2x-multiuav-trust/results/scalability_N10_AR50_guarded_cusum_15seed/ON_seed14_x560_720_t36.log
Full_VeReMi_window_K1_W5,1,5,14,9,NO,NO,YES,veremi_fp_only,20.316,/home/srmap/research/projects/v2x-multiuav-trust/results/scalability_N10_AR50_guarded_cusum_15seed/ON_seed14_x560_720_t36.log
Full_VeReMi_window_K2_W5,2,5,14,0,YES,YES,YES,caught_by_both,24.184,/home/srmap/research/projects/v2x-multiuav-trust/results/scalability_N10_AR50_guarded_cusum_15seed/ON_seed14_x560_720_t36.log
Full_VeReMi_window_K2_W5,2,5,14,1,YES,YES,YES,caught_by_both,25.543,/home/srmap/research/projects/v2x-multiuav-trust/results/scalability_N10_AR50_guarded_cusum_15seed/ON_seed14_x560_720_t36.log
Full_VeReMi_window_K2_W5,2,5,14,2,YES,YES,YES,caught_by_both,25.854,/home/srmap/research/projects/v2x-multiuav-trust/results/scalability_N10_AR50_guarded_cusum_15seed/ON_seed14_x560_720_t36.log
Full_VeReMi_window_K2_W5,2,5,14,3,YES,YES,YES,caught_by_both,26.103,/home/srmap/research/projects/v2x-multiuav-trust/results/scalability_N10_AR50_guarded_cusum_15seed/ON_seed14_x560_720_t36.log
Full_VeReMi_window_K2_W5,2,5,14,4,YES,YES,YES,caught_by_both,26.477,/home/srmap/research/projects/v2x-multiuav-trust/results/scalability_N10_AR50_guarded_cusum_15seed/ON_seed14_x560_720_t36.log
Full_VeReMi_window_K2_W5,2,5,14,5,YES,YES,YES,caught_by_both,23.846,/home/srmap/research/projects/v2x-multiuav-trust/results/scalability_N10_AR50_guarded_cusum_15seed/ON_seed14_x560_720_t36.log
Full_VeReMi_window_K2_W5,2,5,14,6,NO,NO,YES,veremi_fp_only,25.856,/home/srmap/research/projects/v2x-multiuav-trust/results/scalability_N10_AR50_guarded_cusum_15seed/ON_seed14_x560_720_t36.log
Full_VeReMi_window_K2_W5,2,5,14,7,NO,NO,YES,veremi_fp_only,28.106,/home/srmap/research/projects/v2x-multiuav-trust/results/scalability_N10_AR50_guarded_cusum_15seed/ON_seed14_x560_720_t36.log
Full_VeReMi_window_K2_W5,2,5,14,8,YES,YES,YES,caught_by_both,25.486,/home/srmap/research/projects/v2x-multiuav-trust/results/scalability_N10_AR50_guarded_cusum_15seed/ON_seed14_x560_720_t36.log
Full_VeReMi_window_K2_W5,2,5,14,9,NO,NO,YES,veremi_fp_only,31.82,/home/srmap/research/projects/v2x-multiuav-trust/results/scalability_N10_AR50_guarded_cusum_15seed/ON_seed14_x560_720_t36.log
Full_VeReMi_window_K3_W5,3,5,14,0,YES,YES,YES,caught_by_both,25.684,/home/srmap/research/projects/v2x-multiuav-trust/results/scalability_N10_AR50_guarded_cusum_15seed/ON_seed14_x560_720_t36.log
Full_VeReMi_window_K3_W5,3,5,14,1,YES,YES,YES,caught_by_both,26.544,/home/srmap/research/projects/v2x-multiuav-trust/results/scalability_N10_AR50_guarded_cusum_15seed/ON_seed14_x560_720_t36.log
Full_VeReMi_window_K3_W5,3,5,14,2,YES,YES,YES,caught_by_both,26.854,/home/srmap/research/projects/v2x-multiuav-trust/results/scalability_N10_AR50_guarded_cusum_15seed/ON_seed14_x560_720_t36.log
Full_VeReMi_window_K3_W5,3,5,14,3,YES,YES,YES,caught_by_both,27.104,/home/srmap/research/projects/v2x-multiuav-trust/results/scalability_N10_AR50_guarded_cusum_15seed/ON_seed14_x560_720_t36.log
Full_VeReMi_window_K3_W5,3,5,14,4,YES,YES,YES,caught_by_both,27.474,/home/srmap/research/projects/v2x-multiuav-trust/results/scalability_N10_AR50_guarded_cusum_15seed/ON_seed14_x560_720_t36.log
Full_VeReMi_window_K3_W5,3,5,14,5,YES,YES,YES,caught_by_both,24.346,/home/srmap/research/projects/v2x-multiuav-trust/results/scalability_N10_AR50_guarded_cusum_15seed/ON_seed14_x560_720_t36.log
Full_VeReMi_window_K3_W5,3,5,14,6,NO,NO,NO,honest_clean,,/home/srmap/research/projects/v2x-multiuav-trust/results/scalability_N10_AR50_guarded_cusum_15seed/ON_seed14_x560_720_t36.log
Full_VeReMi_window_K3_W5,3,5,14,7,NO,NO,NO,honest_clean,,/home/srmap/research/projects/v2x-multiuav-trust/results/scalability_N10_AR50_guarded_cusum_15seed/ON_seed14_x560_720_t36.log
Full_VeReMi_window_K3_W5,3,5,14,8,YES,YES,YES,caught_by_both,26.486,/home/srmap/research/projects/v2x-multiuav-trust/results/scalability_N10_AR50_guarded_cusum_15seed/ON_seed14_x560_720_t36.log
Full_VeReMi_window_K3_W5,3,5,14,9,NO,NO,NO,honest_clean,,/home/srmap/research/projects/v2x-multiuav-trust/results/scalability_N10_AR50_guarded_cusum_15seed/ON_seed14_x560_720_t36.log
Full_VeReMi_window_K1_W5,1,5,15,0,YES,YES,YES,caught_by_both,12.124,/home/srmap/research/projects/v2x-multiuav-trust/results/scalability_N10_AR50_guarded_cusum_15seed/ON_seed15_x560_720_t36.log
Full_VeReMi_window_K1_W5,1,5,15,1,YES,YES,YES,caught_by_both,14.384,/home/srmap/research/projects/v2x-multiuav-trust/results/scalability_N10_AR50_guarded_cusum_15seed/ON_seed15_x560_720_t36.log
Full_VeReMi_window_K1_W5,1,5,15,2,YES,YES,YES,caught_by_both,16.104,/home/srmap/research/projects/v2x-multiuav-trust/results/scalability_N10_AR50_guarded_cusum_15seed/ON_seed15_x560_720_t36.log
Full_VeReMi_window_K1_W5,1,5,15,3,NO,NO,YES,veremi_fp_only,17.914,/home/srmap/research/projects/v2x-multiuav-trust/results/scalability_N10_AR50_guarded_cusum_15seed/ON_seed15_x560_720_t36.log
Full_VeReMi_window_K1_W5,1,5,15,4,NO,NO,YES,veremi_fp_only,20.144,/home/srmap/research/projects/v2x-multiuav-trust/results/scalability_N10_AR50_guarded_cusum_15seed/ON_seed15_x560_720_t36.log
Full_VeReMi_window_K1_W5,1,5,15,5,YES,NO,NO,missed_by_both,,/home/srmap/research/projects/v2x-multiuav-trust/results/scalability_N10_AR50_guarded_cusum_15seed/ON_seed15_x560_720_t36.log
Full_VeReMi_window_K1_W5,1,5,15,6,NO,NO,YES,veremi_fp_only,14.306,/home/srmap/research/projects/v2x-multiuav-trust/results/scalability_N10_AR50_guarded_cusum_15seed/ON_seed15_x560_720_t36.log
Full_VeReMi_window_K1_W5,1,5,15,7,YES,YES,YES,caught_by_both,15.986,/home/srmap/research/projects/v2x-multiuav-trust/results/scalability_N10_AR50_guarded_cusum_15seed/ON_seed15_x560_720_t36.log
Full_VeReMi_window_K1_W5,1,5,15,8,YES,YES,YES,caught_by_both,17.966,/home/srmap/research/projects/v2x-multiuav-trust/results/scalability_N10_AR50_guarded_cusum_15seed/ON_seed15_x560_720_t36.log
Full_VeReMi_window_K1_W5,1,5,15,9,YES,YES,YES,caught_by_both,20.316,/home/srmap/research/projects/v2x-multiuav-trust/results/scalability_N10_AR50_guarded_cusum_15seed/ON_seed15_x560_720_t36.log
Full_VeReMi_window_K2_W5,2,5,15,0,YES,YES,YES,caught_by_both,24.124,/home/srmap/research/projects/v2x-multiuav-trust/results/scalability_N10_AR50_guarded_cusum_15seed/ON_seed15_x560_720_t36.log
Full_VeReMi_window_K2_W5,2,5,15,1,YES,YES,YES,caught_by_both,25.384,/home/srmap/research/projects/v2x-multiuav-trust/results/scalability_N10_AR50_guarded_cusum_15seed/ON_seed15_x560_720_t36.log
Full_VeReMi_window_K2_W5,2,5,15,2,YES,YES,YES,caught_by_both,25.604,/home/srmap/research/projects/v2x-multiuav-trust/results/scalability_N10_AR50_guarded_cusum_15seed/ON_seed15_x560_720_t36.log
Full_VeReMi_window_K2_W5,2,5,15,3,NO,NO,YES,veremi_fp_only,29.914,/home/srmap/research/projects/v2x-multiuav-trust/results/scalability_N10_AR50_guarded_cusum_15seed/ON_seed15_x560_720_t36.log
Full_VeReMi_window_K2_W5,2,5,15,4,NO,NO,YES,veremi_fp_only,32.144,/home/srmap/research/projects/v2x-multiuav-trust/results/scalability_N10_AR50_guarded_cusum_15seed/ON_seed15_x560_720_t36.log
Full_VeReMi_window_K2_W5,2,5,15,5,YES,NO,NO,missed_by_both,,/home/srmap/research/projects/v2x-multiuav-trust/results/scalability_N10_AR50_guarded_cusum_15seed/ON_seed15_x560_720_t36.log
Full_VeReMi_window_K2_W5,2,5,15,6,NO,NO,YES,veremi_fp_only,25.806,/home/srmap/research/projects/v2x-multiuav-trust/results/scalability_N10_AR50_guarded_cusum_15seed/ON_seed15_x560_720_t36.log
Full_VeReMi_window_K2_W5,2,5,15,7,YES,YES,YES,caught_by_both,24.986,/home/srmap/research/projects/v2x-multiuav-trust/results/scalability_N10_AR50_guarded_cusum_15seed/ON_seed15_x560_720_t36.log
Full_VeReMi_window_K2_W5,2,5,15,8,YES,YES,YES,caught_by_both,25.466,/home/srmap/research/projects/v2x-multiuav-trust/results/scalability_N10_AR50_guarded_cusum_15seed/ON_seed15_x560_720_t36.log
Full_VeReMi_window_K2_W5,2,5,15,9,YES,YES,YES,caught_by_both,25.816,/home/srmap/research/projects/v2x-multiuav-trust/results/scalability_N10_AR50_guarded_cusum_15seed/ON_seed15_x560_720_t36.log
Full_VeReMi_window_K3_W5,3,5,15,0,YES,YES,YES,caught_by_both,25.624,/home/srmap/research/projects/v2x-multiuav-trust/results/scalability_N10_AR50_guarded_cusum_15seed/ON_seed15_x560_720_t36.log
Full_VeReMi_window_K3_W5,3,5,15,1,YES,YES,YES,caught_by_both,26.384,/home/srmap/research/projects/v2x-multiuav-trust/results/scalability_N10_AR50_guarded_cusum_15seed/ON_seed15_x560_720_t36.log
Full_VeReMi_window_K3_W5,3,5,15,2,YES,YES,YES,caught_by_both,26.604,/home/srmap/research/projects/v2x-multiuav-trust/results/scalability_N10_AR50_guarded_cusum_15seed/ON_seed15_x560_720_t36.log
Full_VeReMi_window_K3_W5,3,5,15,3,NO,NO,NO,honest_clean,,/home/srmap/research/projects/v2x-multiuav-trust/results/scalability_N10_AR50_guarded_cusum_15seed/ON_seed15_x560_720_t36.log
Full_VeReMi_window_K3_W5,3,5,15,4,NO,NO,NO,honest_clean,,/home/srmap/research/projects/v2x-multiuav-trust/results/scalability_N10_AR50_guarded_cusum_15seed/ON_seed15_x560_720_t36.log
Full_VeReMi_window_K3_W5,3,5,15,5,YES,NO,NO,missed_by_both,,/home/srmap/research/projects/v2x-multiuav-trust/results/scalability_N10_AR50_guarded_cusum_15seed/ON_seed15_x560_720_t36.log
Full_VeReMi_window_K3_W5,3,5,15,6,NO,NO,NO,honest_clean,,/home/srmap/research/projects/v2x-multiuav-trust/results/scalability_N10_AR50_guarded_cusum_15seed/ON_seed15_x560_720_t36.log
Full_VeReMi_window_K3_W5,3,5,15,7,YES,YES,YES,caught_by_both,25.986,/home/srmap/research/projects/v2x-multiuav-trust/results/scalability_N10_AR50_guarded_cusum_15seed/ON_seed15_x560_720_t36.log
Full_VeReMi_window_K3_W5,3,5,15,8,YES,YES,YES,caught_by_both,26.466,/home/srmap/research/projects/v2x-multiuav-trust/results/scalability_N10_AR50_guarded_cusum_15seed/ON_seed15_x560_720_t36.log
Full_VeReMi_window_K3_W5,3,5,15,9,YES,YES,YES,caught_by_both,26.816,/home/srmap/research/projects/v2x-multiuav-trust/results/scalability_N10_AR50_guarded_cusum_15seed/ON_seed15_x560_720_t36.log
