method,caught,pooled_DR_percent,DR_mean_percent,DR_std,false_positive,pooled_FPR_percent,note
Proposed_UAV_Edge_Trust_Framework,101/105,96.19,96.19,6.54,0/45,0.0,final_locked_scalability_N10_AR50_DROP0
Centralized_CID_OBS_K1_W5,101/105,96.19,96.19,6.54,44/45,97.78,corrected_observation_window
Centralized_CID_OBS_K2_W5,101/105,96.19,96.19,6.54,0/45,0.0,corrected_observation_window
Centralized_CID_OBS_K3_W5,101/105,96.19,96.19,6.54,0/45,0.0,corrected_observation_window
Local_CID_RXUAV_OBS_K1_W5,101/105,96.19,96.19,6.54,44/45,97.78,corrected_observation_window
Local_CID_RXUAV_OBS_K2_W5,101/105,96.19,96.19,6.54,0/45,0.0,corrected_observation_window
Local_CID_RXUAV_OBS_K3_W5,101/105,96.19,96.19,6.54,0/45,0.0,corrected_observation_window
Local_CID_ZONE_OBS_K1_W5,101/105,96.19,96.19,6.54,44/45,97.78,corrected_observation_window
Local_CID_ZONE_OBS_K2_W5,101/105,96.19,96.19,6.54,0/45,0.0,corrected_observation_window
Local_CID_ZONE_OBS_K3_W5,101/105,96.19,96.19,6.54,0/45,0.0,corrected_observation_window
