baseline_variant,scope,K,W,seed,beacon_count,malicious,honest,detected,false_positive,missed,DR_percent,FPR_percent,precision,recall,F1,mean_detection_time,detected_ids,missed_ids,false_positive_ids,source_log_path
Centralized_CID_K1_W5,Centralized_CID,1,5,1,624,7,3,7,2,0,100.0,66.67,0.7778,1.0,0.875,14.981,0;1;2;4;5;6;7,,3;8,/home/srmap/research/projects/v2x-multiuav-trust/results/scalability_N10_AR50_guarded_cusum_15seed/ON_seed1_x560_720_t36.log
Centralized_CID_K2_W5,Centralized_CID,2,5,1,624,7,3,7,2,0,100.0,66.67,0.7778,1.0,0.875,25.052,0;1;2;4;5;6;7,,3;8,/home/srmap/research/projects/v2x-multiuav-trust/results/scalability_N10_AR50_guarded_cusum_15seed/ON_seed1_x560_720_t36.log
Centralized_CID_K3_W5,Centralized_CID,3,5,1,624,7,3,7,0,0,100.0,0.0,1.0,1.0,1.0,26.052,0;1;2;4;5;6;7,,,/home/srmap/research/projects/v2x-multiuav-trust/results/scalability_N10_AR50_guarded_cusum_15seed/ON_seed1_x560_720_t36.log
Local_CID_RXUAV_K1_W5,Local_CID_RXUAV,1,5,1,624,7,3,7,2,0,100.0,66.67,0.7778,1.0,0.875,14.981,0;1;2;4;5;6;7,,3;8,/home/srmap/research/projects/v2x-multiuav-trust/results/scalability_N10_AR50_guarded_cusum_15seed/ON_seed1_x560_720_t36.log
Local_CID_RXUAV_K2_W5,Local_CID_RXUAV,2,5,1,624,7,3,7,0,0,100.0,0.0,1.0,1.0,1.0,25.052,0;1;2;4;5;6;7,,,/home/srmap/research/projects/v2x-multiuav-trust/results/scalability_N10_AR50_guarded_cusum_15seed/ON_seed1_x560_720_t36.log
Local_CID_RXUAV_K3_W5,Local_CID_RXUAV,3,5,1,624,7,3,7,0,0,100.0,0.0,1.0,1.0,1.0,26.052,0;1;2;4;5;6;7,,,/home/srmap/research/projects/v2x-multiuav-trust/results/scalability_N10_AR50_guarded_cusum_15seed/ON_seed1_x560_720_t36.log
Local_CID_ZONE_K1_W5,Local_CID_ZONE,1,5,1,624,7,3,7,2,0,100.0,66.67,0.7778,1.0,0.875,14.981,0;1;2;4;5;6;7,,3;8,/home/srmap/research/projects/v2x-multiuav-trust/results/scalability_N10_AR50_guarded_cusum_15seed/ON_seed1_x560_720_t36.log
Local_CID_ZONE_K2_W5,Local_CID_ZONE,2,5,1,624,7,3,7,0,0,100.0,0.0,1.0,1.0,1.0,25.052,0;1;2;4;5;6;7,,,/home/srmap/research/projects/v2x-multiuav-trust/results/scalability_N10_AR50_guarded_cusum_15seed/ON_seed1_x560_720_t36.log
Local_CID_ZONE_K3_W5,Local_CID_ZONE,3,5,1,624,7,3,7,0,0,100.0,0.0,1.0,1.0,1.0,26.052,0;1;2;4;5;6;7,,,/home/srmap/research/projects/v2x-multiuav-trust/results/scalability_N10_AR50_guarded_cusum_15seed/ON_seed1_x560_720_t36.log
Centralized_CID_K1_W5,Centralized_CID,1,5,2,676,7,3,7,3,0,100.0,100.0,0.7,1.0,0.8235,15.588,0;1;2;3;4;5;7,,6;8;9,/home/srmap/research/projects/v2x-multiuav-trust/results/scalability_N10_AR50_guarded_cusum_15seed/ON_seed2_x560_720_t36.log
Centralized_CID_K2_W5,Centralized_CID,2,5,2,676,7,3,7,3,0,100.0,100.0,0.7,1.0,0.8235,25.373,0;1;2;3;4;5;7,,6;8;9,/home/srmap/research/projects/v2x-multiuav-trust/results/scalability_N10_AR50_guarded_cusum_15seed/ON_seed2_x560_720_t36.log
Centralized_CID_K3_W5,Centralized_CID,3,5,2,676,7,3,7,0,0,100.0,0.0,1.0,1.0,1.0,26.373,0;1;2;3;4;5;7,,,/home/srmap/research/projects/v2x-multiuav-trust/results/scalability_N10_AR50_guarded_cusum_15seed/ON_seed2_x560_720_t36.log
Local_CID_RXUAV_K1_W5,Local_CID_RXUAV,1,5,2,676,7,3,7,3,0,100.0,100.0,0.7,1.0,0.8235,15.588,0;1;2;3;4;5;7,,6;8;9,/home/srmap/research/projects/v2x-multiuav-trust/results/scalability_N10_AR50_guarded_cusum_15seed/ON_seed2_x560_720_t36.log
Local_CID_RXUAV_K2_W5,Local_CID_RXUAV,2,5,2,676,7,3,7,1,0,100.0,33.33,0.875,1.0,0.9333,25.373,0;1;2;3;4;5;7,,6,/home/srmap/research/projects/v2x-multiuav-trust/results/scalability_N10_AR50_guarded_cusum_15seed/ON_seed2_x560_720_t36.log
Local_CID_RXUAV_K3_W5,Local_CID_RXUAV,3,5,2,676,7,3,7,0,0,100.0,0.0,1.0,1.0,1.0,26.373,0;1;2;3;4;5;7,,,/home/srmap/research/projects/v2x-multiuav-trust/results/scalability_N10_AR50_guarded_cusum_15seed/ON_seed2_x560_720_t36.log
Local_CID_ZONE_K1_W5,Local_CID_ZONE,1,5,2,676,7,3,7,3,0,100.0,100.0,0.7,1.0,0.8235,15.588,0;1;2;3;4;5;7,,6;8;9,/home/srmap/research/projects/v2x-multiuav-trust/results/scalability_N10_AR50_guarded_cusum_15seed/ON_seed2_x560_720_t36.log
Local_CID_ZONE_K2_W5,Local_CID_ZONE,2,5,2,676,7,3,7,1,0,100.0,33.33,0.875,1.0,0.9333,25.373,0;1;2;3;4;5;7,,6,/home/srmap/research/projects/v2x-multiuav-trust/results/scalability_N10_AR50_guarded_cusum_15seed/ON_seed2_x560_720_t36.log
Local_CID_ZONE_K3_W5,Local_CID_ZONE,3,5,2,676,7,3,7,0,0,100.0,0.0,1.0,1.0,1.0,26.373,0;1;2;3;4;5;7,,,/home/srmap/research/projects/v2x-multiuav-trust/results/scalability_N10_AR50_guarded_cusum_15seed/ON_seed2_x560_720_t36.log
Centralized_CID_K1_W5,Centralized_CID,1,5,3,675,7,3,7,3,0,100.0,100.0,0.7,1.0,0.8235,17.09,0;1;2;3;4;8;9,,5;6;7,/home/srmap/research/projects/v2x-multiuav-trust/results/scalability_N10_AR50_guarded_cusum_15seed/ON_seed3_x560_720_t36.log
Centralized_CID_K2_W5,Centralized_CID,2,5,3,675,7,3,7,3,0,100.0,100.0,0.7,1.0,0.8235,25.733,0;1;2;3;4;8;9,,5;6;7,/home/srmap/research/projects/v2x-multiuav-trust/results/scalability_N10_AR50_guarded_cusum_15seed/ON_seed3_x560_720_t36.log
Centralized_CID_K3_W5,Centralized_CID,3,5,3,675,7,3,7,0,0,100.0,0.0,1.0,1.0,1.0,26.804,0;1;2;3;4;8;9,,,/home/srmap/research/projects/v2x-multiuav-trust/results/scalability_N10_AR50_guarded_cusum_15seed/ON_seed3_x560_720_t36.log
Local_CID_RXUAV_K1_W5,Local_CID_RXUAV,1,5,3,675,7,3,7,3,0,100.0,100.0,0.7,1.0,0.8235,17.09,0;1;2;3;4;8;9,,5;6;7,/home/srmap/research/projects/v2x-multiuav-trust/results/scalability_N10_AR50_guarded_cusum_15seed/ON_seed3_x560_720_t36.log
Local_CID_RXUAV_K2_W5,Local_CID_RXUAV,2,5,3,675,7,3,7,2,0,100.0,66.67,0.7778,1.0,0.875,25.733,0;1;2;3;4;8;9,,5;6,/home/srmap/research/projects/v2x-multiuav-trust/results/scalability_N10_AR50_guarded_cusum_15seed/ON_seed3_x560_720_t36.log
Local_CID_RXUAV_K3_W5,Local_CID_RXUAV,3,5,3,675,7,3,7,0,0,100.0,0.0,1.0,1.0,1.0,26.804,0;1;2;3;4;8;9,,,/home/srmap/research/projects/v2x-multiuav-trust/results/scalability_N10_AR50_guarded_cusum_15seed/ON_seed3_x560_720_t36.log
Local_CID_ZONE_K1_W5,Local_CID_ZONE,1,5,3,675,7,3,7,3,0,100.0,100.0,0.7,1.0,0.8235,17.09,0;1;2;3;4;8;9,,5;6;7,/home/srmap/research/projects/v2x-multiuav-trust/results/scalability_N10_AR50_guarded_cusum_15seed/ON_seed3_x560_720_t36.log
Local_CID_ZONE_K2_W5,Local_CID_ZONE,2,5,3,675,7,3,7,2,0,100.0,66.67,0.7778,1.0,0.875,25.733,0;1;2;3;4;8;9,,5;6,/home/srmap/research/projects/v2x-multiuav-trust/results/scalability_N10_AR50_guarded_cusum_15seed/ON_seed3_x560_720_t36.log
Local_CID_ZONE_K3_W5,Local_CID_ZONE,3,5,3,675,7,3,7,0,0,100.0,0.0,1.0,1.0,1.0,26.804,0;1;2;3;4;8;9,,,/home/srmap/research/projects/v2x-multiuav-trust/results/scalability_N10_AR50_guarded_cusum_15seed/ON_seed3_x560_720_t36.log
Centralized_CID_K1_W5,Centralized_CID,1,5,4,617,7,3,6,3,1,85.71,100.0,0.6667,0.8571,0.75,16.481,0;1;2;3;8;9,5,4;6;7,/home/srmap/research/projects/v2x-multiuav-trust/results/scalability_N10_AR50_guarded_cusum_15seed/ON_seed4_x560_720_t36.log
Centralized_CID_K2_W5,Centralized_CID,2,5,4,617,7,3,6,3,1,85.71,100.0,0.6667,0.8571,0.75,25.481,0;1;2;3;8;9,5,4;6;7,/home/srmap/research/projects/v2x-multiuav-trust/results/scalability_N10_AR50_guarded_cusum_15seed/ON_seed4_x560_720_t36.log
Centralized_CID_K3_W5,Centralized_CID,3,5,4,617,7,3,6,0,1,85.71,0.0,1.0,0.8571,0.9231,26.565,0;1;2;3;8;9,5,,/home/srmap/research/projects/v2x-multiuav-trust/results/scalability_N10_AR50_guarded_cusum_15seed/ON_seed4_x560_720_t36.log
Local_CID_RXUAV_K1_W5,Local_CID_RXUAV,1,5,4,617,7,3,6,3,1,85.71,100.0,0.6667,0.8571,0.75,16.481,0;1;2;3;8;9,5,4;6;7,/home/srmap/research/projects/v2x-multiuav-trust/results/scalability_N10_AR50_guarded_cusum_15seed/ON_seed4_x560_720_t36.log
Local_CID_RXUAV_K2_W5,Local_CID_RXUAV,2,5,4,617,7,3,6,1,1,85.71,33.33,0.8571,0.8571,0.8571,25.481,0;1;2;3;8;9,5,6,/home/srmap/research/projects/v2x-multiuav-trust/results/scalability_N10_AR50_guarded_cusum_15seed/ON_seed4_x560_720_t36.log
Local_CID_RXUAV_K3_W5,Local_CID_RXUAV,3,5,4,617,7,3,6,0,1,85.71,0.0,1.0,0.8571,0.9231,26.565,0;1;2;3;8;9,5,,/home/srmap/research/projects/v2x-multiuav-trust/results/scalability_N10_AR50_guarded_cusum_15seed/ON_seed4_x560_720_t36.log
Local_CID_ZONE_K1_W5,Local_CID_ZONE,1,5,4,617,7,3,6,3,1,85.71,100.0,0.6667,0.8571,0.75,16.481,0;1;2;3;8;9,5,4;6;7,/home/srmap/research/projects/v2x-multiuav-trust/results/scalability_N10_AR50_guarded_cusum_15seed/ON_seed4_x560_720_t36.log
Local_CID_ZONE_K2_W5,Local_CID_ZONE,2,5,4,617,7,3,6,1,1,85.71,33.33,0.8571,0.8571,0.8571,25.481,0;1;2;3;8;9,5,6,/home/srmap/research/projects/v2x-multiuav-trust/results/scalability_N10_AR50_guarded_cusum_15seed/ON_seed4_x560_720_t36.log
Local_CID_ZONE_K3_W5,Local_CID_ZONE,3,5,4,617,7,3,6,0,1,85.71,0.0,1.0,0.8571,0.9231,26.565,0;1;2;3;8;9,5,,/home/srmap/research/projects/v2x-multiuav-trust/results/scalability_N10_AR50_guarded_cusum_15seed/ON_seed4_x560_720_t36.log
Centralized_CID_K1_W5,Centralized_CID,1,5,5,675,7,3,7,3,0,100.0,100.0,0.7,1.0,0.8235,15.893,0;1;2;3;4;5;8,,6;7;9,/home/srmap/research/projects/v2x-multiuav-trust/results/scalability_N10_AR50_guarded_cusum_15seed/ON_seed5_x560_720_t36.log
Centralized_CID_K2_W5,Centralized_CID,2,5,5,675,7,3,7,3,0,100.0,100.0,0.7,1.0,0.8235,25.393,0;1;2;3;4;5;8,,6;7;9,/home/srmap/research/projects/v2x-multiuav-trust/results/scalability_N10_AR50_guarded_cusum_15seed/ON_seed5_x560_720_t36.log
Centralized_CID_K3_W5,Centralized_CID,3,5,5,675,7,3,7,0,0,100.0,0.0,1.0,1.0,1.0,26.465,0;1;2;3;4;5;8,,,/home/srmap/research/projects/v2x-multiuav-trust/results/scalability_N10_AR50_guarded_cusum_15seed/ON_seed5_x560_720_t36.log
Local_CID_RXUAV_K1_W5,Local_CID_RXUAV,1,5,5,675,7,3,7,3,0,100.0,100.0,0.7,1.0,0.8235,15.893,0;1;2;3;4;5;8,,6;7;9,/home/srmap/research/projects/v2x-multiuav-trust/results/scalability_N10_AR50_guarded_cusum_15seed/ON_seed5_x560_720_t36.log
Local_CID_RXUAV_K2_W5,Local_CID_RXUAV,2,5,5,675,7,3,7,1,0,100.0,33.33,0.875,1.0,0.9333,25.393,0;1;2;3;4;5;8,,6,/home/srmap/research/projects/v2x-multiuav-trust/results/scalability_N10_AR50_guarded_cusum_15seed/ON_seed5_x560_720_t36.log
Local_CID_RXUAV_K3_W5,Local_CID_RXUAV,3,5,5,675,7,3,7,0,0,100.0,0.0,1.0,1.0,1.0,26.465,0;1;2;3;4;5;8,,,/home/srmap/research/projects/v2x-multiuav-trust/results/scalability_N10_AR50_guarded_cusum_15seed/ON_seed5_x560_720_t36.log
Local_CID_ZONE_K1_W5,Local_CID_ZONE,1,5,5,675,7,3,7,3,0,100.0,100.0,0.7,1.0,0.8235,15.893,0;1;2;3;4;5;8,,6;7;9,/home/srmap/research/projects/v2x-multiuav-trust/results/scalability_N10_AR50_guarded_cusum_15seed/ON_seed5_x560_720_t36.log
Local_CID_ZONE_K2_W5,Local_CID_ZONE,2,5,5,675,7,3,7,1,0,100.0,33.33,0.875,1.0,0.9333,25.393,0;1;2;3;4;5;8,,6,/home/srmap/research/projects/v2x-multiuav-trust/results/scalability_N10_AR50_guarded_cusum_15seed/ON_seed5_x560_720_t36.log
Local_CID_ZONE_K3_W5,Local_CID_ZONE,3,5,5,675,7,3,7,0,0,100.0,0.0,1.0,1.0,1.0,26.465,0;1;2;3;4;5;8,,,/home/srmap/research/projects/v2x-multiuav-trust/results/scalability_N10_AR50_guarded_cusum_15seed/ON_seed5_x560_720_t36.log
Centralized_CID_K1_W5,Centralized_CID,1,5,6,674,7,3,7,3,0,100.0,100.0,0.7,1.0,0.8235,16.749,0;1;2;3;4;7;9,,5;6;8,/home/srmap/research/projects/v2x-multiuav-trust/results/scalability_N10_AR50_guarded_cusum_15seed/ON_seed6_x560_720_t36.log
Centralized_CID_K2_W5,Centralized_CID,2,5,6,674,7,3,7,3,0,100.0,100.0,0.7,1.0,0.8235,25.535,0;1;2;3;4;7;9,,5;6;8,/home/srmap/research/projects/v2x-multiuav-trust/results/scalability_N10_AR50_guarded_cusum_15seed/ON_seed6_x560_720_t36.log
Centralized_CID_K3_W5,Centralized_CID,3,5,6,674,7,3,7,0,0,100.0,0.0,1.0,1.0,1.0,26.606,0;1;2;3;4;7;9,,,/home/srmap/research/projects/v2x-multiuav-trust/results/scalability_N10_AR50_guarded_cusum_15seed/ON_seed6_x560_720_t36.log
Local_CID_RXUAV_K1_W5,Local_CID_RXUAV,1,5,6,674,7,3,7,3,0,100.0,100.0,0.7,1.0,0.8235,16.749,0;1;2;3;4;7;9,,5;6;8,/home/srmap/research/projects/v2x-multiuav-trust/results/scalability_N10_AR50_guarded_cusum_15seed/ON_seed6_x560_720_t36.log
Local_CID_RXUAV_K2_W5,Local_CID_RXUAV,2,5,6,674,7,3,7,2,0,100.0,66.67,0.7778,1.0,0.875,25.535,0;1;2;3;4;7;9,,5;6,/home/srmap/research/projects/v2x-multiuav-trust/results/scalability_N10_AR50_guarded_cusum_15seed/ON_seed6_x560_720_t36.log
Local_CID_RXUAV_K3_W5,Local_CID_RXUAV,3,5,6,674,7,3,7,0,0,100.0,0.0,1.0,1.0,1.0,26.606,0;1;2;3;4;7;9,,,/home/srmap/research/projects/v2x-multiuav-trust/results/scalability_N10_AR50_guarded_cusum_15seed/ON_seed6_x560_720_t36.log
Local_CID_ZONE_K1_W5,Local_CID_ZONE,1,5,6,674,7,3,7,3,0,100.0,100.0,0.7,1.0,0.8235,16.749,0;1;2;3;4;7;9,,5;6;8,/home/srmap/research/projects/v2x-multiuav-trust/results/scalability_N10_AR50_guarded_cusum_15seed/ON_seed6_x560_720_t36.log
Local_CID_ZONE_K2_W5,Local_CID_ZONE,2,5,6,674,7,3,7,2,0,100.0,66.67,0.7778,1.0,0.875,25.535,0;1;2;3;4;7;9,,5;6,/home/srmap/research/projects/v2x-multiuav-trust/results/scalability_N10_AR50_guarded_cusum_15seed/ON_seed6_x560_720_t36.log
Local_CID_ZONE_K3_W5,Local_CID_ZONE,3,5,6,674,7,3,7,0,0,100.0,0.0,1.0,1.0,1.0,26.606,0;1;2;3;4;7;9,,,/home/srmap/research/projects/v2x-multiuav-trust/results/scalability_N10_AR50_guarded_cusum_15seed/ON_seed6_x560_720_t36.log
Centralized_CID_K1_W5,Centralized_CID,1,5,7,674,7,3,7,3,0,100.0,100.0,0.7,1.0,0.8235,15.813,0;1;2;3;6;7;9,,4;5;8,/home/srmap/research/projects/v2x-multiuav-trust/results/scalability_N10_AR50_guarded_cusum_15seed/ON_seed7_x560_720_t36.log
Centralized_CID_K2_W5,Centralized_CID,2,5,7,674,7,3,7,3,0,100.0,100.0,0.7,1.0,0.8235,25.242,0;1;2;3;6;7;9,,4;5;8,/home/srmap/research/projects/v2x-multiuav-trust/results/scalability_N10_AR50_guarded_cusum_15seed/ON_seed7_x560_720_t36.log
Centralized_CID_K3_W5,Centralized_CID,3,5,7,674,7,3,7,0,0,100.0,0.0,1.0,1.0,1.0,26.385,0;1;2;3;6;7;9,,,/home/srmap/research/projects/v2x-multiuav-trust/results/scalability_N10_AR50_guarded_cusum_15seed/ON_seed7_x560_720_t36.log
Local_CID_RXUAV_K1_W5,Local_CID_RXUAV,1,5,7,674,7,3,7,3,0,100.0,100.0,0.7,1.0,0.8235,15.813,0;1;2;3;6;7;9,,4;5;8,/home/srmap/research/projects/v2x-multiuav-trust/results/scalability_N10_AR50_guarded_cusum_15seed/ON_seed7_x560_720_t36.log
Local_CID_RXUAV_K2_W5,Local_CID_RXUAV,2,5,7,674,7,3,7,1,0,100.0,33.33,0.875,1.0,0.9333,25.242,0;1;2;3;6;7;9,,5,/home/srmap/research/projects/v2x-multiuav-trust/results/scalability_N10_AR50_guarded_cusum_15seed/ON_seed7_x560_720_t36.log
Local_CID_RXUAV_K3_W5,Local_CID_RXUAV,3,5,7,674,7,3,7,0,0,100.0,0.0,1.0,1.0,1.0,26.385,0;1;2;3;6;7;9,,,/home/srmap/research/projects/v2x-multiuav-trust/results/scalability_N10_AR50_guarded_cusum_15seed/ON_seed7_x560_720_t36.log
Local_CID_ZONE_K1_W5,Local_CID_ZONE,1,5,7,674,7,3,7,3,0,100.0,100.0,0.7,1.0,0.8235,15.813,0;1;2;3;6;7;9,,4;5;8,/home/srmap/research/projects/v2x-multiuav-trust/results/scalability_N10_AR50_guarded_cusum_15seed/ON_seed7_x560_720_t36.log
Local_CID_ZONE_K2_W5,Local_CID_ZONE,2,5,7,674,7,3,7,1,0,100.0,33.33,0.875,1.0,0.9333,25.242,0;1;2;3;6;7;9,,5,/home/srmap/research/projects/v2x-multiuav-trust/results/scalability_N10_AR50_guarded_cusum_15seed/ON_seed7_x560_720_t36.log
Local_CID_ZONE_K3_W5,Local_CID_ZONE,3,5,7,674,7,3,7,0,0,100.0,0.0,1.0,1.0,1.0,26.385,0;1;2;3;6;7;9,,,/home/srmap/research/projects/v2x-multiuav-trust/results/scalability_N10_AR50_guarded_cusum_15seed/ON_seed7_x560_720_t36.log
Centralized_CID_K1_W5,Centralized_CID,1,5,8,621,7,3,6,3,1,85.71,100.0,0.6667,0.8571,0.75,15.756,0;1;2;3;6;9,4,5;7;8,/home/srmap/research/projects/v2x-multiuav-trust/results/scalability_N10_AR50_guarded_cusum_15seed/ON_seed8_x560_720_t36.log
Centralized_CID_K2_W5,Centralized_CID,2,5,8,621,7,3,6,3,1,85.71,100.0,0.6667,0.8571,0.75,25.423,0;1;2;3;6;9,4,5;7;8,/home/srmap/research/projects/v2x-multiuav-trust/results/scalability_N10_AR50_guarded_cusum_15seed/ON_seed8_x560_720_t36.log
Centralized_CID_K3_W5,Centralized_CID,3,5,8,621,7,3,6,0,1,85.71,0.0,1.0,0.8571,0.9231,26.506,0;1;2;3;6;9,4,,/home/srmap/research/projects/v2x-multiuav-trust/results/scalability_N10_AR50_guarded_cusum_15seed/ON_seed8_x560_720_t36.log
Local_CID_RXUAV_K1_W5,Local_CID_RXUAV,1,5,8,621,7,3,6,3,1,85.71,100.0,0.6667,0.8571,0.75,15.756,0;1;2;3;6;9,4,5;7;8,/home/srmap/research/projects/v2x-multiuav-trust/results/scalability_N10_AR50_guarded_cusum_15seed/ON_seed8_x560_720_t36.log
Local_CID_RXUAV_K2_W5,Local_CID_RXUAV,2,5,8,621,7,3,6,1,1,85.71,33.33,0.8571,0.8571,0.8571,25.423,0;1;2;3;6;9,4,5,/home/srmap/research/projects/v2x-multiuav-trust/results/scalability_N10_AR50_guarded_cusum_15seed/ON_seed8_x560_720_t36.log
Local_CID_RXUAV_K3_W5,Local_CID_RXUAV,3,5,8,621,7,3,6,0,1,85.71,0.0,1.0,0.8571,0.9231,26.506,0;1;2;3;6;9,4,,/home/srmap/research/projects/v2x-multiuav-trust/results/scalability_N10_AR50_guarded_cusum_15seed/ON_seed8_x560_720_t36.log
Local_CID_ZONE_K1_W5,Local_CID_ZONE,1,5,8,621,7,3,6,3,1,85.71,100.0,0.6667,0.8571,0.75,15.756,0;1;2;3;6;9,4,5;7;8,/home/srmap/research/projects/v2x-multiuav-trust/results/scalability_N10_AR50_guarded_cusum_15seed/ON_seed8_x560_720_t36.log
Local_CID_ZONE_K2_W5,Local_CID_ZONE,2,5,8,621,7,3,6,1,1,85.71,33.33,0.8571,0.8571,0.8571,25.423,0;1;2;3;6;9,4,5,/home/srmap/research/projects/v2x-multiuav-trust/results/scalability_N10_AR50_guarded_cusum_15seed/ON_seed8_x560_720_t36.log
Local_CID_ZONE_K3_W5,Local_CID_ZONE,3,5,8,621,7,3,6,0,1,85.71,0.0,1.0,0.8571,0.9231,26.506,0;1;2;3;6;9,4,,/home/srmap/research/projects/v2x-multiuav-trust/results/scalability_N10_AR50_guarded_cusum_15seed/ON_seed8_x560_720_t36.log
Centralized_CID_K1_W5,Centralized_CID,1,5,9,671,7,3,7,3,0,100.0,100.0,0.7,1.0,0.8235,15.893,0;1;2;3;6;7;9,,4;5;8,/home/srmap/research/projects/v2x-multiuav-trust/results/scalability_N10_AR50_guarded_cusum_15seed/ON_seed9_x560_720_t36.log
Centralized_CID_K2_W5,Centralized_CID,2,5,9,671,7,3,7,3,0,100.0,100.0,0.7,1.0,0.8235,25.322,0;1;2;3;6;7;9,,4;5;8,/home/srmap/research/projects/v2x-multiuav-trust/results/scalability_N10_AR50_guarded_cusum_15seed/ON_seed9_x560_720_t36.log
Centralized_CID_K3_W5,Centralized_CID,3,5,9,671,7,3,7,0,0,100.0,0.0,1.0,1.0,1.0,26.394,0;1;2;3;6;7;9,,,/home/srmap/research/projects/v2x-multiuav-trust/results/scalability_N10_AR50_guarded_cusum_15seed/ON_seed9_x560_720_t36.log
Local_CID_RXUAV_K1_W5,Local_CID_RXUAV,1,5,9,671,7,3,7,3,0,100.0,100.0,0.7,1.0,0.8235,15.893,0;1;2;3;6;7;9,,4;5;8,/home/srmap/research/projects/v2x-multiuav-trust/results/scalability_N10_AR50_guarded_cusum_15seed/ON_seed9_x560_720_t36.log
Local_CID_RXUAV_K2_W5,Local_CID_RXUAV,2,5,9,671,7,3,7,1,0,100.0,33.33,0.875,1.0,0.9333,25.322,0;1;2;3;6;7;9,,5,/home/srmap/research/projects/v2x-multiuav-trust/results/scalability_N10_AR50_guarded_cusum_15seed/ON_seed9_x560_720_t36.log
Local_CID_RXUAV_K3_W5,Local_CID_RXUAV,3,5,9,671,7,3,7,0,0,100.0,0.0,1.0,1.0,1.0,26.394,0;1;2;3;6;7;9,,,/home/srmap/research/projects/v2x-multiuav-trust/results/scalability_N10_AR50_guarded_cusum_15seed/ON_seed9_x560_720_t36.log
Local_CID_ZONE_K1_W5,Local_CID_ZONE,1,5,9,671,7,3,7,3,0,100.0,100.0,0.7,1.0,0.8235,15.893,0;1;2;3;6;7;9,,4;5;8,/home/srmap/research/projects/v2x-multiuav-trust/results/scalability_N10_AR50_guarded_cusum_15seed/ON_seed9_x560_720_t36.log
Local_CID_ZONE_K2_W5,Local_CID_ZONE,2,5,9,671,7,3,7,1,0,100.0,33.33,0.875,1.0,0.9333,25.322,0;1;2;3;6;7;9,,5,/home/srmap/research/projects/v2x-multiuav-trust/results/scalability_N10_AR50_guarded_cusum_15seed/ON_seed9_x560_720_t36.log
Local_CID_ZONE_K3_W5,Local_CID_ZONE,3,5,9,671,7,3,7,0,0,100.0,0.0,1.0,1.0,1.0,26.394,0;1;2;3;6;7;9,,,/home/srmap/research/projects/v2x-multiuav-trust/results/scalability_N10_AR50_guarded_cusum_15seed/ON_seed9_x560_720_t36.log
Centralized_CID_K1_W5,Centralized_CID,1,5,10,677,7,3,7,3,0,100.0,100.0,0.7,1.0,0.8235,16.423,0;1;2;3;4;7;8,,5;6;9,/home/srmap/research/projects/v2x-multiuav-trust/results/scalability_N10_AR50_guarded_cusum_15seed/ON_seed10_x560_720_t36.log
Centralized_CID_K2_W5,Centralized_CID,2,5,10,677,7,3,7,3,0,100.0,100.0,0.7,1.0,0.8235,25.495,0;1;2;3;4;7;8,,5;6;9,/home/srmap/research/projects/v2x-multiuav-trust/results/scalability_N10_AR50_guarded_cusum_15seed/ON_seed10_x560_720_t36.log
Centralized_CID_K3_W5,Centralized_CID,3,5,10,677,7,3,7,0,0,100.0,0.0,1.0,1.0,1.0,26.638,0;1;2;3;4;7;8,,,/home/srmap/research/projects/v2x-multiuav-trust/results/scalability_N10_AR50_guarded_cusum_15seed/ON_seed10_x560_720_t36.log
Local_CID_RXUAV_K1_W5,Local_CID_RXUAV,1,5,10,677,7,3,7,3,0,100.0,100.0,0.7,1.0,0.8235,16.423,0;1;2;3;4;7;8,,5;6;9,/home/srmap/research/projects/v2x-multiuav-trust/results/scalability_N10_AR50_guarded_cusum_15seed/ON_seed10_x560_720_t36.log
Local_CID_RXUAV_K2_W5,Local_CID_RXUAV,2,5,10,677,7,3,7,1,0,100.0,33.33,0.875,1.0,0.9333,25.495,0;1;2;3;4;7;8,,5,/home/srmap/research/projects/v2x-multiuav-trust/results/scalability_N10_AR50_guarded_cusum_15seed/ON_seed10_x560_720_t36.log
Local_CID_RXUAV_K3_W5,Local_CID_RXUAV,3,5,10,677,7,3,7,0,0,100.0,0.0,1.0,1.0,1.0,26.638,0;1;2;3;4;7;8,,,/home/srmap/research/projects/v2x-multiuav-trust/results/scalability_N10_AR50_guarded_cusum_15seed/ON_seed10_x560_720_t36.log
Local_CID_ZONE_K1_W5,Local_CID_ZONE,1,5,10,677,7,3,7,3,0,100.0,100.0,0.7,1.0,0.8235,16.423,0;1;2;3;4;7;8,,5;6;9,/home/srmap/research/projects/v2x-multiuav-trust/results/scalability_N10_AR50_guarded_cusum_15seed/ON_seed10_x560_720_t36.log
Local_CID_ZONE_K2_W5,Local_CID_ZONE,2,5,10,677,7,3,7,1,0,100.0,33.33,0.875,1.0,0.9333,25.495,0;1;2;3;4;7;8,,5,/home/srmap/research/projects/v2x-multiuav-trust/results/scalability_N10_AR50_guarded_cusum_15seed/ON_seed10_x560_720_t36.log
Local_CID_ZONE_K3_W5,Local_CID_ZONE,3,5,10,677,7,3,7,0,0,100.0,0.0,1.0,1.0,1.0,26.638,0;1;2;3;4;7;8,,,/home/srmap/research/projects/v2x-multiuav-trust/results/scalability_N10_AR50_guarded_cusum_15seed/ON_seed10_x560_720_t36.log
Centralized_CID_K1_W5,Centralized_CID,1,5,11,622,7,3,6,3,1,85.71,100.0,0.6667,0.8571,0.75,15.447,1;2;5;6;7;9,0,3;4;8,/home/srmap/research/projects/v2x-multiuav-trust/results/scalability_N10_AR50_guarded_cusum_15seed/ON_seed11_x560_720_t36.log
Centralized_CID_K2_W5,Centralized_CID,2,5,11,622,7,3,6,3,1,85.71,100.0,0.6667,0.8571,0.75,25.197,1;2;5;6;7;9,0,3;4;8,/home/srmap/research/projects/v2x-multiuav-trust/results/scalability_N10_AR50_guarded_cusum_15seed/ON_seed11_x560_720_t36.log
Centralized_CID_K3_W5,Centralized_CID,3,5,11,622,7,3,6,0,1,85.71,0.0,1.0,0.8571,0.9231,26.113,1;2;5;6;7;9,0,,/home/srmap/research/projects/v2x-multiuav-trust/results/scalability_N10_AR50_guarded_cusum_15seed/ON_seed11_x560_720_t36.log
Local_CID_RXUAV_K1_W5,Local_CID_RXUAV,1,5,11,622,7,3,6,3,1,85.71,100.0,0.6667,0.8571,0.75,15.447,1;2;5;6;7;9,0,3;4;8,/home/srmap/research/projects/v2x-multiuav-trust/results/scalability_N10_AR50_guarded_cusum_15seed/ON_seed11_x560_720_t36.log
Local_CID_RXUAV_K2_W5,Local_CID_RXUAV,2,5,11,622,7,3,6,0,1,85.71,0.0,1.0,0.8571,0.9231,25.197,1;2;5;6;7;9,0,,/home/srmap/research/projects/v2x-multiuav-trust/results/scalability_N10_AR50_guarded_cusum_15seed/ON_seed11_x560_720_t36.log
Local_CID_RXUAV_K3_W5,Local_CID_RXUAV,3,5,11,622,7,3,6,0,1,85.71,0.0,1.0,0.8571,0.9231,26.113,1;2;5;6;7;9,0,,/home/srmap/research/projects/v2x-multiuav-trust/results/scalability_N10_AR50_guarded_cusum_15seed/ON_seed11_x560_720_t36.log
Local_CID_ZONE_K1_W5,Local_CID_ZONE,1,5,11,622,7,3,6,3,1,85.71,100.0,0.6667,0.8571,0.75,15.447,1;2;5;6;7;9,0,3;4;8,/home/srmap/research/projects/v2x-multiuav-trust/results/scalability_N10_AR50_guarded_cusum_15seed/ON_seed11_x560_720_t36.log
Local_CID_ZONE_K2_W5,Local_CID_ZONE,2,5,11,622,7,3,6,0,1,85.71,0.0,1.0,0.8571,0.9231,25.197,1;2;5;6;7;9,0,,/home/srmap/research/projects/v2x-multiuav-trust/results/scalability_N10_AR50_guarded_cusum_15seed/ON_seed11_x560_720_t36.log
Local_CID_ZONE_K3_W5,Local_CID_ZONE,3,5,11,622,7,3,6,0,1,85.71,0.0,1.0,0.8571,0.9231,26.113,1;2;5;6;7;9,0,,/home/srmap/research/projects/v2x-multiuav-trust/results/scalability_N10_AR50_guarded_cusum_15seed/ON_seed11_x560_720_t36.log
Centralized_CID_K1_W5,Centralized_CID,1,5,12,671,7,3,7,3,0,100.0,100.0,0.7,1.0,0.8235,15.546,0;1;2;3;5;7;9,,4;6;8,/home/srmap/research/projects/v2x-multiuav-trust/results/scalability_N10_AR50_guarded_cusum_15seed/ON_seed12_x560_720_t36.log
Centralized_CID_K2_W5,Centralized_CID,2,5,12,671,7,3,7,3,0,100.0,100.0,0.7,1.0,0.8235,25.332,0;1;2;3;5;7;9,,4;6;8,/home/srmap/research/projects/v2x-multiuav-trust/results/scalability_N10_AR50_guarded_cusum_15seed/ON_seed12_x560_720_t36.log
Centralized_CID_K3_W5,Centralized_CID,3,5,12,671,7,3,7,0,0,100.0,0.0,1.0,1.0,1.0,26.333,0;1;2;3;5;7;9,,,/home/srmap/research/projects/v2x-multiuav-trust/results/scalability_N10_AR50_guarded_cusum_15seed/ON_seed12_x560_720_t36.log
Local_CID_RXUAV_K1_W5,Local_CID_RXUAV,1,5,12,671,7,3,7,3,0,100.0,100.0,0.7,1.0,0.8235,15.546,0;1;2;3;5;7;9,,4;6;8,/home/srmap/research/projects/v2x-multiuav-trust/results/scalability_N10_AR50_guarded_cusum_15seed/ON_seed12_x560_720_t36.log
Local_CID_RXUAV_K2_W5,Local_CID_RXUAV,2,5,12,671,7,3,7,0,0,100.0,0.0,1.0,1.0,1.0,25.332,0;1;2;3;5;7;9,,,/home/srmap/research/projects/v2x-multiuav-trust/results/scalability_N10_AR50_guarded_cusum_15seed/ON_seed12_x560_720_t36.log
Local_CID_RXUAV_K3_W5,Local_CID_RXUAV,3,5,12,671,7,3,7,0,0,100.0,0.0,1.0,1.0,1.0,26.333,0;1;2;3;5;7;9,,,/home/srmap/research/projects/v2x-multiuav-trust/results/scalability_N10_AR50_guarded_cusum_15seed/ON_seed12_x560_720_t36.log
Local_CID_ZONE_K1_W5,Local_CID_ZONE,1,5,12,671,7,3,7,3,0,100.0,100.0,0.7,1.0,0.8235,15.546,0;1;2;3;5;7;9,,4;6;8,/home/srmap/research/projects/v2x-multiuav-trust/results/scalability_N10_AR50_guarded_cusum_15seed/ON_seed12_x560_720_t36.log
Local_CID_ZONE_K2_W5,Local_CID_ZONE,2,5,12,671,7,3,7,0,0,100.0,0.0,1.0,1.0,1.0,25.332,0;1;2;3;5;7;9,,,/home/srmap/research/projects/v2x-multiuav-trust/results/scalability_N10_AR50_guarded_cusum_15seed/ON_seed12_x560_720_t36.log
Local_CID_ZONE_K3_W5,Local_CID_ZONE,3,5,12,671,7,3,7,0,0,100.0,0.0,1.0,1.0,1.0,26.333,0;1;2;3;5;7;9,,,/home/srmap/research/projects/v2x-multiuav-trust/results/scalability_N10_AR50_guarded_cusum_15seed/ON_seed12_x560_720_t36.log
Centralized_CID_K1_W5,Centralized_CID,1,5,13,673,7,3,7,3,0,100.0,100.0,0.7,1.0,0.8235,15.23,0;1;2;3;4;5;6,,7;8;9,/home/srmap/research/projects/v2x-multiuav-trust/results/scalability_N10_AR50_guarded_cusum_15seed/ON_seed13_x560_720_t36.log
Centralized_CID_K2_W5,Centralized_CID,2,5,13,673,7,3,7,3,0,100.0,100.0,0.7,1.0,0.8235,25.231,0;1;2;3;4;5;6,,7;8;9,/home/srmap/research/projects/v2x-multiuav-trust/results/scalability_N10_AR50_guarded_cusum_15seed/ON_seed13_x560_720_t36.log
Centralized_CID_K3_W5,Centralized_CID,3,5,13,673,7,3,7,0,0,100.0,0.0,1.0,1.0,1.0,26.373,0;1;2;3;4;5;6,,,/home/srmap/research/projects/v2x-multiuav-trust/results/scalability_N10_AR50_guarded_cusum_15seed/ON_seed13_x560_720_t36.log
Local_CID_RXUAV_K1_W5,Local_CID_RXUAV,1,5,13,673,7,3,7,3,0,100.0,100.0,0.7,1.0,0.8235,15.23,0;1;2;3;4;5;6,,7;8;9,/home/srmap/research/projects/v2x-multiuav-trust/results/scalability_N10_AR50_guarded_cusum_15seed/ON_seed13_x560_720_t36.log
Local_CID_RXUAV_K2_W5,Local_CID_RXUAV,2,5,13,673,7,3,7,0,0,100.0,0.0,1.0,1.0,1.0,25.231,0;1;2;3;4;5;6,,,/home/srmap/research/projects/v2x-multiuav-trust/results/scalability_N10_AR50_guarded_cusum_15seed/ON_seed13_x560_720_t36.log
Local_CID_RXUAV_K3_W5,Local_CID_RXUAV,3,5,13,673,7,3,7,0,0,100.0,0.0,1.0,1.0,1.0,26.373,0;1;2;3;4;5;6,,,/home/srmap/research/projects/v2x-multiuav-trust/results/scalability_N10_AR50_guarded_cusum_15seed/ON_seed13_x560_720_t36.log
Local_CID_ZONE_K1_W5,Local_CID_ZONE,1,5,13,673,7,3,7,3,0,100.0,100.0,0.7,1.0,0.8235,15.23,0;1;2;3;4;5;6,,7;8;9,/home/srmap/research/projects/v2x-multiuav-trust/results/scalability_N10_AR50_guarded_cusum_15seed/ON_seed13_x560_720_t36.log
Local_CID_ZONE_K2_W5,Local_CID_ZONE,2,5,13,673,7,3,7,0,0,100.0,0.0,1.0,1.0,1.0,25.231,0;1;2;3;4;5;6,,,/home/srmap/research/projects/v2x-multiuav-trust/results/scalability_N10_AR50_guarded_cusum_15seed/ON_seed13_x560_720_t36.log
Local_CID_ZONE_K3_W5,Local_CID_ZONE,3,5,13,673,7,3,7,0,0,100.0,0.0,1.0,1.0,1.0,26.373,0;1;2;3;4;5;6,,,/home/srmap/research/projects/v2x-multiuav-trust/results/scalability_N10_AR50_guarded_cusum_15seed/ON_seed13_x560_720_t36.log
Centralized_CID_K1_W5,Centralized_CID,1,5,14,674,7,3,7,3,0,100.0,100.0,0.7,1.0,0.8235,15.856,0;1;2;3;4;5;8,,6;7;9,/home/srmap/research/projects/v2x-multiuav-trust/results/scalability_N10_AR50_guarded_cusum_15seed/ON_seed14_x560_720_t36.log
Centralized_CID_K2_W5,Centralized_CID,2,5,14,674,7,3,7,3,0,100.0,100.0,0.7,1.0,0.8235,25.356,0;1;2;3;4;5;8,,6;7;9,/home/srmap/research/projects/v2x-multiuav-trust/results/scalability_N10_AR50_guarded_cusum_15seed/ON_seed14_x560_720_t36.log
Centralized_CID_K3_W5,Centralized_CID,3,5,14,674,7,3,7,0,0,100.0,0.0,1.0,1.0,1.0,26.356,0;1;2;3;4;5;8,,,/home/srmap/research/projects/v2x-multiuav-trust/results/scalability_N10_AR50_guarded_cusum_15seed/ON_seed14_x560_720_t36.log
Local_CID_RXUAV_K1_W5,Local_CID_RXUAV,1,5,14,674,7,3,7,3,0,100.0,100.0,0.7,1.0,0.8235,15.856,0;1;2;3;4;5;8,,6;7;9,/home/srmap/research/projects/v2x-multiuav-trust/results/scalability_N10_AR50_guarded_cusum_15seed/ON_seed14_x560_720_t36.log
Local_CID_RXUAV_K2_W5,Local_CID_RXUAV,2,5,14,674,7,3,7,1,0,100.0,33.33,0.875,1.0,0.9333,25.356,0;1;2;3;4;5;8,,6,/home/srmap/research/projects/v2x-multiuav-trust/results/scalability_N10_AR50_guarded_cusum_15seed/ON_seed14_x560_720_t36.log
Local_CID_RXUAV_K3_W5,Local_CID_RXUAV,3,5,14,674,7,3,7,0,0,100.0,0.0,1.0,1.0,1.0,26.356,0;1;2;3;4;5;8,,,/home/srmap/research/projects/v2x-multiuav-trust/results/scalability_N10_AR50_guarded_cusum_15seed/ON_seed14_x560_720_t36.log
Local_CID_ZONE_K1_W5,Local_CID_ZONE,1,5,14,674,7,3,7,3,0,100.0,100.0,0.7,1.0,0.8235,15.856,0;1;2;3;4;5;8,,6;7;9,/home/srmap/research/projects/v2x-multiuav-trust/results/scalability_N10_AR50_guarded_cusum_15seed/ON_seed14_x560_720_t36.log
Local_CID_ZONE_K2_W5,Local_CID_ZONE,2,5,14,674,7,3,7,1,0,100.0,33.33,0.875,1.0,0.9333,25.356,0;1;2;3;4;5;8,,6,/home/srmap/research/projects/v2x-multiuav-trust/results/scalability_N10_AR50_guarded_cusum_15seed/ON_seed14_x560_720_t36.log
Local_CID_ZONE_K3_W5,Local_CID_ZONE,3,5,14,674,7,3,7,0,0,100.0,0.0,1.0,1.0,1.0,26.356,0;1;2;3;4;5;8,,,/home/srmap/research/projects/v2x-multiuav-trust/results/scalability_N10_AR50_guarded_cusum_15seed/ON_seed14_x560_720_t36.log
Centralized_CID_K1_W5,Centralized_CID,1,5,15,624,7,3,6,3,1,85.71,100.0,0.6667,0.8571,0.75,16.147,0;1;2;7;8;9,5,3;4;6,/home/srmap/research/projects/v2x-multiuav-trust/results/scalability_N10_AR50_guarded_cusum_15seed/ON_seed15_x560_720_t36.log
Centralized_CID_K2_W5,Centralized_CID,2,5,15,624,7,3,6,3,1,85.71,100.0,0.6667,0.8571,0.75,25.23,0;1;2;7;8;9,5,3;4;6,/home/srmap/research/projects/v2x-multiuav-trust/results/scalability_N10_AR50_guarded_cusum_15seed/ON_seed15_x560_720_t36.log
Centralized_CID_K3_W5,Centralized_CID,3,5,15,624,7,3,6,0,1,85.71,0.0,1.0,0.8571,0.9231,26.313,0;1;2;7;8;9,5,,/home/srmap/research/projects/v2x-multiuav-trust/results/scalability_N10_AR50_guarded_cusum_15seed/ON_seed15_x560_720_t36.log
Local_CID_RXUAV_K1_W5,Local_CID_RXUAV,1,5,15,624,7,3,6,3,1,85.71,100.0,0.6667,0.8571,0.75,16.147,0;1;2;7;8;9,5,3;4;6,/home/srmap/research/projects/v2x-multiuav-trust/results/scalability_N10_AR50_guarded_cusum_15seed/ON_seed15_x560_720_t36.log
Local_CID_RXUAV_K2_W5,Local_CID_RXUAV,2,5,15,624,7,3,6,1,1,85.71,33.33,0.8571,0.8571,0.8571,25.23,0;1;2;7;8;9,5,6,/home/srmap/research/projects/v2x-multiuav-trust/results/scalability_N10_AR50_guarded_cusum_15seed/ON_seed15_x560_720_t36.log
Local_CID_RXUAV_K3_W5,Local_CID_RXUAV,3,5,15,624,7,3,6,0,1,85.71,0.0,1.0,0.8571,0.9231,26.313,0;1;2;7;8;9,5,,/home/srmap/research/projects/v2x-multiuav-trust/results/scalability_N10_AR50_guarded_cusum_15seed/ON_seed15_x560_720_t36.log
Local_CID_ZONE_K1_W5,Local_CID_ZONE,1,5,15,624,7,3,6,3,1,85.71,100.0,0.6667,0.8571,0.75,16.147,0;1;2;7;8;9,5,3;4;6,/home/srmap/research/projects/v2x-multiuav-trust/results/scalability_N10_AR50_guarded_cusum_15seed/ON_seed15_x560_720_t36.log
Local_CID_ZONE_K2_W5,Local_CID_ZONE,2,5,15,624,7,3,6,1,1,85.71,33.33,0.8571,0.8571,0.8571,25.23,0;1;2;7;8;9,5,6,/home/srmap/research/projects/v2x-multiuav-trust/results/scalability_N10_AR50_guarded_cusum_15seed/ON_seed15_x560_720_t36.log
Local_CID_ZONE_K3_W5,Local_CID_ZONE,3,5,15,624,7,3,6,0,1,85.71,0.0,1.0,0.8571,0.9231,26.313,0;1;2;7;8;9,5,,/home/srmap/research/projects/v2x-multiuav-trust/results/scalability_N10_AR50_guarded_cusum_15seed/ON_seed15_x560_720_t36.log
