condition,baseline_variant,seed,beacon_count,malicious,honest,detected,false_positive,missed,DR_percent,FPR_percent,precision,recall,F1,detected_ids,missed_ids,false_positive_ids,source_log_path
DROP0,Local_CID_RXUAV_OBS_K3_W5,1,623,7,3,7,0,0,100.0,0.0,1.0,1.0,1.0,0;1;2;4;5;6;7,,,/home/srmap/research/projects/v2x-multiuav-trust/results/packet_loss_robustness_DROP0_guarded_cusum_15seed/ON_seed1_x560_720_t36.log
DROP0,Local_CID_RXUAV_OBS_K3_W5,2,676,7,3,7,0,0,100.0,0.0,1.0,1.0,1.0,0;1;2;3;4;5;7,,,/home/srmap/research/projects/v2x-multiuav-trust/results/packet_loss_robustness_DROP0_guarded_cusum_15seed/ON_seed2_x560_720_t36.log
DROP0,Local_CID_RXUAV_OBS_K3_W5,3,675,7,3,7,0,0,100.0,0.0,1.0,1.0,1.0,0;1;2;3;4;8;9,,,/home/srmap/research/projects/v2x-multiuav-trust/results/packet_loss_robustness_DROP0_guarded_cusum_15seed/ON_seed3_x560_720_t36.log
DROP0,Local_CID_RXUAV_OBS_K3_W5,4,619,7,3,6,0,1,85.71,0.0,1.0,0.8571,0.9231,0;1;2;3;8;9,5,,/home/srmap/research/projects/v2x-multiuav-trust/results/packet_loss_robustness_DROP0_guarded_cusum_15seed/ON_seed4_x560_720_t36.log
DROP0,Local_CID_RXUAV_OBS_K3_W5,5,675,7,3,7,0,0,100.0,0.0,1.0,1.0,1.0,0;1;2;3;4;5;8,,,/home/srmap/research/projects/v2x-multiuav-trust/results/packet_loss_robustness_DROP0_guarded_cusum_15seed/ON_seed5_x560_720_t36.log
DROP0,Local_CID_RXUAV_OBS_K3_W5,6,674,7,3,7,0,0,100.0,0.0,1.0,1.0,1.0,0;1;2;3;4;7;9,,,/home/srmap/research/projects/v2x-multiuav-trust/results/packet_loss_robustness_DROP0_guarded_cusum_15seed/ON_seed6_x560_720_t36.log
DROP0,Local_CID_RXUAV_OBS_K3_W5,7,674,7,3,7,0,0,100.0,0.0,1.0,1.0,1.0,0;1;2;3;6;7;9,,,/home/srmap/research/projects/v2x-multiuav-trust/results/packet_loss_robustness_DROP0_guarded_cusum_15seed/ON_seed7_x560_720_t36.log
DROP0,Local_CID_RXUAV_OBS_K3_W5,8,625,7,3,6,0,1,85.71,0.0,1.0,0.8571,0.9231,0;1;2;3;6;9,4,,/home/srmap/research/projects/v2x-multiuav-trust/results/packet_loss_robustness_DROP0_guarded_cusum_15seed/ON_seed8_x560_720_t36.log
DROP0,Local_CID_RXUAV_OBS_K3_W5,9,671,7,3,7,0,0,100.0,0.0,1.0,1.0,1.0,0;1;2;3;6;7;9,,,/home/srmap/research/projects/v2x-multiuav-trust/results/packet_loss_robustness_DROP0_guarded_cusum_15seed/ON_seed9_x560_720_t36.log
DROP0,Local_CID_RXUAV_OBS_K3_W5,10,677,7,3,7,0,0,100.0,0.0,1.0,1.0,1.0,0;1;2;3;4;7;8,,,/home/srmap/research/projects/v2x-multiuav-trust/results/packet_loss_robustness_DROP0_guarded_cusum_15seed/ON_seed10_x560_720_t36.log
DROP0,Local_CID_RXUAV_OBS_K3_W5,11,622,7,3,6,0,1,85.71,0.0,1.0,0.8571,0.9231,1;2;5;6;7;9,0,,/home/srmap/research/projects/v2x-multiuav-trust/results/packet_loss_robustness_DROP0_guarded_cusum_15seed/ON_seed11_x560_720_t36.log
DROP0,Local_CID_RXUAV_OBS_K3_W5,12,671,7,3,7,0,0,100.0,0.0,1.0,1.0,1.0,0;1;2;3;5;7;9,,,/home/srmap/research/projects/v2x-multiuav-trust/results/packet_loss_robustness_DROP0_guarded_cusum_15seed/ON_seed12_x560_720_t36.log
DROP0,Local_CID_RXUAV_OBS_K3_W5,13,673,7,3,7,0,0,100.0,0.0,1.0,1.0,1.0,0;1;2;3;4;5;6,,,/home/srmap/research/projects/v2x-multiuav-trust/results/packet_loss_robustness_DROP0_guarded_cusum_15seed/ON_seed13_x560_720_t36.log
DROP0,Local_CID_RXUAV_OBS_K3_W5,14,674,7,3,7,0,0,100.0,0.0,1.0,1.0,1.0,0;1;2;3;4;5;8,,,/home/srmap/research/projects/v2x-multiuav-trust/results/packet_loss_robustness_DROP0_guarded_cusum_15seed/ON_seed14_x560_720_t36.log
DROP0,Local_CID_RXUAV_OBS_K3_W5,15,624,7,3,6,0,1,85.71,0.0,1.0,0.8571,0.9231,0;1;2;7;8;9,5,,/home/srmap/research/projects/v2x-multiuav-trust/results/packet_loss_robustness_DROP0_guarded_cusum_15seed/ON_seed15_x560_720_t36.log
DROP5,Local_CID_RXUAV_OBS_K3_W5,1,588,7,3,7,0,0,100.0,0.0,1.0,1.0,1.0,0;1;2;4;5;6;7,,,/home/srmap/research/projects/v2x-multiuav-trust/results/packet_loss_robustness_DROP5_guarded_cusum_15seed/ON_seed1_x560_720_t36.log
DROP5,Local_CID_RXUAV_OBS_K3_W5,2,636,7,3,7,0,0,100.0,0.0,1.0,1.0,1.0,0;1;2;3;4;5;7,,,/home/srmap/research/projects/v2x-multiuav-trust/results/packet_loss_robustness_DROP5_guarded_cusum_15seed/ON_seed2_x560_720_t36.log
DROP5,Local_CID_RXUAV_OBS_K3_W5,3,647,7,3,7,0,0,100.0,0.0,1.0,1.0,1.0,0;1;2;3;4;8;9,,,/home/srmap/research/projects/v2x-multiuav-trust/results/packet_loss_robustness_DROP5_guarded_cusum_15seed/ON_seed3_x560_720_t36.log
DROP5,Local_CID_RXUAV_OBS_K3_W5,4,580,7,3,6,0,1,85.71,0.0,1.0,0.8571,0.9231,0;1;2;3;8;9,5,,/home/srmap/research/projects/v2x-multiuav-trust/results/packet_loss_robustness_DROP5_guarded_cusum_15seed/ON_seed4_x560_720_t36.log
DROP5,Local_CID_RXUAV_OBS_K3_W5,5,642,7,3,7,0,0,100.0,0.0,1.0,1.0,1.0,0;1;2;3;4;5;8,,,/home/srmap/research/projects/v2x-multiuav-trust/results/packet_loss_robustness_DROP5_guarded_cusum_15seed/ON_seed5_x560_720_t36.log
DROP5,Local_CID_RXUAV_OBS_K3_W5,6,633,7,3,7,0,0,100.0,0.0,1.0,1.0,1.0,0;1;2;3;4;7;9,,,/home/srmap/research/projects/v2x-multiuav-trust/results/packet_loss_robustness_DROP5_guarded_cusum_15seed/ON_seed6_x560_720_t36.log
DROP5,Local_CID_RXUAV_OBS_K3_W5,7,629,7,3,7,0,0,100.0,0.0,1.0,1.0,1.0,0;1;2;3;6;7;9,,,/home/srmap/research/projects/v2x-multiuav-trust/results/packet_loss_robustness_DROP5_guarded_cusum_15seed/ON_seed7_x560_720_t36.log
DROP5,Local_CID_RXUAV_OBS_K3_W5,8,588,7,3,6,0,1,85.71,0.0,1.0,0.8571,0.9231,0;1;2;3;6;9,4,,/home/srmap/research/projects/v2x-multiuav-trust/results/packet_loss_robustness_DROP5_guarded_cusum_15seed/ON_seed8_x560_720_t36.log
DROP5,Local_CID_RXUAV_OBS_K3_W5,9,635,7,3,7,0,0,100.0,0.0,1.0,1.0,1.0,0;1;2;3;6;7;9,,,/home/srmap/research/projects/v2x-multiuav-trust/results/packet_loss_robustness_DROP5_guarded_cusum_15seed/ON_seed9_x560_720_t36.log
DROP5,Local_CID_RXUAV_OBS_K3_W5,10,646,7,3,7,0,0,100.0,0.0,1.0,1.0,1.0,0;1;2;3;4;7;8,,,/home/srmap/research/projects/v2x-multiuav-trust/results/packet_loss_robustness_DROP5_guarded_cusum_15seed/ON_seed10_x560_720_t36.log
DROP5,Local_CID_RXUAV_OBS_K3_W5,11,590,7,3,6,0,1,85.71,0.0,1.0,0.8571,0.9231,1;2;5;6;7;9,0,,/home/srmap/research/projects/v2x-multiuav-trust/results/packet_loss_robustness_DROP5_guarded_cusum_15seed/ON_seed11_x560_720_t36.log
DROP5,Local_CID_RXUAV_OBS_K3_W5,12,627,7,3,7,0,0,100.0,0.0,1.0,1.0,1.0,0;1;2;3;5;7;9,,,/home/srmap/research/projects/v2x-multiuav-trust/results/packet_loss_robustness_DROP5_guarded_cusum_15seed/ON_seed12_x560_720_t36.log
DROP5,Local_CID_RXUAV_OBS_K3_W5,13,644,7,3,7,0,0,100.0,0.0,1.0,1.0,1.0,0;1;2;3;4;5;6,,,/home/srmap/research/projects/v2x-multiuav-trust/results/packet_loss_robustness_DROP5_guarded_cusum_15seed/ON_seed13_x560_720_t36.log
DROP5,Local_CID_RXUAV_OBS_K3_W5,14,639,7,3,7,0,0,100.0,0.0,1.0,1.0,1.0,0;1;2;3;4;5;8,,,/home/srmap/research/projects/v2x-multiuav-trust/results/packet_loss_robustness_DROP5_guarded_cusum_15seed/ON_seed14_x560_720_t36.log
DROP5,Local_CID_RXUAV_OBS_K3_W5,15,589,7,3,6,0,1,85.71,0.0,1.0,0.8571,0.9231,0;1;2;7;8;9,5,,/home/srmap/research/projects/v2x-multiuav-trust/results/packet_loss_robustness_DROP5_guarded_cusum_15seed/ON_seed15_x560_720_t36.log
DROP10,Local_CID_RXUAV_OBS_K3_W5,1,534,7,3,7,0,0,100.0,0.0,1.0,1.0,1.0,0;1;2;4;5;6;7,,,/home/srmap/research/projects/v2x-multiuav-trust/results/packet_loss_robustness_DROP10_guarded_cusum_15seed/ON_seed1_x560_720_t36.log
DROP10,Local_CID_RXUAV_OBS_K3_W5,2,621,7,3,7,0,0,100.0,0.0,1.0,1.0,1.0,0;1;2;3;4;5;7,,,/home/srmap/research/projects/v2x-multiuav-trust/results/packet_loss_robustness_DROP10_guarded_cusum_15seed/ON_seed2_x560_720_t36.log
DROP10,Local_CID_RXUAV_OBS_K3_W5,3,620,7,3,7,0,0,100.0,0.0,1.0,1.0,1.0,0;1;2;3;4;8;9,,,/home/srmap/research/projects/v2x-multiuav-trust/results/packet_loss_robustness_DROP10_guarded_cusum_15seed/ON_seed3_x560_720_t36.log
DROP10,Local_CID_RXUAV_OBS_K3_W5,4,548,7,3,6,0,1,85.71,0.0,1.0,0.8571,0.9231,0;1;2;3;8;9,5,,/home/srmap/research/projects/v2x-multiuav-trust/results/packet_loss_robustness_DROP10_guarded_cusum_15seed/ON_seed4_x560_720_t36.log
DROP10,Local_CID_RXUAV_OBS_K3_W5,5,605,7,3,7,0,0,100.0,0.0,1.0,1.0,1.0,0;1;2;3;4;5;8,,,/home/srmap/research/projects/v2x-multiuav-trust/results/packet_loss_robustness_DROP10_guarded_cusum_15seed/ON_seed5_x560_720_t36.log
DROP10,Local_CID_RXUAV_OBS_K3_W5,6,604,7,3,7,0,0,100.0,0.0,1.0,1.0,1.0,0;1;2;3;4;7;9,,,/home/srmap/research/projects/v2x-multiuav-trust/results/packet_loss_robustness_DROP10_guarded_cusum_15seed/ON_seed6_x560_720_t36.log
DROP10,Local_CID_RXUAV_OBS_K3_W5,7,612,7,3,7,0,0,100.0,0.0,1.0,1.0,1.0,0;1;2;3;6;7;9,,,/home/srmap/research/projects/v2x-multiuav-trust/results/packet_loss_robustness_DROP10_guarded_cusum_15seed/ON_seed7_x560_720_t36.log
DROP10,Local_CID_RXUAV_OBS_K3_W5,8,559,7,3,6,0,1,85.71,0.0,1.0,0.8571,0.9231,0;1;2;3;6;9,4,,/home/srmap/research/projects/v2x-multiuav-trust/results/packet_loss_robustness_DROP10_guarded_cusum_15seed/ON_seed8_x560_720_t36.log
DROP10,Local_CID_RXUAV_OBS_K3_W5,9,603,7,3,7,0,0,100.0,0.0,1.0,1.0,1.0,0;1;2;3;6;7;9,,,/home/srmap/research/projects/v2x-multiuav-trust/results/packet_loss_robustness_DROP10_guarded_cusum_15seed/ON_seed9_x560_720_t36.log
DROP10,Local_CID_RXUAV_OBS_K3_W5,10,604,7,3,7,0,0,100.0,0.0,1.0,1.0,1.0,0;1;2;3;4;7;8,,,/home/srmap/research/projects/v2x-multiuav-trust/results/packet_loss_robustness_DROP10_guarded_cusum_15seed/ON_seed10_x560_720_t36.log
DROP10,Local_CID_RXUAV_OBS_K3_W5,11,566,7,3,6,0,1,85.71,0.0,1.0,0.8571,0.9231,1;2;5;6;7;9,0,,/home/srmap/research/projects/v2x-multiuav-trust/results/packet_loss_robustness_DROP10_guarded_cusum_15seed/ON_seed11_x560_720_t36.log
DROP10,Local_CID_RXUAV_OBS_K3_W5,12,608,7,3,7,0,0,100.0,0.0,1.0,1.0,1.0,0;1;2;3;5;7;9,,,/home/srmap/research/projects/v2x-multiuav-trust/results/packet_loss_robustness_DROP10_guarded_cusum_15seed/ON_seed12_x560_720_t36.log
DROP10,Local_CID_RXUAV_OBS_K3_W5,13,611,7,3,7,0,0,100.0,0.0,1.0,1.0,1.0,0;1;2;3;4;5;6,,,/home/srmap/research/projects/v2x-multiuav-trust/results/packet_loss_robustness_DROP10_guarded_cusum_15seed/ON_seed13_x560_720_t36.log
DROP10,Local_CID_RXUAV_OBS_K3_W5,14,599,7,3,7,0,0,100.0,0.0,1.0,1.0,1.0,0;1;2;3;4;5;8,,,/home/srmap/research/projects/v2x-multiuav-trust/results/packet_loss_robustness_DROP10_guarded_cusum_15seed/ON_seed14_x560_720_t36.log
DROP10,Local_CID_RXUAV_OBS_K3_W5,15,555,7,3,6,0,1,85.71,0.0,1.0,0.8571,0.9231,0;1;2;7;8;9,5,,/home/srmap/research/projects/v2x-multiuav-trust/results/packet_loss_robustness_DROP10_guarded_cusum_15seed/ON_seed15_x560_720_t36.log
DROP20,Local_CID_RXUAV_OBS_K3_W5,1,507,7,3,6,0,1,85.71,0.0,1.0,0.8571,0.9231,0;1;2;5;6;7,4,,/home/srmap/research/projects/v2x-multiuav-trust/results/packet_loss_robustness_DROP20_guarded_cusum_15seed/ON_seed1_x560_720_t36.log
DROP20,Local_CID_RXUAV_OBS_K3_W5,2,550,7,3,7,0,0,100.0,0.0,1.0,1.0,1.0,0;1;2;3;4;5;7,,,/home/srmap/research/projects/v2x-multiuav-trust/results/packet_loss_robustness_DROP20_guarded_cusum_15seed/ON_seed2_x560_720_t36.log
DROP20,Local_CID_RXUAV_OBS_K3_W5,3,544,7,3,7,0,0,100.0,0.0,1.0,1.0,1.0,0;1;2;3;4;8;9,,,/home/srmap/research/projects/v2x-multiuav-trust/results/packet_loss_robustness_DROP20_guarded_cusum_15seed/ON_seed3_x560_720_t36.log
DROP20,Local_CID_RXUAV_OBS_K3_W5,4,494,7,3,6,0,1,85.71,0.0,1.0,0.8571,0.9231,0;1;2;3;8;9,5,,/home/srmap/research/projects/v2x-multiuav-trust/results/packet_loss_robustness_DROP20_guarded_cusum_15seed/ON_seed4_x560_720_t36.log
DROP20,Local_CID_RXUAV_OBS_K3_W5,5,543,7,3,7,0,0,100.0,0.0,1.0,1.0,1.0,0;1;2;3;4;5;8,,,/home/srmap/research/projects/v2x-multiuav-trust/results/packet_loss_robustness_DROP20_guarded_cusum_15seed/ON_seed5_x560_720_t36.log
DROP20,Local_CID_RXUAV_OBS_K3_W5,6,522,7,3,7,0,0,100.0,0.0,1.0,1.0,1.0,0;1;2;3;4;7;9,,,/home/srmap/research/projects/v2x-multiuav-trust/results/packet_loss_robustness_DROP20_guarded_cusum_15seed/ON_seed6_x560_720_t36.log
DROP20,Local_CID_RXUAV_OBS_K3_W5,7,529,7,3,7,0,0,100.0,0.0,1.0,1.0,1.0,0;1;2;3;6;7;9,,,/home/srmap/research/projects/v2x-multiuav-trust/results/packet_loss_robustness_DROP20_guarded_cusum_15seed/ON_seed7_x560_720_t36.log
DROP20,Local_CID_RXUAV_OBS_K3_W5,8,506,7,3,6,0,1,85.71,0.0,1.0,0.8571,0.9231,0;1;2;3;6;9,4,,/home/srmap/research/projects/v2x-multiuav-trust/results/packet_loss_robustness_DROP20_guarded_cusum_15seed/ON_seed8_x560_720_t36.log
DROP20,Local_CID_RXUAV_OBS_K3_W5,9,532,7,3,7,0,0,100.0,0.0,1.0,1.0,1.0,0;1;2;3;6;7;9,,,/home/srmap/research/projects/v2x-multiuav-trust/results/packet_loss_robustness_DROP20_guarded_cusum_15seed/ON_seed9_x560_720_t36.log
DROP20,Local_CID_RXUAV_OBS_K3_W5,10,540,7,3,7,0,0,100.0,0.0,1.0,1.0,1.0,0;1;2;3;4;7;8,,,/home/srmap/research/projects/v2x-multiuav-trust/results/packet_loss_robustness_DROP20_guarded_cusum_15seed/ON_seed10_x560_720_t36.log
DROP20,Local_CID_RXUAV_OBS_K3_W5,11,499,7,3,6,0,1,85.71,0.0,1.0,0.8571,0.9231,1;2;5;6;7;9,0,,/home/srmap/research/projects/v2x-multiuav-trust/results/packet_loss_robustness_DROP20_guarded_cusum_15seed/ON_seed11_x560_720_t36.log
DROP20,Local_CID_RXUAV_OBS_K3_W5,12,552,7,3,7,0,0,100.0,0.0,1.0,1.0,1.0,0;1;2;3;5;7;9,,,/home/srmap/research/projects/v2x-multiuav-trust/results/packet_loss_robustness_DROP20_guarded_cusum_15seed/ON_seed12_x560_720_t36.log
DROP20,Local_CID_RXUAV_OBS_K3_W5,13,544,7,3,7,0,0,100.0,0.0,1.0,1.0,1.0,0;1;2;3;4;5;6,,,/home/srmap/research/projects/v2x-multiuav-trust/results/packet_loss_robustness_DROP20_guarded_cusum_15seed/ON_seed13_x560_720_t36.log
DROP20,Local_CID_RXUAV_OBS_K3_W5,14,548,7,3,7,0,0,100.0,0.0,1.0,1.0,1.0,0;1;2;3;4;5;8,,,/home/srmap/research/projects/v2x-multiuav-trust/results/packet_loss_robustness_DROP20_guarded_cusum_15seed/ON_seed14_x560_720_t36.log
DROP20,Local_CID_RXUAV_OBS_K3_W5,15,488,7,3,6,0,1,85.71,0.0,1.0,0.8571,0.9231,0;1;2;7;8;9,5,,/home/srmap/research/projects/v2x-multiuav-trust/results/packet_loss_robustness_DROP20_guarded_cusum_15seed/ON_seed15_x560_720_t36.log
