condition,baseline_variant,K,W,seed,beacon_count,honest,false_positive,FPR_percent,false_positive_ids,source_log_path
CLEAN_HONEST,Local_CID_RXUAV_SEGMENT_RESET_OBS_K1_W5,1,5,1,622,10,9,90.0,0;1;2;3;4;5;6;7;8,/home/srmap/research/projects/v2x-multiuav-trust/results/cusum_clean_veremi_on_H08_minobs3_edgemax05_15seed/ON_seed1_x-1_-1_t36.log
CLEAN_HONEST,Local_CID_RXUAV_SEGMENT_RESET_OBS_K1_W5,1,5,2,667,10,10,100.0,0;1;2;3;4;5;6;7;8;9,/home/srmap/research/projects/v2x-multiuav-trust/results/cusum_clean_veremi_on_H08_minobs3_edgemax05_15seed/ON_seed2_x-1_-1_t36.log
CLEAN_HONEST,Local_CID_RXUAV_SEGMENT_RESET_OBS_K1_W5,1,5,3,667,10,10,100.0,0;1;2;3;4;5;6;7;8;9,/home/srmap/research/projects/v2x-multiuav-trust/results/cusum_clean_veremi_on_H08_minobs3_edgemax05_15seed/ON_seed3_x-1_-1_t36.log
CLEAN_HONEST,Local_CID_RXUAV_SEGMENT_RESET_OBS_K1_W5,1,5,4,616,10,9,90.0,0;1;2;3;4;6;7;8;9,/home/srmap/research/projects/v2x-multiuav-trust/results/cusum_clean_veremi_on_H08_minobs3_edgemax05_15seed/ON_seed4_x-1_-1_t36.log
CLEAN_HONEST,Local_CID_RXUAV_SEGMENT_RESET_OBS_K1_W5,1,5,5,667,10,10,100.0,0;1;2;3;4;5;6;7;8;9,/home/srmap/research/projects/v2x-multiuav-trust/results/cusum_clean_veremi_on_H08_minobs3_edgemax05_15seed/ON_seed5_x-1_-1_t36.log
CLEAN_HONEST,Local_CID_RXUAV_SEGMENT_RESET_OBS_K1_W5,1,5,6,673,10,10,100.0,0;1;2;3;4;5;6;7;8;9,/home/srmap/research/projects/v2x-multiuav-trust/results/cusum_clean_veremi_on_H08_minobs3_edgemax05_15seed/ON_seed6_x-1_-1_t36.log
CLEAN_HONEST,Local_CID_RXUAV_SEGMENT_RESET_OBS_K1_W5,1,5,7,666,10,10,100.0,0;1;2;3;4;5;6;7;8;9,/home/srmap/research/projects/v2x-multiuav-trust/results/cusum_clean_veremi_on_H08_minobs3_edgemax05_15seed/ON_seed7_x-1_-1_t36.log
CLEAN_HONEST,Local_CID_RXUAV_SEGMENT_RESET_OBS_K1_W5,1,5,8,619,10,9,90.0,0;1;2;3;5;6;7;8;9,/home/srmap/research/projects/v2x-multiuav-trust/results/cusum_clean_veremi_on_H08_minobs3_edgemax05_15seed/ON_seed8_x-1_-1_t36.log
CLEAN_HONEST,Local_CID_RXUAV_SEGMENT_RESET_OBS_K1_W5,1,5,9,674,10,10,100.0,0;1;2;3;4;5;6;7;8;9,/home/srmap/research/projects/v2x-multiuav-trust/results/cusum_clean_veremi_on_H08_minobs3_edgemax05_15seed/ON_seed9_x-1_-1_t36.log
CLEAN_HONEST,Local_CID_RXUAV_SEGMENT_RESET_OBS_K1_W5,1,5,10,668,10,10,100.0,0;1;2;3;4;5;6;7;8;9,/home/srmap/research/projects/v2x-multiuav-trust/results/cusum_clean_veremi_on_H08_minobs3_edgemax05_15seed/ON_seed10_x-1_-1_t36.log
CLEAN_HONEST,Local_CID_RXUAV_SEGMENT_RESET_OBS_K1_W5,1,5,11,613,10,9,90.0,1;2;3;4;5;6;7;8;9,/home/srmap/research/projects/v2x-multiuav-trust/results/cusum_clean_veremi_on_H08_minobs3_edgemax05_15seed/ON_seed11_x-1_-1_t36.log
CLEAN_HONEST,Local_CID_RXUAV_SEGMENT_RESET_OBS_K1_W5,1,5,12,665,10,10,100.0,0;1;2;3;4;5;6;7;8;9,/home/srmap/research/projects/v2x-multiuav-trust/results/cusum_clean_veremi_on_H08_minobs3_edgemax05_15seed/ON_seed12_x-1_-1_t36.log
CLEAN_HONEST,Local_CID_RXUAV_SEGMENT_RESET_OBS_K1_W5,1,5,13,666,10,9,90.0,0;1;2;3;4;5;7;8;9,/home/srmap/research/projects/v2x-multiuav-trust/results/cusum_clean_veremi_on_H08_minobs3_edgemax05_15seed/ON_seed13_x-1_-1_t36.log
CLEAN_HONEST,Local_CID_RXUAV_SEGMENT_RESET_OBS_K1_W5,1,5,14,671,10,10,100.0,0;1;2;3;4;5;6;7;8;9,/home/srmap/research/projects/v2x-multiuav-trust/results/cusum_clean_veremi_on_H08_minobs3_edgemax05_15seed/ON_seed14_x-1_-1_t36.log
CLEAN_HONEST,Local_CID_RXUAV_SEGMENT_RESET_OBS_K1_W5,1,5,15,614,10,9,90.0,0;1;2;3;4;6;7;8;9,/home/srmap/research/projects/v2x-multiuav-trust/results/cusum_clean_veremi_on_H08_minobs3_edgemax05_15seed/ON_seed15_x-1_-1_t36.log
CLEAN_HONEST,Local_CID_RXUAV_SEGMENT_RESET_OBS_K2_W5,2,5,1,622,10,0,0.0,,/home/srmap/research/projects/v2x-multiuav-trust/results/cusum_clean_veremi_on_H08_minobs3_edgemax05_15seed/ON_seed1_x-1_-1_t36.log
CLEAN_HONEST,Local_CID_RXUAV_SEGMENT_RESET_OBS_K2_W5,2,5,2,667,10,0,0.0,,/home/srmap/research/projects/v2x-multiuav-trust/results/cusum_clean_veremi_on_H08_minobs3_edgemax05_15seed/ON_seed2_x-1_-1_t36.log
CLEAN_HONEST,Local_CID_RXUAV_SEGMENT_RESET_OBS_K2_W5,2,5,3,667,10,0,0.0,,/home/srmap/research/projects/v2x-multiuav-trust/results/cusum_clean_veremi_on_H08_minobs3_edgemax05_15seed/ON_seed3_x-1_-1_t36.log
CLEAN_HONEST,Local_CID_RXUAV_SEGMENT_RESET_OBS_K2_W5,2,5,4,616,10,0,0.0,,/home/srmap/research/projects/v2x-multiuav-trust/results/cusum_clean_veremi_on_H08_minobs3_edgemax05_15seed/ON_seed4_x-1_-1_t36.log
CLEAN_HONEST,Local_CID_RXUAV_SEGMENT_RESET_OBS_K2_W5,2,5,5,667,10,0,0.0,,/home/srmap/research/projects/v2x-multiuav-trust/results/cusum_clean_veremi_on_H08_minobs3_edgemax05_15seed/ON_seed5_x-1_-1_t36.log
CLEAN_HONEST,Local_CID_RXUAV_SEGMENT_RESET_OBS_K2_W5,2,5,6,673,10,0,0.0,,/home/srmap/research/projects/v2x-multiuav-trust/results/cusum_clean_veremi_on_H08_minobs3_edgemax05_15seed/ON_seed6_x-1_-1_t36.log
CLEAN_HONEST,Local_CID_RXUAV_SEGMENT_RESET_OBS_K2_W5,2,5,7,666,10,0,0.0,,/home/srmap/research/projects/v2x-multiuav-trust/results/cusum_clean_veremi_on_H08_minobs3_edgemax05_15seed/ON_seed7_x-1_-1_t36.log
CLEAN_HONEST,Local_CID_RXUAV_SEGMENT_RESET_OBS_K2_W5,2,5,8,619,10,0,0.0,,/home/srmap/research/projects/v2x-multiuav-trust/results/cusum_clean_veremi_on_H08_minobs3_edgemax05_15seed/ON_seed8_x-1_-1_t36.log
CLEAN_HONEST,Local_CID_RXUAV_SEGMENT_RESET_OBS_K2_W5,2,5,9,674,10,0,0.0,,/home/srmap/research/projects/v2x-multiuav-trust/results/cusum_clean_veremi_on_H08_minobs3_edgemax05_15seed/ON_seed9_x-1_-1_t36.log
CLEAN_HONEST,Local_CID_RXUAV_SEGMENT_RESET_OBS_K2_W5,2,5,10,668,10,0,0.0,,/home/srmap/research/projects/v2x-multiuav-trust/results/cusum_clean_veremi_on_H08_minobs3_edgemax05_15seed/ON_seed10_x-1_-1_t36.log
CLEAN_HONEST,Local_CID_RXUAV_SEGMENT_RESET_OBS_K2_W5,2,5,11,613,10,0,0.0,,/home/srmap/research/projects/v2x-multiuav-trust/results/cusum_clean_veremi_on_H08_minobs3_edgemax05_15seed/ON_seed11_x-1_-1_t36.log
CLEAN_HONEST,Local_CID_RXUAV_SEGMENT_RESET_OBS_K2_W5,2,5,12,665,10,0,0.0,,/home/srmap/research/projects/v2x-multiuav-trust/results/cusum_clean_veremi_on_H08_minobs3_edgemax05_15seed/ON_seed12_x-1_-1_t36.log
CLEAN_HONEST,Local_CID_RXUAV_SEGMENT_RESET_OBS_K2_W5,2,5,13,666,10,0,0.0,,/home/srmap/research/projects/v2x-multiuav-trust/results/cusum_clean_veremi_on_H08_minobs3_edgemax05_15seed/ON_seed13_x-1_-1_t36.log
CLEAN_HONEST,Local_CID_RXUAV_SEGMENT_RESET_OBS_K2_W5,2,5,14,671,10,0,0.0,,/home/srmap/research/projects/v2x-multiuav-trust/results/cusum_clean_veremi_on_H08_minobs3_edgemax05_15seed/ON_seed14_x-1_-1_t36.log
CLEAN_HONEST,Local_CID_RXUAV_SEGMENT_RESET_OBS_K2_W5,2,5,15,614,10,0,0.0,,/home/srmap/research/projects/v2x-multiuav-trust/results/cusum_clean_veremi_on_H08_minobs3_edgemax05_15seed/ON_seed15_x-1_-1_t36.log
CLEAN_HONEST,Local_CID_RXUAV_SEGMENT_RESET_OBS_K3_W5,3,5,1,622,10,0,0.0,,/home/srmap/research/projects/v2x-multiuav-trust/results/cusum_clean_veremi_on_H08_minobs3_edgemax05_15seed/ON_seed1_x-1_-1_t36.log
CLEAN_HONEST,Local_CID_RXUAV_SEGMENT_RESET_OBS_K3_W5,3,5,2,667,10,0,0.0,,/home/srmap/research/projects/v2x-multiuav-trust/results/cusum_clean_veremi_on_H08_minobs3_edgemax05_15seed/ON_seed2_x-1_-1_t36.log
CLEAN_HONEST,Local_CID_RXUAV_SEGMENT_RESET_OBS_K3_W5,3,5,3,667,10,0,0.0,,/home/srmap/research/projects/v2x-multiuav-trust/results/cusum_clean_veremi_on_H08_minobs3_edgemax05_15seed/ON_seed3_x-1_-1_t36.log
CLEAN_HONEST,Local_CID_RXUAV_SEGMENT_RESET_OBS_K3_W5,3,5,4,616,10,0,0.0,,/home/srmap/research/projects/v2x-multiuav-trust/results/cusum_clean_veremi_on_H08_minobs3_edgemax05_15seed/ON_seed4_x-1_-1_t36.log
CLEAN_HONEST,Local_CID_RXUAV_SEGMENT_RESET_OBS_K3_W5,3,5,5,667,10,0,0.0,,/home/srmap/research/projects/v2x-multiuav-trust/results/cusum_clean_veremi_on_H08_minobs3_edgemax05_15seed/ON_seed5_x-1_-1_t36.log
CLEAN_HONEST,Local_CID_RXUAV_SEGMENT_RESET_OBS_K3_W5,3,5,6,673,10,0,0.0,,/home/srmap/research/projects/v2x-multiuav-trust/results/cusum_clean_veremi_on_H08_minobs3_edgemax05_15seed/ON_seed6_x-1_-1_t36.log
CLEAN_HONEST,Local_CID_RXUAV_SEGMENT_RESET_OBS_K3_W5,3,5,7,666,10,0,0.0,,/home/srmap/research/projects/v2x-multiuav-trust/results/cusum_clean_veremi_on_H08_minobs3_edgemax05_15seed/ON_seed7_x-1_-1_t36.log
CLEAN_HONEST,Local_CID_RXUAV_SEGMENT_RESET_OBS_K3_W5,3,5,8,619,10,0,0.0,,/home/srmap/research/projects/v2x-multiuav-trust/results/cusum_clean_veremi_on_H08_minobs3_edgemax05_15seed/ON_seed8_x-1_-1_t36.log
CLEAN_HONEST,Local_CID_RXUAV_SEGMENT_RESET_OBS_K3_W5,3,5,9,674,10,0,0.0,,/home/srmap/research/projects/v2x-multiuav-trust/results/cusum_clean_veremi_on_H08_minobs3_edgemax05_15seed/ON_seed9_x-1_-1_t36.log
CLEAN_HONEST,Local_CID_RXUAV_SEGMENT_RESET_OBS_K3_W5,3,5,10,668,10,0,0.0,,/home/srmap/research/projects/v2x-multiuav-trust/results/cusum_clean_veremi_on_H08_minobs3_edgemax05_15seed/ON_seed10_x-1_-1_t36.log
CLEAN_HONEST,Local_CID_RXUAV_SEGMENT_RESET_OBS_K3_W5,3,5,11,613,10,0,0.0,,/home/srmap/research/projects/v2x-multiuav-trust/results/cusum_clean_veremi_on_H08_minobs3_edgemax05_15seed/ON_seed11_x-1_-1_t36.log
CLEAN_HONEST,Local_CID_RXUAV_SEGMENT_RESET_OBS_K3_W5,3,5,12,665,10,0,0.0,,/home/srmap/research/projects/v2x-multiuav-trust/results/cusum_clean_veremi_on_H08_minobs3_edgemax05_15seed/ON_seed12_x-1_-1_t36.log
CLEAN_HONEST,Local_CID_RXUAV_SEGMENT_RESET_OBS_K3_W5,3,5,13,666,10,0,0.0,,/home/srmap/research/projects/v2x-multiuav-trust/results/cusum_clean_veremi_on_H08_minobs3_edgemax05_15seed/ON_seed13_x-1_-1_t36.log
CLEAN_HONEST,Local_CID_RXUAV_SEGMENT_RESET_OBS_K3_W5,3,5,14,671,10,0,0.0,,/home/srmap/research/projects/v2x-multiuav-trust/results/cusum_clean_veremi_on_H08_minobs3_edgemax05_15seed/ON_seed14_x-1_-1_t36.log
CLEAN_HONEST,Local_CID_RXUAV_SEGMENT_RESET_OBS_K3_W5,3,5,15,614,10,0,0.0,,/home/srmap/research/projects/v2x-multiuav-trust/results/cusum_clean_veremi_on_H08_minobs3_edgemax05_15seed/ON_seed15_x-1_-1_t36.log
