condition,baseline_variant,seed,beacon_count,malicious,honest,detected,false_positive,missed,DR_percent,FPR_percent,precision,recall,F1,mean_detection_time,detected_ids,missed_ids,false_positive_ids,source_log_path
DROP0,Local_CID_RXUAV_K3_W5,1,623,7,3,7,0,0,100.0,0.0,1.0,1.0,1.0,26.052,0;1;2;4;5;6;7,,,/home/srmap/research/projects/v2x-multiuav-trust/results/packet_loss_robustness_DROP0_guarded_cusum_15seed/ON_seed1_x560_720_t36.log
DROP0,Local_CID_RXUAV_K3_W5,2,676,7,3,7,0,0,100.0,0.0,1.0,1.0,1.0,26.373,0;1;2;3;4;5;7,,,/home/srmap/research/projects/v2x-multiuav-trust/results/packet_loss_robustness_DROP0_guarded_cusum_15seed/ON_seed2_x560_720_t36.log
DROP0,Local_CID_RXUAV_K3_W5,3,675,7,3,7,0,0,100.0,0.0,1.0,1.0,1.0,26.805,0;1;2;3;4;8;9,,,/home/srmap/research/projects/v2x-multiuav-trust/results/packet_loss_robustness_DROP0_guarded_cusum_15seed/ON_seed3_x560_720_t36.log
DROP0,Local_CID_RXUAV_K3_W5,4,619,7,3,6,0,1,85.71,0.0,1.0,0.8571,0.9231,26.565,0;1;2;3;8;9,5,,/home/srmap/research/projects/v2x-multiuav-trust/results/packet_loss_robustness_DROP0_guarded_cusum_15seed/ON_seed4_x560_720_t36.log
DROP0,Local_CID_RXUAV_K3_W5,5,675,7,3,7,0,0,100.0,0.0,1.0,1.0,1.0,26.465,0;1;2;3;4;5;8,,,/home/srmap/research/projects/v2x-multiuav-trust/results/packet_loss_robustness_DROP0_guarded_cusum_15seed/ON_seed5_x560_720_t36.log
DROP0,Local_CID_RXUAV_K3_W5,6,674,7,3,7,0,0,100.0,0.0,1.0,1.0,1.0,26.606,0;1;2;3;4;7;9,,,/home/srmap/research/projects/v2x-multiuav-trust/results/packet_loss_robustness_DROP0_guarded_cusum_15seed/ON_seed6_x560_720_t36.log
DROP0,Local_CID_RXUAV_K3_W5,7,674,7,3,7,0,0,100.0,0.0,1.0,1.0,1.0,26.385,0;1;2;3;6;7;9,,,/home/srmap/research/projects/v2x-multiuav-trust/results/packet_loss_robustness_DROP0_guarded_cusum_15seed/ON_seed7_x560_720_t36.log
DROP0,Local_CID_RXUAV_K3_W5,8,625,7,3,6,0,1,85.71,0.0,1.0,0.8571,0.9231,26.506,0;1;2;3;6;9,4,,/home/srmap/research/projects/v2x-multiuav-trust/results/packet_loss_robustness_DROP0_guarded_cusum_15seed/ON_seed8_x560_720_t36.log
DROP0,Local_CID_RXUAV_K3_W5,9,671,7,3,7,0,0,100.0,0.0,1.0,1.0,1.0,26.394,0;1;2;3;6;7;9,,,/home/srmap/research/projects/v2x-multiuav-trust/results/packet_loss_robustness_DROP0_guarded_cusum_15seed/ON_seed9_x560_720_t36.log
DROP0,Local_CID_RXUAV_K3_W5,10,677,7,3,7,0,0,100.0,0.0,1.0,1.0,1.0,26.637,0;1;2;3;4;7;8,,,/home/srmap/research/projects/v2x-multiuav-trust/results/packet_loss_robustness_DROP0_guarded_cusum_15seed/ON_seed10_x560_720_t36.log
DROP0,Local_CID_RXUAV_K3_W5,11,622,7,3,6,0,1,85.71,0.0,1.0,0.8571,0.9231,26.114,1;2;5;6;7;9,0,,/home/srmap/research/projects/v2x-multiuav-trust/results/packet_loss_robustness_DROP0_guarded_cusum_15seed/ON_seed11_x560_720_t36.log
DROP0,Local_CID_RXUAV_K3_W5,12,671,7,3,7,0,0,100.0,0.0,1.0,1.0,1.0,26.333,0;1;2;3;5;7;9,,,/home/srmap/research/projects/v2x-multiuav-trust/results/packet_loss_robustness_DROP0_guarded_cusum_15seed/ON_seed12_x560_720_t36.log
DROP0,Local_CID_RXUAV_K3_W5,13,673,7,3,7,0,0,100.0,0.0,1.0,1.0,1.0,26.373,0;1;2;3;4;5;6,,,/home/srmap/research/projects/v2x-multiuav-trust/results/packet_loss_robustness_DROP0_guarded_cusum_15seed/ON_seed13_x560_720_t36.log
DROP0,Local_CID_RXUAV_K3_W5,14,674,7,3,7,0,0,100.0,0.0,1.0,1.0,1.0,26.356,0;1;2;3;4;5;8,,,/home/srmap/research/projects/v2x-multiuav-trust/results/packet_loss_robustness_DROP0_guarded_cusum_15seed/ON_seed14_x560_720_t36.log
DROP0,Local_CID_RXUAV_K3_W5,15,624,7,3,6,0,1,85.71,0.0,1.0,0.8571,0.9231,26.313,0;1;2;7;8;9,5,,/home/srmap/research/projects/v2x-multiuav-trust/results/packet_loss_robustness_DROP0_guarded_cusum_15seed/ON_seed15_x560_720_t36.log
DROP10,Local_CID_RXUAV_K3_W5,1,534,7,3,7,0,0,100.0,0.0,1.0,1.0,1.0,27.98,0;1;2;4;5;6;7,,,/home/srmap/research/projects/v2x-multiuav-trust/results/packet_loss_robustness_DROP10_guarded_cusum_15seed/ON_seed1_x560_720_t36.log
DROP10,Local_CID_RXUAV_K3_W5,2,621,7,3,7,0,0,100.0,0.0,1.0,1.0,1.0,27.016,0;1;2;3;4;5;7,,,/home/srmap/research/projects/v2x-multiuav-trust/results/packet_loss_robustness_DROP10_guarded_cusum_15seed/ON_seed2_x560_720_t36.log
DROP10,Local_CID_RXUAV_K3_W5,3,620,7,3,7,0,0,100.0,0.0,1.0,1.0,1.0,27.09,0;1;2;3;4;8;9,,,/home/srmap/research/projects/v2x-multiuav-trust/results/packet_loss_robustness_DROP10_guarded_cusum_15seed/ON_seed3_x560_720_t36.log
DROP10,Local_CID_RXUAV_K3_W5,4,548,7,3,6,0,1,85.71,0.0,1.0,0.8571,0.9231,27.148,0;1;2;3;8;9,5,,/home/srmap/research/projects/v2x-multiuav-trust/results/packet_loss_robustness_DROP10_guarded_cusum_15seed/ON_seed4_x560_720_t36.log
DROP10,Local_CID_RXUAV_K3_W5,5,605,7,3,7,0,0,100.0,0.0,1.0,1.0,1.0,27.465,0;1;2;3;4;5;8,,,/home/srmap/research/projects/v2x-multiuav-trust/results/packet_loss_robustness_DROP10_guarded_cusum_15seed/ON_seed5_x560_720_t36.log
DROP10,Local_CID_RXUAV_K3_W5,6,604,7,3,7,0,0,100.0,0.0,1.0,1.0,1.0,27.035,0;1;2;3;4;7;9,,,/home/srmap/research/projects/v2x-multiuav-trust/results/packet_loss_robustness_DROP10_guarded_cusum_15seed/ON_seed6_x560_720_t36.log
DROP10,Local_CID_RXUAV_K3_W5,7,612,7,3,7,0,0,100.0,0.0,1.0,1.0,1.0,27.028,0;1;2;3;6;7;9,,,/home/srmap/research/projects/v2x-multiuav-trust/results/packet_loss_robustness_DROP10_guarded_cusum_15seed/ON_seed7_x560_720_t36.log
DROP10,Local_CID_RXUAV_K3_W5,8,559,7,3,6,0,1,85.71,0.0,1.0,0.8571,0.9231,27.673,0;1;2;3;6;9,4,,/home/srmap/research/projects/v2x-multiuav-trust/results/packet_loss_robustness_DROP10_guarded_cusum_15seed/ON_seed8_x560_720_t36.log
DROP10,Local_CID_RXUAV_K3_W5,9,603,7,3,7,0,0,100.0,0.0,1.0,1.0,1.0,27.18,0;1;2;3;6;7;9,,,/home/srmap/research/projects/v2x-multiuav-trust/results/packet_loss_robustness_DROP10_guarded_cusum_15seed/ON_seed9_x560_720_t36.log
DROP10,Local_CID_RXUAV_K3_W5,10,604,7,3,7,0,0,100.0,0.0,1.0,1.0,1.0,27.351,0;1;2;3;4;7;8,,,/home/srmap/research/projects/v2x-multiuav-trust/results/packet_loss_robustness_DROP10_guarded_cusum_15seed/ON_seed10_x560_720_t36.log
DROP10,Local_CID_RXUAV_K3_W5,11,566,7,3,6,0,1,85.71,0.0,1.0,0.8571,0.9231,26.363,1;2;5;6;7;9,0,,/home/srmap/research/projects/v2x-multiuav-trust/results/packet_loss_robustness_DROP10_guarded_cusum_15seed/ON_seed11_x560_720_t36.log
DROP10,Local_CID_RXUAV_K3_W5,12,608,7,3,7,0,0,100.0,0.0,1.0,1.0,1.0,26.903,0;1;2;3;5;7;9,,,/home/srmap/research/projects/v2x-multiuav-trust/results/packet_loss_robustness_DROP10_guarded_cusum_15seed/ON_seed12_x560_720_t36.log
DROP10,Local_CID_RXUAV_K3_W5,13,611,7,3,7,0,0,100.0,0.0,1.0,1.0,1.0,26.659,0;1;2;3;4;5;6,,,/home/srmap/research/projects/v2x-multiuav-trust/results/packet_loss_robustness_DROP10_guarded_cusum_15seed/ON_seed13_x560_720_t36.log
DROP10,Local_CID_RXUAV_K3_W5,14,599,7,3,7,0,0,100.0,0.0,1.0,1.0,1.0,27.427,0;1;2;3;4;5;8,,,/home/srmap/research/projects/v2x-multiuav-trust/results/packet_loss_robustness_DROP10_guarded_cusum_15seed/ON_seed14_x560_720_t36.log
DROP10,Local_CID_RXUAV_K3_W5,15,555,7,3,6,0,1,85.71,0.0,1.0,0.8571,0.9231,27.063,0;1;2;7;8;9,5,,/home/srmap/research/projects/v2x-multiuav-trust/results/packet_loss_robustness_DROP10_guarded_cusum_15seed/ON_seed15_x560_720_t36.log
DROP20,Local_CID_RXUAV_K3_W5,1,507,7,3,6,0,1,85.71,0.0,1.0,0.8571,0.9231,24.644,0;1;2;5;6;7,4,,/home/srmap/research/projects/v2x-multiuav-trust/results/packet_loss_robustness_DROP20_guarded_cusum_15seed/ON_seed1_x560_720_t36.log
DROP20,Local_CID_RXUAV_K3_W5,2,550,7,3,7,1,0,100.0,33.33,0.875,1.0,0.9333,28.087,0;1;2;3;4;5;7,,6,/home/srmap/research/projects/v2x-multiuav-trust/results/packet_loss_robustness_DROP20_guarded_cusum_15seed/ON_seed2_x560_720_t36.log
DROP20,Local_CID_RXUAV_K3_W5,3,544,7,3,7,0,0,100.0,0.0,1.0,1.0,1.0,28.519,0;1;2;3;4;8;9,,,/home/srmap/research/projects/v2x-multiuav-trust/results/packet_loss_robustness_DROP20_guarded_cusum_15seed/ON_seed3_x560_720_t36.log
DROP20,Local_CID_RXUAV_K3_W5,4,494,7,3,6,0,1,85.71,0.0,1.0,0.8571,0.9231,27.481,0;1;2;3;8;9,5,,/home/srmap/research/projects/v2x-multiuav-trust/results/packet_loss_robustness_DROP20_guarded_cusum_15seed/ON_seed4_x560_720_t36.log
DROP20,Local_CID_RXUAV_K3_W5,5,543,7,3,7,0,0,100.0,0.0,1.0,1.0,1.0,27.393,0;1;2;3;4;5;8,,,/home/srmap/research/projects/v2x-multiuav-trust/results/packet_loss_robustness_DROP20_guarded_cusum_15seed/ON_seed5_x560_720_t36.log
DROP20,Local_CID_RXUAV_K3_W5,6,522,7,3,7,0,0,100.0,0.0,1.0,1.0,1.0,26.32,0;1;2;3;4;7;9,,,/home/srmap/research/projects/v2x-multiuav-trust/results/packet_loss_robustness_DROP20_guarded_cusum_15seed/ON_seed6_x560_720_t36.log
DROP20,Local_CID_RXUAV_K3_W5,7,529,7,3,7,1,0,100.0,33.33,0.875,1.0,0.9333,27.242,0;1;2;3;6;7;9,,8,/home/srmap/research/projects/v2x-multiuav-trust/results/packet_loss_robustness_DROP20_guarded_cusum_15seed/ON_seed7_x560_720_t36.log
DROP20,Local_CID_RXUAV_K3_W5,8,506,7,3,6,0,1,85.71,0.0,1.0,0.8571,0.9231,26.84,0;1;2;3;6;9,4,,/home/srmap/research/projects/v2x-multiuav-trust/results/packet_loss_robustness_DROP20_guarded_cusum_15seed/ON_seed8_x560_720_t36.log
DROP20,Local_CID_RXUAV_K3_W5,9,532,7,3,7,1,0,100.0,33.33,0.875,1.0,0.9333,27.036,0;1;2;3;6;7;9,,4,/home/srmap/research/projects/v2x-multiuav-trust/results/packet_loss_robustness_DROP20_guarded_cusum_15seed/ON_seed9_x560_720_t36.log
DROP20,Local_CID_RXUAV_K3_W5,10,540,7,3,7,1,0,100.0,33.33,0.875,1.0,0.9333,28.21,0;1;2;3;4;7;8,,9,/home/srmap/research/projects/v2x-multiuav-trust/results/packet_loss_robustness_DROP20_guarded_cusum_15seed/ON_seed10_x560_720_t36.log
DROP20,Local_CID_RXUAV_K3_W5,11,499,7,3,6,0,1,85.71,0.0,1.0,0.8571,0.9231,26.03,1;2;5;6;7;9,0,,/home/srmap/research/projects/v2x-multiuav-trust/results/packet_loss_robustness_DROP20_guarded_cusum_15seed/ON_seed11_x560_720_t36.log
DROP20,Local_CID_RXUAV_K3_W5,12,552,7,3,7,0,0,100.0,0.0,1.0,1.0,1.0,26.975,0;1;2;3;5;7;9,,,/home/srmap/research/projects/v2x-multiuav-trust/results/packet_loss_robustness_DROP20_guarded_cusum_15seed/ON_seed12_x560_720_t36.log
DROP20,Local_CID_RXUAV_K3_W5,13,544,7,3,7,1,0,100.0,33.33,0.875,1.0,0.9333,26.802,0;1;2;3;4;5;6,,8,/home/srmap/research/projects/v2x-multiuav-trust/results/packet_loss_robustness_DROP20_guarded_cusum_15seed/ON_seed13_x560_720_t36.log
DROP20,Local_CID_RXUAV_K3_W5,14,548,7,3,7,0,0,100.0,0.0,1.0,1.0,1.0,28.356,0;1;2;3;4;5;8,,,/home/srmap/research/projects/v2x-multiuav-trust/results/packet_loss_robustness_DROP20_guarded_cusum_15seed/ON_seed14_x560_720_t36.log
DROP20,Local_CID_RXUAV_K3_W5,15,488,7,3,6,1,1,85.71,33.33,0.8571,0.8571,0.8571,27.397,0;1;2;7;8;9,5,6,/home/srmap/research/projects/v2x-multiuav-trust/results/packet_loss_robustness_DROP20_guarded_cusum_15seed/ON_seed15_x560_720_t36.log
DROP5,Local_CID_RXUAV_K3_W5,1,588,7,3,7,0,0,100.0,0.0,1.0,1.0,1.0,26.552,0;1;2;4;5;6;7,,,/home/srmap/research/projects/v2x-multiuav-trust/results/packet_loss_robustness_DROP5_guarded_cusum_15seed/ON_seed1_x560_720_t36.log
DROP5,Local_CID_RXUAV_K3_W5,2,636,7,3,7,0,0,100.0,0.0,1.0,1.0,1.0,26.374,0;1;2;3;4;5;7,,,/home/srmap/research/projects/v2x-multiuav-trust/results/packet_loss_robustness_DROP5_guarded_cusum_15seed/ON_seed2_x560_720_t36.log
DROP5,Local_CID_RXUAV_K3_W5,3,647,7,3,7,0,0,100.0,0.0,1.0,1.0,1.0,27.662,0;1;2;3;4;8;9,,,/home/srmap/research/projects/v2x-multiuav-trust/results/packet_loss_robustness_DROP5_guarded_cusum_15seed/ON_seed3_x560_720_t36.log
DROP5,Local_CID_RXUAV_K3_W5,4,580,7,3,6,0,1,85.71,0.0,1.0,0.8571,0.9231,27.565,0;1;2;3;8;9,5,,/home/srmap/research/projects/v2x-multiuav-trust/results/packet_loss_robustness_DROP5_guarded_cusum_15seed/ON_seed4_x560_720_t36.log
DROP5,Local_CID_RXUAV_K3_W5,5,642,7,3,7,0,0,100.0,0.0,1.0,1.0,1.0,26.822,0;1;2;3;4;5;8,,,/home/srmap/research/projects/v2x-multiuav-trust/results/packet_loss_robustness_DROP5_guarded_cusum_15seed/ON_seed5_x560_720_t36.log
DROP5,Local_CID_RXUAV_K3_W5,6,633,7,3,7,0,0,100.0,0.0,1.0,1.0,1.0,26.82,0;1;2;3;4;7;9,,,/home/srmap/research/projects/v2x-multiuav-trust/results/packet_loss_robustness_DROP5_guarded_cusum_15seed/ON_seed6_x560_720_t36.log
DROP5,Local_CID_RXUAV_K3_W5,7,629,7,3,7,0,0,100.0,0.0,1.0,1.0,1.0,27.242,0;1;2;3;6;7;9,,,/home/srmap/research/projects/v2x-multiuav-trust/results/packet_loss_robustness_DROP5_guarded_cusum_15seed/ON_seed7_x560_720_t36.log
DROP5,Local_CID_RXUAV_K3_W5,8,588,7,3,6,0,1,85.71,0.0,1.0,0.8571,0.9231,27.256,0;1;2;3;6;9,4,,/home/srmap/research/projects/v2x-multiuav-trust/results/packet_loss_robustness_DROP5_guarded_cusum_15seed/ON_seed8_x560_720_t36.log
DROP5,Local_CID_RXUAV_K3_W5,9,635,7,3,7,0,0,100.0,0.0,1.0,1.0,1.0,26.68,0;1;2;3;6;7;9,,,/home/srmap/research/projects/v2x-multiuav-trust/results/packet_loss_robustness_DROP5_guarded_cusum_15seed/ON_seed9_x560_720_t36.log
DROP5,Local_CID_RXUAV_K3_W5,10,646,7,3,7,0,0,100.0,0.0,1.0,1.0,1.0,26.852,0;1;2;3;4;7;8,,,/home/srmap/research/projects/v2x-multiuav-trust/results/packet_loss_robustness_DROP5_guarded_cusum_15seed/ON_seed10_x560_720_t36.log
DROP5,Local_CID_RXUAV_K3_W5,11,590,7,3,6,0,1,85.71,0.0,1.0,0.8571,0.9231,26.614,1;2;5;6;7;9,0,,/home/srmap/research/projects/v2x-multiuav-trust/results/packet_loss_robustness_DROP5_guarded_cusum_15seed/ON_seed11_x560_720_t36.log
DROP5,Local_CID_RXUAV_K3_W5,12,627,7,3,7,0,0,100.0,0.0,1.0,1.0,1.0,26.618,0;1;2;3;5;7;9,,,/home/srmap/research/projects/v2x-multiuav-trust/results/packet_loss_robustness_DROP5_guarded_cusum_15seed/ON_seed12_x560_720_t36.log
DROP5,Local_CID_RXUAV_K3_W5,13,644,7,3,7,0,0,100.0,0.0,1.0,1.0,1.0,26.516,0;1;2;3;4;5;6,,,/home/srmap/research/projects/v2x-multiuav-trust/results/packet_loss_robustness_DROP5_guarded_cusum_15seed/ON_seed13_x560_720_t36.log
DROP5,Local_CID_RXUAV_K3_W5,14,639,7,3,7,0,0,100.0,0.0,1.0,1.0,1.0,26.784,0;1;2;3;4;5;8,,,/home/srmap/research/projects/v2x-multiuav-trust/results/packet_loss_robustness_DROP5_guarded_cusum_15seed/ON_seed14_x560_720_t36.log
DROP5,Local_CID_RXUAV_K3_W5,15,589,7,3,6,0,1,85.71,0.0,1.0,0.8571,0.9231,26.398,0;1;2;7;8;9,5,,/home/srmap/research/projects/v2x-multiuav-trust/results/packet_loss_robustness_DROP5_guarded_cusum_15seed/ON_seed15_x560_720_t36.log
