experiment,condition,seed,caught,malicious,DR_percent,false_positive,honest,FPR_percent,CUSUM_BAN,CUSUM_HOLD,confirmed,PKT_DROP_LOGS,missed_ids,false_positive_ids,source_summary_path
attack_rate_robustness_extended,AR20_N10,1,3,3,100.00,0,7,0.00,0,0,,,,,/home/srmap/research/projects/v2x-multiuav-trust/results/ATTACK_RATE_ROBUSTNESS_EXTENDED_GUARDED_CUSUM_15SEED_SUMMARY.txt
attack_rate_robustness_extended,AR20_N10,2,3,3,100.00,0,7,0.00,1,0,,,,,/home/srmap/research/projects/v2x-multiuav-trust/results/ATTACK_RATE_ROBUSTNESS_EXTENDED_GUARDED_CUSUM_15SEED_SUMMARY.txt
attack_rate_robustness_extended,AR20_N10,3,3,3,100.00,0,7,0.00,1,0,,,,,/home/srmap/research/projects/v2x-multiuav-trust/results/ATTACK_RATE_ROBUSTNESS_EXTENDED_GUARDED_CUSUM_15SEED_SUMMARY.txt
attack_rate_robustness_extended,AR20_N10,4,3,3,100.00,0,7,0.00,0,0,,,,,/home/srmap/research/projects/v2x-multiuav-trust/results/ATTACK_RATE_ROBUSTNESS_EXTENDED_GUARDED_CUSUM_15SEED_SUMMARY.txt
attack_rate_robustness_extended,AR20_N10,5,3,3,100.00,0,7,0.00,0,0,,,,,/home/srmap/research/projects/v2x-multiuav-trust/results/ATTACK_RATE_ROBUSTNESS_EXTENDED_GUARDED_CUSUM_15SEED_SUMMARY.txt
attack_rate_robustness_extended,AR20_N10,6,3,3,100.00,0,7,0.00,1,0,,,,,/home/srmap/research/projects/v2x-multiuav-trust/results/ATTACK_RATE_ROBUSTNESS_EXTENDED_GUARDED_CUSUM_15SEED_SUMMARY.txt
attack_rate_robustness_extended,AR20_N10,7,3,3,100.00,0,7,0.00,2,0,,,,,/home/srmap/research/projects/v2x-multiuav-trust/results/ATTACK_RATE_ROBUSTNESS_EXTENDED_GUARDED_CUSUM_15SEED_SUMMARY.txt
attack_rate_robustness_extended,AR20_N10,8,3,3,100.00,0,7,0.00,0,0,,,,,/home/srmap/research/projects/v2x-multiuav-trust/results/ATTACK_RATE_ROBUSTNESS_EXTENDED_GUARDED_CUSUM_15SEED_SUMMARY.txt
attack_rate_robustness_extended,AR20_N10,9,3,3,100.00,0,7,0.00,0,0,,,,,/home/srmap/research/projects/v2x-multiuav-trust/results/ATTACK_RATE_ROBUSTNESS_EXTENDED_GUARDED_CUSUM_15SEED_SUMMARY.txt
attack_rate_robustness_extended,AR20_N10,10,3,3,100.00,0,7,0.00,0,0,,,,,/home/srmap/research/projects/v2x-multiuav-trust/results/ATTACK_RATE_ROBUSTNESS_EXTENDED_GUARDED_CUSUM_15SEED_SUMMARY.txt
attack_rate_robustness_extended,AR20_N10,11,2,3,66.67,0,7,0.00,0,0,,,0,,/home/srmap/research/projects/v2x-multiuav-trust/results/ATTACK_RATE_ROBUSTNESS_EXTENDED_GUARDED_CUSUM_15SEED_SUMMARY.txt
attack_rate_robustness_extended,AR20_N10,12,3,3,100.00,0,7,0.00,1,0,,,,,/home/srmap/research/projects/v2x-multiuav-trust/results/ATTACK_RATE_ROBUSTNESS_EXTENDED_GUARDED_CUSUM_15SEED_SUMMARY.txt
attack_rate_robustness_extended,AR20_N10,13,3,3,100.00,0,7,0.00,0,0,,,,,/home/srmap/research/projects/v2x-multiuav-trust/results/ATTACK_RATE_ROBUSTNESS_EXTENDED_GUARDED_CUSUM_15SEED_SUMMARY.txt
attack_rate_robustness_extended,AR20_N10,14,3,3,100.00,0,7,0.00,0,0,,,,,/home/srmap/research/projects/v2x-multiuav-trust/results/ATTACK_RATE_ROBUSTNESS_EXTENDED_GUARDED_CUSUM_15SEED_SUMMARY.txt
attack_rate_robustness_extended,AR20_N10,15,2,3,66.67,0,7,0.00,1,0,,,5,,/home/srmap/research/projects/v2x-multiuav-trust/results/ATTACK_RATE_ROBUSTNESS_EXTENDED_GUARDED_CUSUM_15SEED_SUMMARY.txt
attack_rate_robustness_extended,AR50_N10,1,7,7,100.00,0,3,0.00,1,0,,,,,/home/srmap/research/projects/v2x-multiuav-trust/results/ATTACK_RATE_ROBUSTNESS_EXTENDED_GUARDED_CUSUM_15SEED_SUMMARY.txt
attack_rate_robustness_extended,AR50_N10,2,7,7,100.00,0,3,0.00,2,0,,,,,/home/srmap/research/projects/v2x-multiuav-trust/results/ATTACK_RATE_ROBUSTNESS_EXTENDED_GUARDED_CUSUM_15SEED_SUMMARY.txt
attack_rate_robustness_extended,AR50_N10,3,7,7,100.00,0,3,0.00,2,0,,,,,/home/srmap/research/projects/v2x-multiuav-trust/results/ATTACK_RATE_ROBUSTNESS_EXTENDED_GUARDED_CUSUM_15SEED_SUMMARY.txt
attack_rate_robustness_extended,AR50_N10,4,6,7,85.71,0,3,0.00,1,0,,,5,,/home/srmap/research/projects/v2x-multiuav-trust/results/ATTACK_RATE_ROBUSTNESS_EXTENDED_GUARDED_CUSUM_15SEED_SUMMARY.txt
attack_rate_robustness_extended,AR50_N10,5,7,7,100.00,0,3,0.00,2,0,,,,,/home/srmap/research/projects/v2x-multiuav-trust/results/ATTACK_RATE_ROBUSTNESS_EXTENDED_GUARDED_CUSUM_15SEED_SUMMARY.txt
attack_rate_robustness_extended,AR50_N10,6,7,7,100.00,0,3,0.00,2,0,,,,,/home/srmap/research/projects/v2x-multiuav-trust/results/ATTACK_RATE_ROBUSTNESS_EXTENDED_GUARDED_CUSUM_15SEED_SUMMARY.txt
attack_rate_robustness_extended,AR50_N10,7,7,7,100.00,0,3,0.00,3,0,,,,,/home/srmap/research/projects/v2x-multiuav-trust/results/ATTACK_RATE_ROBUSTNESS_EXTENDED_GUARDED_CUSUM_15SEED_SUMMARY.txt
attack_rate_robustness_extended,AR50_N10,8,6,7,85.71,0,3,0.00,2,0,,,4,,/home/srmap/research/projects/v2x-multiuav-trust/results/ATTACK_RATE_ROBUSTNESS_EXTENDED_GUARDED_CUSUM_15SEED_SUMMARY.txt
attack_rate_robustness_extended,AR50_N10,9,7,7,100.00,0,3,0.00,1,0,,,,,/home/srmap/research/projects/v2x-multiuav-trust/results/ATTACK_RATE_ROBUSTNESS_EXTENDED_GUARDED_CUSUM_15SEED_SUMMARY.txt
attack_rate_robustness_extended,AR50_N10,10,7,7,100.00,0,3,0.00,2,0,,,,,/home/srmap/research/projects/v2x-multiuav-trust/results/ATTACK_RATE_ROBUSTNESS_EXTENDED_GUARDED_CUSUM_15SEED_SUMMARY.txt
attack_rate_robustness_extended,AR50_N10,11,6,7,85.71,0,3,0.00,1,0,,,0,,/home/srmap/research/projects/v2x-multiuav-trust/results/ATTACK_RATE_ROBUSTNESS_EXTENDED_GUARDED_CUSUM_15SEED_SUMMARY.txt
attack_rate_robustness_extended,AR50_N10,12,7,7,100.00,0,3,0.00,2,7,,,,,/home/srmap/research/projects/v2x-multiuav-trust/results/ATTACK_RATE_ROBUSTNESS_EXTENDED_GUARDED_CUSUM_15SEED_SUMMARY.txt
attack_rate_robustness_extended,AR50_N10,13,7,7,100.00,0,3,0.00,2,0,,,,,/home/srmap/research/projects/v2x-multiuav-trust/results/ATTACK_RATE_ROBUSTNESS_EXTENDED_GUARDED_CUSUM_15SEED_SUMMARY.txt
attack_rate_robustness_extended,AR50_N10,14,7,7,100.00,0,3,0.00,2,0,,,,,/home/srmap/research/projects/v2x-multiuav-trust/results/ATTACK_RATE_ROBUSTNESS_EXTENDED_GUARDED_CUSUM_15SEED_SUMMARY.txt
attack_rate_robustness_extended,AR50_N10,15,6,7,85.71,0,3,0.00,0,0,,,5,,/home/srmap/research/projects/v2x-multiuav-trust/results/ATTACK_RATE_ROBUSTNESS_EXTENDED_GUARDED_CUSUM_15SEED_SUMMARY.txt
attack_rate_robustness_extended,AR70_N10,1,8,9,88.89,0,1,0.00,2,0,,,9,,/home/srmap/research/projects/v2x-multiuav-trust/results/ATTACK_RATE_ROBUSTNESS_EXTENDED_GUARDED_CUSUM_15SEED_SUMMARY.txt
attack_rate_robustness_extended,AR70_N10,2,9,9,100.00,0,1,0.00,1,0,,,,,/home/srmap/research/projects/v2x-multiuav-trust/results/ATTACK_RATE_ROBUSTNESS_EXTENDED_GUARDED_CUSUM_15SEED_SUMMARY.txt
attack_rate_robustness_extended,AR70_N10,3,9,9,100.00,0,1,0.00,2,0,,,,,/home/srmap/research/projects/v2x-multiuav-trust/results/ATTACK_RATE_ROBUSTNESS_EXTENDED_GUARDED_CUSUM_15SEED_SUMMARY.txt
attack_rate_robustness_extended,AR70_N10,4,8,9,88.89,0,1,0.00,1,0,,,5,,/home/srmap/research/projects/v2x-multiuav-trust/results/ATTACK_RATE_ROBUSTNESS_EXTENDED_GUARDED_CUSUM_15SEED_SUMMARY.txt
attack_rate_robustness_extended,AR70_N10,5,9,9,100.00,0,1,0.00,2,0,,,,,/home/srmap/research/projects/v2x-multiuav-trust/results/ATTACK_RATE_ROBUSTNESS_EXTENDED_GUARDED_CUSUM_15SEED_SUMMARY.txt
attack_rate_robustness_extended,AR70_N10,6,9,9,100.00,0,1,0.00,2,0,,,,,/home/srmap/research/projects/v2x-multiuav-trust/results/ATTACK_RATE_ROBUSTNESS_EXTENDED_GUARDED_CUSUM_15SEED_SUMMARY.txt
attack_rate_robustness_extended,AR70_N10,7,9,9,100.00,0,1,0.00,2,0,,,,,/home/srmap/research/projects/v2x-multiuav-trust/results/ATTACK_RATE_ROBUSTNESS_EXTENDED_GUARDED_CUSUM_15SEED_SUMMARY.txt
attack_rate_robustness_extended,AR70_N10,8,8,9,88.89,0,1,0.00,2,0,,,4,,/home/srmap/research/projects/v2x-multiuav-trust/results/ATTACK_RATE_ROBUSTNESS_EXTENDED_GUARDED_CUSUM_15SEED_SUMMARY.txt
attack_rate_robustness_extended,AR70_N10,9,9,9,100.00,0,1,0.00,3,0,,,,,/home/srmap/research/projects/v2x-multiuav-trust/results/ATTACK_RATE_ROBUSTNESS_EXTENDED_GUARDED_CUSUM_15SEED_SUMMARY.txt
attack_rate_robustness_extended,AR70_N10,10,9,9,100.00,0,1,0.00,2,0,,,,,/home/srmap/research/projects/v2x-multiuav-trust/results/ATTACK_RATE_ROBUSTNESS_EXTENDED_GUARDED_CUSUM_15SEED_SUMMARY.txt
attack_rate_robustness_extended,AR70_N10,11,8,9,88.89,0,1,0.00,2,0,,,0,,/home/srmap/research/projects/v2x-multiuav-trust/results/ATTACK_RATE_ROBUSTNESS_EXTENDED_GUARDED_CUSUM_15SEED_SUMMARY.txt
attack_rate_robustness_extended,AR70_N10,12,9,9,100.00,0,1,0.00,2,0,,,,,/home/srmap/research/projects/v2x-multiuav-trust/results/ATTACK_RATE_ROBUSTNESS_EXTENDED_GUARDED_CUSUM_15SEED_SUMMARY.txt
attack_rate_robustness_extended,AR70_N10,13,9,9,100.00,0,1,0.00,3,0,,,,,/home/srmap/research/projects/v2x-multiuav-trust/results/ATTACK_RATE_ROBUSTNESS_EXTENDED_GUARDED_CUSUM_15SEED_SUMMARY.txt
attack_rate_robustness_extended,AR70_N10,14,9,9,100.00,0,1,0.00,2,0,,,,,/home/srmap/research/projects/v2x-multiuav-trust/results/ATTACK_RATE_ROBUSTNESS_EXTENDED_GUARDED_CUSUM_15SEED_SUMMARY.txt
attack_rate_robustness_extended,AR70_N10,15,8,9,88.89,0,1,0.00,3,0,,,5,,/home/srmap/research/projects/v2x-multiuav-trust/results/ATTACK_RATE_ROBUSTNESS_EXTENDED_GUARDED_CUSUM_15SEED_SUMMARY.txt
attack_rate_robustness_extended,AR80_N10,1,9,10,90.00,0,0,,2,0,,,9,,/home/srmap/research/projects/v2x-multiuav-trust/results/ATTACK_RATE_ROBUSTNESS_EXTENDED_GUARDED_CUSUM_15SEED_SUMMARY.txt
attack_rate_robustness_extended,AR80_N10,2,10,10,100.00,0,0,,3,0,,,,,/home/srmap/research/projects/v2x-multiuav-trust/results/ATTACK_RATE_ROBUSTNESS_EXTENDED_GUARDED_CUSUM_15SEED_SUMMARY.txt
attack_rate_robustness_extended,AR80_N10,3,10,10,100.00,0,0,,2,0,,,,,/home/srmap/research/projects/v2x-multiuav-trust/results/ATTACK_RATE_ROBUSTNESS_EXTENDED_GUARDED_CUSUM_15SEED_SUMMARY.txt
attack_rate_robustness_extended,AR80_N10,4,9,10,90.00,0,0,,3,0,,,5,,/home/srmap/research/projects/v2x-multiuav-trust/results/ATTACK_RATE_ROBUSTNESS_EXTENDED_GUARDED_CUSUM_15SEED_SUMMARY.txt
attack_rate_robustness_extended,AR80_N10,5,10,10,100.00,0,0,,2,0,,,,,/home/srmap/research/projects/v2x-multiuav-trust/results/ATTACK_RATE_ROBUSTNESS_EXTENDED_GUARDED_CUSUM_15SEED_SUMMARY.txt
attack_rate_robustness_extended,AR80_N10,6,10,10,100.00,0,0,,2,0,,,,,/home/srmap/research/projects/v2x-multiuav-trust/results/ATTACK_RATE_ROBUSTNESS_EXTENDED_GUARDED_CUSUM_15SEED_SUMMARY.txt
attack_rate_robustness_extended,AR80_N10,7,10,10,100.00,0,0,,2,0,,,,,/home/srmap/research/projects/v2x-multiuav-trust/results/ATTACK_RATE_ROBUSTNESS_EXTENDED_GUARDED_CUSUM_15SEED_SUMMARY.txt
attack_rate_robustness_extended,AR80_N10,8,9,10,90.00,0,0,,2,0,,,4,,/home/srmap/research/projects/v2x-multiuav-trust/results/ATTACK_RATE_ROBUSTNESS_EXTENDED_GUARDED_CUSUM_15SEED_SUMMARY.txt
attack_rate_robustness_extended,AR80_N10,9,10,10,100.00,0,0,,3,0,,,,,/home/srmap/research/projects/v2x-multiuav-trust/results/ATTACK_RATE_ROBUSTNESS_EXTENDED_GUARDED_CUSUM_15SEED_SUMMARY.txt
attack_rate_robustness_extended,AR80_N10,10,10,10,100.00,0,0,,3,0,,,,,/home/srmap/research/projects/v2x-multiuav-trust/results/ATTACK_RATE_ROBUSTNESS_EXTENDED_GUARDED_CUSUM_15SEED_SUMMARY.txt
attack_rate_robustness_extended,AR80_N10,11,9,10,90.00,0,0,,3,0,,,0,,/home/srmap/research/projects/v2x-multiuav-trust/results/ATTACK_RATE_ROBUSTNESS_EXTENDED_GUARDED_CUSUM_15SEED_SUMMARY.txt
attack_rate_robustness_extended,AR80_N10,12,10,10,100.00,0,0,,2,0,,,,,/home/srmap/research/projects/v2x-multiuav-trust/results/ATTACK_RATE_ROBUSTNESS_EXTENDED_GUARDED_CUSUM_15SEED_SUMMARY.txt
attack_rate_robustness_extended,AR80_N10,13,10,10,100.00,0,0,,2,0,,,,,/home/srmap/research/projects/v2x-multiuav-trust/results/ATTACK_RATE_ROBUSTNESS_EXTENDED_GUARDED_CUSUM_15SEED_SUMMARY.txt
attack_rate_robustness_extended,AR80_N10,14,10,10,100.00,0,0,,2,0,,,,,/home/srmap/research/projects/v2x-multiuav-trust/results/ATTACK_RATE_ROBUSTNESS_EXTENDED_GUARDED_CUSUM_15SEED_SUMMARY.txt
attack_rate_robustness_extended,AR80_N10,15,9,10,90.00,0,0,,2,0,,,5,,/home/srmap/research/projects/v2x-multiuav-trust/results/ATTACK_RATE_ROBUSTNESS_EXTENDED_GUARDED_CUSUM_15SEED_SUMMARY.txt
attack_rate_robustness_extended,AR80_N20,1,15,20,75.00,0,0,,2,0,,,0;9;16;17;18,,/home/srmap/research/projects/v2x-multiuav-trust/results/ATTACK_RATE_ROBUSTNESS_EXTENDED_GUARDED_CUSUM_15SEED_SUMMARY.txt
attack_rate_robustness_extended,AR80_N20,2,19,20,95.00,0,0,,1,0,,,4,,/home/srmap/research/projects/v2x-multiuav-trust/results/ATTACK_RATE_ROBUSTNESS_EXTENDED_GUARDED_CUSUM_15SEED_SUMMARY.txt
attack_rate_robustness_extended,AR80_N20,3,18,20,90.00,0,0,,2,0,,,3;19,,/home/srmap/research/projects/v2x-multiuav-trust/results/ATTACK_RATE_ROBUSTNESS_EXTENDED_GUARDED_CUSUM_15SEED_SUMMARY.txt
attack_rate_robustness_extended,AR80_N20,4,13,20,65.00,0,0,,0,0,,,0;3;4;5;15;16;19,,/home/srmap/research/projects/v2x-multiuav-trust/results/ATTACK_RATE_ROBUSTNESS_EXTENDED_GUARDED_CUSUM_15SEED_SUMMARY.txt
attack_rate_robustness_extended,AR80_N20,5,18,20,90.00,0,0,,3,0,,,1;2,,/home/srmap/research/projects/v2x-multiuav-trust/results/ATTACK_RATE_ROBUSTNESS_EXTENDED_GUARDED_CUSUM_15SEED_SUMMARY.txt
attack_rate_robustness_extended,AR80_N20,6,15,20,75.00,0,0,,1,0,,,1;4;15;16;17,,/home/srmap/research/projects/v2x-multiuav-trust/results/ATTACK_RATE_ROBUSTNESS_EXTENDED_GUARDED_CUSUM_15SEED_SUMMARY.txt
attack_rate_robustness_extended,AR80_N20,7,18,20,90.00,0,0,,3,0,,,1;15,,/home/srmap/research/projects/v2x-multiuav-trust/results/ATTACK_RATE_ROBUSTNESS_EXTENDED_GUARDED_CUSUM_15SEED_SUMMARY.txt
attack_rate_robustness_extended,AR80_N20,8,18,20,90.00,0,0,,2,0,,,4;17,,/home/srmap/research/projects/v2x-multiuav-trust/results/ATTACK_RATE_ROBUSTNESS_EXTENDED_GUARDED_CUSUM_15SEED_SUMMARY.txt
attack_rate_robustness_extended,AR80_N20,9,19,20,95.00,0,0,,2,0,,,19,,/home/srmap/research/projects/v2x-multiuav-trust/results/ATTACK_RATE_ROBUSTNESS_EXTENDED_GUARDED_CUSUM_15SEED_SUMMARY.txt
attack_rate_robustness_extended,AR80_N20,10,15,20,75.00,0,0,,2,0,,,0;2;3;16;19,,/home/srmap/research/projects/v2x-multiuav-trust/results/ATTACK_RATE_ROBUSTNESS_EXTENDED_GUARDED_CUSUM_15SEED_SUMMARY.txt
attack_rate_robustness_extended,AR80_N20,11,16,20,80.00,0,0,,4,0,,,0;15;17;19,,/home/srmap/research/projects/v2x-multiuav-trust/results/ATTACK_RATE_ROBUSTNESS_EXTENDED_GUARDED_CUSUM_15SEED_SUMMARY.txt
attack_rate_robustness_extended,AR80_N20,12,16,20,80.00,0,0,,1,0,,,1;3;4;16,,/home/srmap/research/projects/v2x-multiuav-trust/results/ATTACK_RATE_ROBUSTNESS_EXTENDED_GUARDED_CUSUM_15SEED_SUMMARY.txt
attack_rate_robustness_extended,AR80_N20,13,17,20,85.00,0,0,,2,0,,,1;2;15,,/home/srmap/research/projects/v2x-multiuav-trust/results/ATTACK_RATE_ROBUSTNESS_EXTENDED_GUARDED_CUSUM_15SEED_SUMMARY.txt
attack_rate_robustness_extended,AR80_N20,14,20,20,100.00,0,0,,2,0,,,,,/home/srmap/research/projects/v2x-multiuav-trust/results/ATTACK_RATE_ROBUSTNESS_EXTENDED_GUARDED_CUSUM_15SEED_SUMMARY.txt
attack_rate_robustness_extended,AR80_N20,15,16,20,80.00,0,0,,3,0,,,4;5;16;19,,/home/srmap/research/projects/v2x-multiuav-trust/results/ATTACK_RATE_ROBUSTNESS_EXTENDED_GUARDED_CUSUM_15SEED_SUMMARY.txt
