experiment,condition,seed,honest,false_positive,FPR_percent,CUSUM_BAN,CUSUM_HOLD,confirmed,source_summary_path
clean_cusum_safety,CLEAN_HONEST,1,10,0,0.00,0,0,0,/home/srmap/research/projects/v2x-multiuav-trust/results/CUSUM_CLEAN_H08_MINOBS3_EDGEMAX05_15SEED_SUMMARY.txt
clean_cusum_safety,CLEAN_HONEST,2,10,0,0.00,0,0,0,/home/srmap/research/projects/v2x-multiuav-trust/results/CUSUM_CLEAN_H08_MINOBS3_EDGEMAX05_15SEED_SUMMARY.txt
clean_cusum_safety,CLEAN_HONEST,3,10,0,0.00,0,0,0,/home/srmap/research/projects/v2x-multiuav-trust/results/CUSUM_CLEAN_H08_MINOBS3_EDGEMAX05_15SEED_SUMMARY.txt
clean_cusum_safety,CLEAN_HONEST,4,10,0,0.00,0,0,0,/home/srmap/research/projects/v2x-multiuav-trust/results/CUSUM_CLEAN_H08_MINOBS3_EDGEMAX05_15SEED_SUMMARY.txt
clean_cusum_safety,CLEAN_HONEST,5,10,0,0.00,0,0,0,/home/srmap/research/projects/v2x-multiuav-trust/results/CUSUM_CLEAN_H08_MINOBS3_EDGEMAX05_15SEED_SUMMARY.txt
clean_cusum_safety,CLEAN_HONEST,6,10,0,0.00,0,0,0,/home/srmap/research/projects/v2x-multiuav-trust/results/CUSUM_CLEAN_H08_MINOBS3_EDGEMAX05_15SEED_SUMMARY.txt
clean_cusum_safety,CLEAN_HONEST,7,10,0,0.00,0,0,0,/home/srmap/research/projects/v2x-multiuav-trust/results/CUSUM_CLEAN_H08_MINOBS3_EDGEMAX05_15SEED_SUMMARY.txt
clean_cusum_safety,CLEAN_HONEST,8,10,0,0.00,0,0,0,/home/srmap/research/projects/v2x-multiuav-trust/results/CUSUM_CLEAN_H08_MINOBS3_EDGEMAX05_15SEED_SUMMARY.txt
clean_cusum_safety,CLEAN_HONEST,9,10,0,0.00,0,0,0,/home/srmap/research/projects/v2x-multiuav-trust/results/CUSUM_CLEAN_H08_MINOBS3_EDGEMAX05_15SEED_SUMMARY.txt
clean_cusum_safety,CLEAN_HONEST,10,10,0,0.00,0,0,0,/home/srmap/research/projects/v2x-multiuav-trust/results/CUSUM_CLEAN_H08_MINOBS3_EDGEMAX05_15SEED_SUMMARY.txt
clean_cusum_safety,CLEAN_HONEST,11,10,0,0.00,0,0,0,/home/srmap/research/projects/v2x-multiuav-trust/results/CUSUM_CLEAN_H08_MINOBS3_EDGEMAX05_15SEED_SUMMARY.txt
clean_cusum_safety,CLEAN_HONEST,12,10,0,0.00,0,0,0,/home/srmap/research/projects/v2x-multiuav-trust/results/CUSUM_CLEAN_H08_MINOBS3_EDGEMAX05_15SEED_SUMMARY.txt
clean_cusum_safety,CLEAN_HONEST,13,10,0,0.00,0,0,0,/home/srmap/research/projects/v2x-multiuav-trust/results/CUSUM_CLEAN_H08_MINOBS3_EDGEMAX05_15SEED_SUMMARY.txt
clean_cusum_safety,CLEAN_HONEST,14,10,0,0.00,0,0,0,/home/srmap/research/projects/v2x-multiuav-trust/results/CUSUM_CLEAN_H08_MINOBS3_EDGEMAX05_15SEED_SUMMARY.txt
clean_cusum_safety,CLEAN_HONEST,15,10,0,0.00,0,0,0,/home/srmap/research/projects/v2x-multiuav-trust/results/CUSUM_CLEAN_H08_MINOBS3_EDGEMAX05_15SEED_SUMMARY.txt
