experiment,csv_count,log_count,txt_summary_count,csv_paths,example_log_paths,txt_summary_paths,csv_status,raw_log_status
Handover ON/OFF,0,105,2,,results/handover_pilot_guarded_20260715_105131/final_summary.log | results/handover_pilot_guarded_20260715_105131/logs_off_rep1/bridge_z1.log | results/handover_pilot_guarded_20260715_105131/logs_off_rep1/bridge_z2.log | results/handover_pilot_guarded_20260715_105131/logs_off_rep1/cloud.log | results/handover_pilot_guarded_20260715_105131/logs_off_rep1/coordinator.log,results/handover_tuned_x560_640_t32_5seed/HANDOVER_15SEED_STATS.txt | results/handover_tuned_x560_640_t32_5seed/HANDOVER_15SEED_SUMMARY.txt,MISSING_OR_NOT_FOUND,CONFIRMED
Guarded CUSUM ON/OFF,0,519,21,,results/ablation_cusum_off_x560_640_t32_5seed/ON_seed1_x560_640_t32.log | results/ablation_cusum_off_x560_640_t32_5seed/ON_seed2_x560_640_t32.log | results/ablation_cusum_off_x560_640_t32_5seed/ON_seed3_x560_640_t32.log | results/ablation_cusum_off_x560_640_t32_5seed/ON_seed4_x560_640_t32.log | results/ablation_cusum_off_x560_640_t32_5seed/ON_seed5_x560_640_t32.log,results/ATTACK_RATE_ROBUSTNESS_EXTENDED_GUARDED_CUSUM_15SEED_SUMMARY.txt | results/ATTACK_RATE_ROBUSTNESS_GUARDED_CUSUM_15SEED_SUMMARY.txt | results/CUSUM_BAN_REASON_AUDIT_H08_15SEED.txt | results/CUSUM_CLEAN_H08_MINOBS3_EDGEMAX05_15SEED_SUMMARY.txt | results/CUSUM_CLEAN_VEREMI_MINOBS3_5SEED_SUMMARY.txt | results/CUSUM_H08_MINOBS3_EDGEMAX05_15SEED_SUMMARY.txt | results/CUSUM_H_SWEEP_HIGH_MINOBS3_15SEED_SUMMARY.txt | results/CUSUM_H_SWEEP_MINOBS3_15SEED_SUMMARY.txt | results/CUSUM_SPECIFIC_VEREMI_MINOBS3_15SEED_SUMMARY.txt | results/CUSUM_SPECIFIC_VEREMI_MINOBS3_5SEED_SUMMARY.txt | results/CUSUM_TUNING_SEED1_SUMMARY.txt | results/HTD_SENSITIVITY_GUARDED_CUSUM_15SEED_SUMMARY.txt | results/PACKET_LOSS_ROBUSTNESS_GUARDED_CUSUM_15SEED_SUMMARY.txt | results/SCALABILITY_GUARDED_CUSUM_AR50_15SEED_FINAL_SUMMARY.txt | results/SCALABILITY_GUARDED_CUSUM_AR50_15SEED_SUMMARY.txt | results/ablation_cusum_off_x560_640_t32_5seed/CUSUM_ABLATION_5SEED_SUMMARY.txt | results/hybrid_guarded_20260715/HYBRID15_guarded_clean_summary_FINAL_20260715.txt | results/scalability_N10_AR50_guarded_cusum_15seed/runtime_seconds.txt | results/scalability_N20_AR50_guarded_cusum_15seed/runtime_seconds.txt | results/scalability_N30_AR50_guarded_cusum_15seed/runtime_seconds.txt | results/scalability_N50_AR50_guarded_cusum_15seed/runtime_seconds.txt,MISSING_OR_NOT_FOUND,CONFIRMED
Clean CUSUM safety,0,230,8,,results/clean_multiseed_v91_20260624_163935/bridge_z1_seed_1.log | results/clean_multiseed_v91_20260624_163935/bridge_z1_seed_2.log | results/clean_multiseed_v91_20260624_163935/bridge_z1_seed_3.log | results/clean_multiseed_v91_20260624_163935/bridge_z1_seed_4.log | results/clean_multiseed_v91_20260624_163935/bridge_z1_seed_5.log,results/CUSUM_CLEAN_H08_MINOBS3_EDGEMAX05_15SEED_SUMMARY.txt | results/CUSUM_CLEAN_VEREMI_MINOBS3_5SEED_SUMMARY.txt | results/clean_multiseed_v91_20260624_163935/payoff_summary.txt | results/clean_multiseed_v91_20260624_172701/payoff_summary.txt | results/clean_multiseed_v91_20260624_175317/payoff_summary.txt | results/clean_multiseed_v91_20260705_220415/payoff_summary.txt | results/clean_multiseed_v91_20260706_230602/payoff_summary.txt | results/hybrid_guarded_20260715/HYBRID15_guarded_clean_summary_FINAL_20260715.txt,MISSING_OR_NOT_FOUND,CONFIRMED
HTD sensitivity,0,85,3,,results/htd_sensitivity_20260706_100005/ns3_delta0.1_seed1.log | results/htd_sensitivity_20260706_100005/progress.log | results/htd_sensitivity_20260706_130128/ns3_delta0.1_seed5.log | results/htd_sensitivity_20260706_130128/ns3_delta0.3_seed1.log | results/htd_sensitivity_20260706_130128/ns3_delta0.3_seed5.log,results/HTD_SENSITIVITY_GUARDED_CUSUM_15SEED_SUMMARY.txt | results/htd_sensitivity_20260706_100005/payoff_summary.txt | results/htd_sensitivity_20260706_130128/payoff_summary.txt,MISSING_OR_NOT_FOUND,CONFIRMED
Bayesian/Nash gate audit,3,6,4,results/BAYESIAN_NASH_GATE_AUDIT_FINAL.csv | results/BAYESIAN_NASH_GATE_AUDIT_FINAL_V2.csv | results/scalability_aggregate_summary.csv,results/obsgate_sweep_20260705_203528/ns3_seed_1.log | results/obsgate_sweep_20260705_203528/ns3_seed_2.log | results/obsgate_sweep_20260705_203528/ns3_seed_3.log | results/obsgate_sweep_20260705_203528/ns3_seed_4.log | results/obsgate_sweep_20260705_203528/ns3_seed_5.log,results/BAYESIAN_NASH_GATE_AUDIT_FINAL.txt | results/BAYESIAN_NASH_GATE_AUDIT_FINAL_V2.txt | results/CUSUM_BAN_REASON_AUDIT_H08_15SEED.txt | results/obsgate_sweep_20260705_203528/payoff_summary.txt,CONFIRMED,CONFIRMED
Attack-rate robustness,0,128,8,,results/attack_rate_robustness_AR20_guarded_cusum_15seed/ON_seed10_x560_720_t36.log | results/attack_rate_robustness_AR20_guarded_cusum_15seed/ON_seed11_x560_720_t36.log | results/attack_rate_robustness_AR20_guarded_cusum_15seed/ON_seed12_x560_720_t36.log | results/attack_rate_robustness_AR20_guarded_cusum_15seed/ON_seed13_x560_720_t36.log | results/attack_rate_robustness_AR20_guarded_cusum_15seed/ON_seed14_x560_720_t36.log,results/ATTACK_RATE_ROBUSTNESS_EXTENDED_GUARDED_CUSUM_15SEED_SUMMARY.txt | results/ATTACK_RATE_ROBUSTNESS_GUARDED_CUSUM_15SEED_SUMMARY.txt | results/SCALABILITY_GUARDED_CUSUM_AR50_15SEED_FINAL_SUMMARY.txt | results/SCALABILITY_GUARDED_CUSUM_AR50_15SEED_SUMMARY.txt | results/scalability_N10_AR50_guarded_cusum_15seed/runtime_seconds.txt | results/scalability_N20_AR50_guarded_cusum_15seed/runtime_seconds.txt | results/scalability_N30_AR50_guarded_cusum_15seed/runtime_seconds.txt | results/scalability_N50_AR50_guarded_cusum_15seed/runtime_seconds.txt,MISSING_OR_NOT_FOUND,CONFIRMED
Packet-loss robustness,0,60,1,,results/packet_loss_robustness_DROP0_guarded_cusum_15seed/ON_seed10_x560_720_t36.log | results/packet_loss_robustness_DROP0_guarded_cusum_15seed/ON_seed11_x560_720_t36.log | results/packet_loss_robustness_DROP0_guarded_cusum_15seed/ON_seed12_x560_720_t36.log | results/packet_loss_robustness_DROP0_guarded_cusum_15seed/ON_seed13_x560_720_t36.log | results/packet_loss_robustness_DROP0_guarded_cusum_15seed/ON_seed14_x560_720_t36.log,results/PACKET_LOSS_ROBUSTNESS_GUARDED_CUSUM_15SEED_SUMMARY.txt,MISSING_OR_NOT_FOUND,CONFIRMED
Scalability,3,60,6,results/scalability_aggregate_summary.csv | results/scalability_per_seed_raw.csv | results/scalability_runtime_overhead.csv,results/scalability_N10_AR50_guarded_cusum_15seed/ON_seed10_x560_720_t36.log | results/scalability_N10_AR50_guarded_cusum_15seed/ON_seed11_x560_720_t36.log | results/scalability_N10_AR50_guarded_cusum_15seed/ON_seed12_x560_720_t36.log | results/scalability_N10_AR50_guarded_cusum_15seed/ON_seed13_x560_720_t36.log | results/scalability_N10_AR50_guarded_cusum_15seed/ON_seed14_x560_720_t36.log,results/SCALABILITY_GUARDED_CUSUM_AR50_15SEED_FINAL_SUMMARY.txt | results/SCALABILITY_GUARDED_CUSUM_AR50_15SEED_SUMMARY.txt | results/scalability_N10_AR50_guarded_cusum_15seed/runtime_seconds.txt | results/scalability_N20_AR50_guarded_cusum_15seed/runtime_seconds.txt | results/scalability_N30_AR50_guarded_cusum_15seed/runtime_seconds.txt | results/scalability_N50_AR50_guarded_cusum_15seed/runtime_seconds.txt,CONFIRMED,CONFIRMED
Runtime / overhead,1,0,4,results/scalability_runtime_overhead.csv,,results/scalability_N10_AR50_guarded_cusum_15seed/runtime_seconds.txt | results/scalability_N20_AR50_guarded_cusum_15seed/runtime_seconds.txt | results/scalability_N30_AR50_guarded_cusum_15seed/runtime_seconds.txt | results/scalability_N50_AR50_guarded_cusum_15seed/runtime_seconds.txt,CONFIRMED,MISSING_OR_NOT_FOUND
