scenario,seed,cid,malicious,final_demoted,p,pstar,edge,nashConfirms,windowConfirms,obs_now,obs_req,p_car,outcome
ATTACK_MIXED,1,6,True,True,0.3,0.3,BAN,N,N,53,15,0.485,WARN
ATTACK_MIXED,3,4,True,True,0.3,0.3,BAN,N,N,56,15,0.337,WARN
ATTACK_MIXED,5,8,True,True,0.3,0.3,BAN,N,N,53,15,0.402,WARN
ATTACK_MIXED,9,0,True,True,0.3,0.3,BAN,N,N,53,15,0.535,WARN
ATTACK_MIXED,12,4,False,False,0.326,0.313,BAN,N,N,3,15,0.563,WARN
ATTACK_MIXED,12,4,False,False,1.0,0.311,BAN,Y,Y,4,15,0.632,WARN
ATTACK_MIXED,12,4,False,False,1.0,0.311,BAN,Y,Y,5,15,0.683,WARN
ATTACK_MIXED,12,4,False,False,1.0,0.31,BAN,Y,Y,6,15,0.721,WARN
ATTACK_MIXED,12,4,False,False,1.0,0.31,BAN,Y,Y,7,15,0.751,WARN
ATTACK_MIXED,12,4,False,False,1.0,0.31,BAN,Y,Y,8,15,0.775,WARN
ATTACK_MIXED,12,4,False,False,1.0,0.31,BAN,Y,Y,9,15,0.795,WARN
ATTACK_MIXED,12,4,False,False,1.0,0.31,BAN,Y,Y,10,15,0.812,WARN
ATTACK_MIXED,12,4,False,False,1.0,0.31,BAN,Y,Y,11,15,0.826,WARN
