scenario,seed,cid,malicious,final_demoted,p,pstar,rho_hat,edge,nashConfirms,windowConfirms,obs_now,obs_req,window_now,window_req,streak,p_car,outcome,raw_outcome
ATTACK_MIXED,1,6,True,True,0.3,0.3,-1.0,BAN,N,N,53,15,-1,-1,-1,0.485,WARN,WARN (insufficient evidence)
ATTACK_MIXED,1,5,True,True,0.4,0.3,0.4,BAN,?,?,-1,-1,1,4,-1,-1.0,WARN,WARN (pending confirmation)
ATTACK_MIXED,1,7,True,True,0.4,0.3,0.4,BAN,?,?,-1,-1,1,4,-1,-1.0,WARN,WARN (pending confirmation)
ATTACK_MIXED,1,6,True,True,1.0,0.321,0.411,?,?,?,-1,-1,2,4,2,-1.0,BAN,CONFIRMED BAN (SLOW_LANE punishment sent)
ATTACK_MIXED,1,5,True,True,1.0,0.32,0.416,?,?,?,-1,-1,2,4,2,-1.0,BAN,CONFIRMED BAN (SLOW_LANE punishment sent)
ATTACK_MIXED,1,7,True,True,1.0,0.319,0.42,?,?,?,-1,-1,2,4,2,-1.0,BAN,CONFIRMED BAN (SLOW_LANE punishment sent)
ATTACK_MIXED,1,1,True,True,0.4,0.3,0.4,BAN,?,?,-1,-1,1,4,-1,-1.0,WARN,WARN (pending confirmation)
ATTACK_MIXED,1,0,True,True,0.4,0.3,0.4,BAN,?,?,-1,-1,1,4,-1,-1.0,WARN,WARN (pending confirmation)
ATTACK_MIXED,1,1,True,True,1.0,0.317,0.435,?,?,?,-1,-1,2,4,2,-1.0,BAN,CONFIRMED BAN (SLOW_LANE punishment sent)
ATTACK_MIXED,1,2,True,True,0.4,0.3,0.4,BAN,?,?,-1,-1,1,4,-1,-1.0,WARN,WARN (pending confirmation)
ATTACK_MIXED,1,0,True,True,1.0,0.316,0.443,?,?,?,-1,-1,2,4,2,-1.0,BAN,CONFIRMED BAN (SLOW_LANE punishment sent)
ATTACK_MIXED,1,2,True,True,1.0,0.316,0.446,?,?,?,-1,-1,2,4,2,-1.0,BAN,CONFIRMED BAN (SLOW_LANE punishment sent)
ATTACK_MIXED,1,4,True,True,0.4,0.3,0.4,BAN,?,?,-1,-1,1,4,-1,-1.0,WARN,WARN (pending confirmation)
ATTACK_MIXED,2,5,True,True,0.4,0.3,0.4,BAN,?,?,-1,-1,1,4,-1,-1.0,WARN,WARN (pending confirmation)
ATTACK_MIXED,2,5,True,True,1.0,0.319,0.423,?,?,?,-1,-1,2,4,2,-1.0,BAN,CONFIRMED BAN (SLOW_LANE punishment sent)
ATTACK_MIXED,2,7,True,True,0.4,0.3,0.4,BAN,?,?,-1,-1,1,4,-1,-1.0,WARN,WARN (pending confirmation)
ATTACK_MIXED,2,1,True,True,0.4,0.3,0.4,BAN,?,?,-1,-1,1,4,-1,-1.0,WARN,WARN (pending confirmation)
ATTACK_MIXED,2,0,True,True,0.4,0.3,0.4,BAN,?,?,-1,-1,1,4,-1,-1.0,WARN,WARN (pending confirmation)
ATTACK_MIXED,2,7,True,True,1.0,0.316,0.443,?,?,?,-1,-1,2,4,2,-1.0,BAN,CONFIRMED BAN (SLOW_LANE punishment sent)
ATTACK_MIXED,2,2,True,True,0.4,0.3,0.4,BAN,?,?,-1,-1,1,4,-1,-1.0,WARN,WARN (pending confirmation)
ATTACK_MIXED,2,1,True,True,1.0,0.314,0.453,?,?,?,-1,-1,2,4,2,-1.0,BAN,CONFIRMED BAN (SLOW_LANE punishment sent)
ATTACK_MIXED,2,0,True,True,1.0,0.314,0.457,?,?,?,-1,-1,2,4,2,-1.0,BAN,CONFIRMED BAN (SLOW_LANE punishment sent)
ATTACK_MIXED,2,2,True,True,1.0,0.314,0.459,?,?,?,-1,-1,2,4,2,-1.0,BAN,CONFIRMED BAN (SLOW_LANE punishment sent)
ATTACK_MIXED,2,3,True,True,0.4,0.3,0.5,BAN,?,?,-1,-1,1,4,-1,-1.0,WARN,WARN (pending confirmation)
ATTACK_MIXED,2,4,True,True,0.4,0.3,0.5,BAN,?,?,-1,-1,1,4,-1,-1.0,WARN,WARN (pending confirmation)
ATTACK_MIXED,3,1,True,True,0.4,0.3,0.4,BAN,?,?,-1,-1,1,4,-1,-1.0,WARN,WARN (pending confirmation)
ATTACK_MIXED,3,8,True,True,0.4,0.3,0.4,BAN,?,?,-1,-1,1,4,-1,-1.0,WARN,WARN (pending confirmation)
ATTACK_MIXED,3,0,True,True,0.4,0.3,0.4,BAN,?,?,-1,-1,1,4,-1,-1.0,WARN,WARN (pending confirmation)
ATTACK_MIXED,3,2,True,True,0.4,0.3,0.4,BAN,?,?,-1,-1,1,4,-1,-1.0,WARN,WARN (pending confirmation)
ATTACK_MIXED,3,9,True,True,0.4,0.3,0.4,BAN,?,?,-1,-1,1,4,-1,-1.0,WARN,WARN (pending confirmation)
ATTACK_MIXED,3,1,True,True,1.0,0.32,0.42,?,?,?,-1,-1,2,4,2,-1.0,BAN,CONFIRMED BAN (SLOW_LANE punishment sent)
ATTACK_MIXED,3,8,True,True,1.0,0.319,0.424,?,?,?,-1,-1,2,4,2,-1.0,BAN,CONFIRMED BAN (SLOW_LANE punishment sent)
ATTACK_MIXED,3,3,True,True,0.4,0.3,0.4,BAN,?,?,-1,-1,1,4,-1,-1.0,WARN,WARN (pending confirmation)
ATTACK_MIXED,3,0,True,True,1.0,0.317,0.434,?,?,?,-1,-1,2,4,2,-1.0,BAN,CONFIRMED BAN (SLOW_LANE punishment sent)
ATTACK_MIXED,3,2,True,True,1.0,0.317,0.437,?,?,?,-1,-1,2,4,2,-1.0,BAN,CONFIRMED BAN (SLOW_LANE punishment sent)
ATTACK_MIXED,3,9,True,True,1.0,0.316,0.442,?,?,?,-1,-1,2,4,2,-1.0,BAN,CONFIRMED BAN (SLOW_LANE punishment sent)
ATTACK_MIXED,3,4,True,True,0.3,0.3,-1.0,BAN,N,N,56,15,-1,-1,-1,0.337,WARN,WARN (insufficient evidence)
ATTACK_MIXED,4,1,True,True,0.4,0.3,0.4,BAN,?,?,-1,-1,1,4,-1,-1.0,WARN,WARN (pending confirmation)
ATTACK_MIXED,4,8,True,True,0.4,0.3,0.4,BAN,?,?,-1,-1,1,4,-1,-1.0,WARN,WARN (pending confirmation)
ATTACK_MIXED,4,1,True,True,1.0,0.325,0.384,?,?,?,-1,-1,2,4,2,-1.0,BAN,CONFIRMED BAN (SLOW_LANE punishment sent)
ATTACK_MIXED,4,0,True,True,0.4,0.3,0.4,BAN,?,?,-1,-1,1,4,-1,-1.0,WARN,WARN (pending confirmation)
ATTACK_MIXED,4,2,True,True,0.4,0.3,0.4,BAN,?,?,-1,-1,1,4,-1,-1.0,WARN,WARN (pending confirmation)
ATTACK_MIXED,4,9,True,True,0.4,0.3,0.4,BAN,?,?,-1,-1,1,4,-1,-1.0,WARN,WARN (pending confirmation)
ATTACK_MIXED,4,8,True,True,1.0,0.322,0.405,?,?,?,-1,-1,2,4,2,-1.0,BAN,CONFIRMED BAN (SLOW_LANE punishment sent)
ATTACK_MIXED,4,3,True,True,0.4,0.3,0.4,BAN,?,?,-1,-1,1,4,-1,-1.0,WARN,WARN (pending confirmation)
ATTACK_MIXED,4,0,True,True,1.0,0.32,0.415,?,?,?,-1,-1,2,4,2,-1.0,BAN,CONFIRMED BAN (SLOW_LANE punishment sent)
ATTACK_MIXED,4,2,True,True,1.0,0.32,0.42,?,?,?,-1,-1,2,4,2,-1.0,BAN,CONFIRMED BAN (SLOW_LANE punishment sent)
ATTACK_MIXED,4,9,True,True,1.0,0.319,0.424,?,?,?,-1,-1,2,4,2,-1.0,BAN,CONFIRMED BAN (SLOW_LANE punishment sent)
ATTACK_MIXED,5,5,True,True,0.4,0.3,0.4,BAN,?,?,-1,-1,1,4,-1,-1.0,WARN,WARN (pending confirmation)
ATTACK_MIXED,5,5,True,True,1.0,0.319,0.422,?,?,?,-1,-1,2,4,2,-1.0,BAN,CONFIRMED BAN (SLOW_LANE punishment sent)
ATTACK_MIXED,5,1,True,True,0.4,0.3,0.4,BAN,?,?,-1,-1,1,4,-1,-1.0,WARN,WARN (pending confirmation)
ATTACK_MIXED,5,8,True,True,0.3,0.3,-1.0,BAN,N,N,53,15,-1,-1,-1,0.402,WARN,WARN (insufficient evidence)
ATTACK_MIXED,5,1,True,True,1.0,0.317,0.434,?,?,?,-1,-1,2,4,2,-1.0,BAN,CONFIRMED BAN (SLOW_LANE punishment sent)
ATTACK_MIXED,5,2,True,True,0.4,0.3,0.4,BAN,?,?,-1,-1,1,4,-1,-1.0,WARN,WARN (pending confirmation)
ATTACK_MIXED,5,0,True,True,0.4,0.3,0.4,BAN,?,?,-1,-1,1,4,-1,-1.0,WARN,WARN (pending confirmation)
ATTACK_MIXED,5,8,True,True,1.0,0.315,0.448,?,?,?,-1,-1,2,4,2,-1.0,BAN,CONFIRMED BAN (SLOW_LANE punishment sent)
ATTACK_MIXED,5,3,True,True,0.4,0.3,0.5,BAN,?,?,-1,-1,1,4,-1,-1.0,WARN,WARN (pending confirmation)
ATTACK_MIXED,5,2,True,True,1.0,0.314,0.458,?,?,?,-1,-1,2,4,2,-1.0,BAN,CONFIRMED BAN (SLOW_LANE punishment sent)
ATTACK_MIXED,5,0,True,True,1.0,0.313,0.463,?,?,?,-1,-1,2,4,2,-1.0,BAN,CONFIRMED BAN (SLOW_LANE punishment sent)
ATTACK_MIXED,5,4,True,True,0.4,0.3,0.5,BAN,?,?,-1,-1,1,4,-1,-1.0,WARN,WARN (pending confirmation)
ATTACK_MIXED,6,7,True,True,0.4,0.3,0.4,BAN,?,?,-1,-1,1,4,-1,-1.0,WARN,WARN (pending confirmation)
ATTACK_MIXED,6,1,True,True,0.4,0.3,0.4,BAN,?,?,-1,-1,1,4,-1,-1.0,WARN,WARN (pending confirmation)
ATTACK_MIXED,6,7,True,True,1.0,0.321,0.412,?,?,?,-1,-1,2,4,2,-1.0,BAN,CONFIRMED BAN (SLOW_LANE punishment sent)
ATTACK_MIXED,6,0,True,True,0.4,0.3,0.4,BAN,?,?,-1,-1,1,4,-1,-1.0,WARN,WARN (pending confirmation)
ATTACK_MIXED,6,1,True,True,1.0,0.319,0.422,?,?,?,-1,-1,2,4,2,-1.0,BAN,CONFIRMED BAN (SLOW_LANE punishment sent)
ATTACK_MIXED,6,9,True,True,0.4,0.3,0.4,BAN,?,?,-1,-1,1,4,-1,-1.0,WARN,WARN (pending confirmation)
ATTACK_MIXED,6,2,True,True,0.4,0.3,0.4,BAN,?,?,-1,-1,1,4,-1,-1.0,WARN,WARN (pending confirmation)
ATTACK_MIXED,6,3,True,True,0.4,0.3,0.4,BAN,?,?,-1,-1,1,4,-1,-1.0,WARN,WARN (pending confirmation)
ATTACK_MIXED,6,0,True,True,1.0,0.316,0.442,?,?,?,-1,-1,2,4,2,-1.0,BAN,CONFIRMED BAN (SLOW_LANE punishment sent)
ATTACK_MIXED,6,9,True,True,1.0,0.316,0.445,?,?,?,-1,-1,2,4,2,-1.0,BAN,CONFIRMED BAN (SLOW_LANE punishment sent)
ATTACK_MIXED,6,2,True,True,1.0,0.315,0.451,?,?,?,-1,-1,2,4,2,-1.0,BAN,CONFIRMED BAN (SLOW_LANE punishment sent)
ATTACK_MIXED,6,4,True,True,0.4,0.3,0.4,BAN,?,?,-1,-1,1,4,-1,-1.0,WARN,WARN (pending confirmation)
ATTACK_MIXED,7,6,True,True,0.4,0.3,0.4,BAN,?,?,-1,-1,1,4,-1,-1.0,WARN,WARN (pending confirmation)
ATTACK_MIXED,7,7,True,True,0.4,0.3,0.4,BAN,?,?,-1,-1,1,4,-1,-1.0,WARN,WARN (pending confirmation)
ATTACK_MIXED,7,6,True,True,1.0,0.319,0.425,?,?,?,-1,-1,2,4,2,-1.0,BAN,CONFIRMED BAN (SLOW_LANE punishment sent)
ATTACK_MIXED,7,1,True,True,0.4,0.3,0.4,BAN,?,?,-1,-1,1,4,-1,-1.0,WARN,WARN (pending confirmation)
ATTACK_MIXED,7,7,True,True,1.0,0.318,0.431,?,?,?,-1,-1,2,4,2,-1.0,BAN,CONFIRMED BAN (SLOW_LANE punishment sent)
ATTACK_MIXED,7,2,True,True,0.4,0.3,0.4,BAN,?,?,-1,-1,1,4,-1,-1.0,WARN,WARN (pending confirmation)
ATTACK_MIXED,7,1,True,True,1.0,0.316,0.442,?,?,?,-1,-1,2,4,2,-1.0,BAN,CONFIRMED BAN (SLOW_LANE punishment sent)
ATTACK_MIXED,7,9,True,True,0.4,0.3,0.4,BAN,?,?,-1,-1,1,4,-1,-1.0,WARN,WARN (pending confirmation)
ATTACK_MIXED,7,2,True,True,1.0,0.314,0.454,?,?,?,-1,-1,2,4,2,-1.0,BAN,CONFIRMED BAN (SLOW_LANE punishment sent)
ATTACK_MIXED,7,3,True,True,0.4,0.3,0.5,BAN,?,?,-1,-1,1,4,-1,-1.0,WARN,WARN (pending confirmation)
ATTACK_MIXED,8,6,True,True,0.4,0.3,0.4,BAN,?,?,-1,-1,1,4,-1,-1.0,WARN,WARN (pending confirmation)
ATTACK_MIXED,8,6,True,True,1.0,0.323,0.398,?,?,?,-1,-1,2,4,2,-1.0,BAN,CONFIRMED BAN (SLOW_LANE punishment sent)
ATTACK_MIXED,8,1,True,True,0.4,0.3,0.4,BAN,?,?,-1,-1,1,4,-1,-1.0,WARN,WARN (pending confirmation)
ATTACK_MIXED,8,0,True,True,0.4,0.3,0.4,BAN,?,?,-1,-1,1,4,-1,-1.0,WARN,WARN (pending confirmation)
ATTACK_MIXED,8,3,True,True,0.4,0.3,0.4,BAN,?,?,-1,-1,1,4,-1,-1.0,WARN,WARN (pending confirmation)
ATTACK_MIXED,8,9,True,True,0.4,0.3,0.4,BAN,?,?,-1,-1,1,4,-1,-1.0,WARN,WARN (pending confirmation)
ATTACK_MIXED,8,1,True,True,1.0,0.32,0.419,?,?,?,-1,-1,2,4,2,-1.0,BAN,CONFIRMED BAN (SLOW_LANE punishment sent)
ATTACK_MIXED,8,0,True,True,1.0,0.319,0.423,?,?,?,-1,-1,2,4,2,-1.0,BAN,CONFIRMED BAN (SLOW_LANE punishment sent)
ATTACK_MIXED,8,3,True,True,1.0,0.319,0.425,?,?,?,-1,-1,2,4,2,-1.0,BAN,CONFIRMED BAN (SLOW_LANE punishment sent)
ATTACK_MIXED,9,0,True,True,0.3,0.3,-1.0,BAN,N,N,53,15,-1,-1,-1,0.535,WARN,WARN (insufficient evidence)
ATTACK_MIXED,9,0,True,True,1.0,0.319,0.425,?,?,?,-1,-1,2,4,2,-1.0,BAN,CONFIRMED BAN (SLOW_LANE punishment sent)
ATTACK_MIXED,9,6,True,True,0.4,0.3,0.4,BAN,?,?,-1,-1,1,4,-1,-1.0,WARN,WARN (pending confirmation)
ATTACK_MIXED,9,7,True,True,0.4,0.3,0.4,BAN,?,?,-1,-1,1,4,-1,-1.0,WARN,WARN (pending confirmation)
ATTACK_MIXED,9,6,True,True,1.0,0.316,0.441,?,?,?,-1,-1,2,4,2,-1.0,BAN,CONFIRMED BAN (SLOW_LANE punishment sent)
ATTACK_MIXED,9,1,True,True,0.4,0.3,0.4,BAN,?,?,-1,-1,1,4,-1,-1.0,WARN,WARN (pending confirmation)
ATTACK_MIXED,9,7,True,True,1.0,0.315,0.449,?,?,?,-1,-1,2,4,2,-1.0,BAN,CONFIRMED BAN (SLOW_LANE punishment sent)
ATTACK_MIXED,9,9,True,True,0.4,0.3,0.5,BAN,?,?,-1,-1,1,4,-1,-1.0,WARN,WARN (pending confirmation)
ATTACK_MIXED,9,2,True,True,0.4,0.3,0.5,BAN,?,?,-1,-1,1,4,-1,-1.0,WARN,WARN (pending confirmation)
ATTACK_MIXED,9,1,True,True,1.0,0.313,0.466,?,?,?,-1,-1,2,4,2,-1.0,BAN,CONFIRMED BAN (SLOW_LANE punishment sent)
ATTACK_MIXED,9,3,True,True,0.4,0.3,0.5,BAN,?,?,-1,-1,1,4,-1,-1.0,WARN,WARN (pending confirmation)
ATTACK_MIXED,9,9,True,True,1.0,0.311,0.475,?,?,?,-1,-1,2,4,2,-1.0,BAN,CONFIRMED BAN (SLOW_LANE punishment sent)
ATTACK_MIXED,9,2,True,True,1.0,0.311,0.479,?,?,?,-1,-1,2,4,2,-1.0,BAN,CONFIRMED BAN (SLOW_LANE punishment sent)
ATTACK_MIXED,10,7,True,True,0.4,0.3,0.4,BAN,?,?,-1,-1,1,4,-1,-1.0,WARN,WARN (pending confirmation)
ATTACK_MIXED,10,8,True,True,0.4,0.3,0.4,BAN,?,?,-1,-1,1,4,-1,-1.0,WARN,WARN (pending confirmation)
ATTACK_MIXED,10,7,True,True,1.0,0.321,0.412,?,?,?,-1,-1,2,4,2,-1.0,BAN,CONFIRMED BAN (SLOW_LANE punishment sent)
ATTACK_MIXED,10,1,True,True,0.4,0.3,0.4,BAN,?,?,-1,-1,1,4,-1,-1.0,WARN,WARN (pending confirmation)
ATTACK_MIXED,10,2,True,True,0.4,0.3,0.4,BAN,?,?,-1,-1,1,4,-1,-1.0,WARN,WARN (pending confirmation)
ATTACK_MIXED,10,8,True,True,1.0,0.319,0.426,?,?,?,-1,-1,2,4,2,-1.0,BAN,CONFIRMED BAN (SLOW_LANE punishment sent)
ATTACK_MIXED,10,0,True,True,0.4,0.3,0.4,BAN,?,?,-1,-1,1,4,-1,-1.0,WARN,WARN (pending confirmation)
ATTACK_MIXED,10,1,True,True,1.0,0.317,0.435,?,?,?,-1,-1,2,4,2,-1.0,BAN,CONFIRMED BAN (SLOW_LANE punishment sent)
ATTACK_MIXED,10,2,True,True,1.0,0.317,0.438,?,?,?,-1,-1,2,4,2,-1.0,BAN,CONFIRMED BAN (SLOW_LANE punishment sent)
ATTACK_MIXED,10,0,True,True,1.0,0.316,0.442,?,?,?,-1,-1,2,4,2,-1.0,BAN,CONFIRMED BAN (SLOW_LANE punishment sent)
ATTACK_MIXED,10,3,True,True,0.4,0.3,0.4,BAN,?,?,-1,-1,1,4,-1,-1.0,WARN,WARN (pending confirmation)
ATTACK_MIXED,10,4,True,True,0.4,0.3,0.5,BAN,?,?,-1,-1,1,4,-1,-1.0,WARN,WARN (pending confirmation)
ATTACK_MIXED,11,5,True,True,0.4,0.3,0.4,BAN,?,?,-1,-1,1,4,-1,-1.0,WARN,WARN (pending confirmation)
ATTACK_MIXED,11,6,True,True,0.4,0.3,0.4,BAN,?,?,-1,-1,1,4,-1,-1.0,WARN,WARN (pending confirmation)
ATTACK_MIXED,11,5,True,True,1.0,0.323,0.4,?,?,?,-1,-1,2,4,2,-1.0,BAN,CONFIRMED BAN (SLOW_LANE punishment sent)
ATTACK_MIXED,11,7,True,True,0.4,0.3,0.4,BAN,?,?,-1,-1,1,4,-1,-1.0,WARN,WARN (pending confirmation)
ATTACK_MIXED,11,6,True,True,1.0,0.321,0.408,?,?,?,-1,-1,2,4,2,-1.0,BAN,CONFIRMED BAN (SLOW_LANE punishment sent)
ATTACK_MIXED,11,1,True,True,0.4,0.3,0.4,BAN,?,?,-1,-1,1,4,-1,-1.0,WARN,WARN (pending confirmation)
ATTACK_MIXED,11,2,True,True,0.4,0.3,0.4,BAN,?,?,-1,-1,1,4,-1,-1.0,WARN,WARN (pending confirmation)
ATTACK_MIXED,11,7,True,True,1.0,0.319,0.425,?,?,?,-1,-1,2,4,2,-1.0,BAN,CONFIRMED BAN (SLOW_LANE punishment sent)
ATTACK_MIXED,11,9,True,True,0.4,0.3,0.4,BAN,?,?,-1,-1,1,4,-1,-1.0,WARN,WARN (pending confirmation)
ATTACK_MIXED,11,1,True,True,1.0,0.317,0.435,?,?,?,-1,-1,2,4,2,-1.0,BAN,CONFIRMED BAN (SLOW_LANE punishment sent)
ATTACK_MIXED,11,2,True,True,1.0,0.317,0.439,?,?,?,-1,-1,2,4,2,-1.0,BAN,CONFIRMED BAN (SLOW_LANE punishment sent)
ATTACK_MIXED,12,5,True,True,0.4,0.3,0.4,BAN,?,?,-1,-1,1,4,-1,-1.0,WARN,WARN (pending confirmation)
ATTACK_MIXED,12,5,True,True,1.0,0.318,0.428,?,?,?,-1,-1,2,4,2,-1.0,BAN,CONFIRMED BAN (SLOW_LANE punishment sent)
ATTACK_MIXED,12,7,True,True,0.4,0.3,0.4,BAN,?,?,-1,-1,1,4,-1,-1.0,WARN,WARN (pending confirmation)
ATTACK_MIXED,12,1,True,True,0.4,0.3,0.4,BAN,?,?,-1,-1,1,4,-1,-1.0,WARN,WARN (pending confirmation)
ATTACK_MIXED,12,0,True,True,0.4,0.3,0.4,BAN,?,?,-1,-1,1,4,-1,-1.0,WARN,WARN (pending confirmation)
ATTACK_MIXED,12,7,True,True,1.0,0.316,0.445,?,?,?,-1,-1,2,4,2,-1.0,BAN,CONFIRMED BAN (SLOW_LANE punishment sent)
ATTACK_MIXED,12,9,True,True,0.4,0.3,0.4,BAN,?,?,-1,-1,1,4,-1,-1.0,WARN,WARN (pending confirmation)
ATTACK_MIXED,12,1,True,True,1.0,0.314,0.456,?,?,?,-1,-1,2,4,2,-1.0,BAN,CONFIRMED BAN (SLOW_LANE punishment sent)
ATTACK_MIXED,12,2,True,True,0.4,0.3,0.5,BAN,?,?,-1,-1,1,4,-1,-1.0,WARN,WARN (pending confirmation)
ATTACK_MIXED,12,0,True,True,1.0,0.313,0.465,?,?,?,-1,-1,2,4,2,-1.0,BAN,CONFIRMED BAN (SLOW_LANE punishment sent)
ATTACK_MIXED,12,9,True,True,1.0,0.312,0.468,?,?,?,-1,-1,2,4,2,-1.0,BAN,CONFIRMED BAN (SLOW_LANE punishment sent)
ATTACK_MIXED,12,3,True,True,0.4,0.3,0.5,BAN,?,?,-1,-1,1,4,-1,-1.0,WARN,WARN (pending confirmation)
ATTACK_MIXED,12,4,False,False,0.326,0.313,-1.0,BAN,N,N,3,15,-1,-1,-1,0.563,WARN,WARN (insufficient evidence)
ATTACK_MIXED,12,4,False,False,1.0,0.311,-1.0,BAN,Y,Y,4,15,-1,-1,-1,0.632,WARN,WARN (insufficient evidence)
ATTACK_MIXED,12,4,False,False,1.0,0.311,-1.0,BAN,Y,Y,5,15,-1,-1,-1,0.683,WARN,WARN (insufficient evidence)
ATTACK_MIXED,12,4,False,False,1.0,0.31,-1.0,BAN,Y,Y,6,15,-1,-1,-1,0.721,WARN,WARN (insufficient evidence)
ATTACK_MIXED,12,4,False,False,1.0,0.31,-1.0,BAN,Y,Y,7,15,-1,-1,-1,0.751,WARN,WARN (insufficient evidence)
ATTACK_MIXED,12,4,False,False,1.0,0.31,-1.0,BAN,Y,Y,8,15,-1,-1,-1,0.775,WARN,WARN (insufficient evidence)
ATTACK_MIXED,12,4,False,False,1.0,0.31,-1.0,BAN,Y,Y,9,15,-1,-1,-1,0.795,WARN,WARN (insufficient evidence)
ATTACK_MIXED,12,4,False,False,1.0,0.31,-1.0,BAN,Y,Y,10,15,-1,-1,-1,0.812,WARN,WARN (insufficient evidence)
ATTACK_MIXED,12,4,False,False,1.0,0.31,-1.0,BAN,Y,Y,11,15,-1,-1,-1,0.826,WARN,WARN (insufficient evidence)
ATTACK_MIXED,13,5,True,True,0.4,0.3,0.4,BAN,?,?,-1,-1,1,4,-1,-1.0,WARN,WARN (pending confirmation)
ATTACK_MIXED,13,6,True,True,0.4,0.3,0.4,BAN,?,?,-1,-1,1,4,-1,-1.0,WARN,WARN (pending confirmation)
ATTACK_MIXED,13,5,True,True,1.0,0.317,0.439,?,?,?,-1,-1,2,4,2,-1.0,BAN,CONFIRMED BAN (SLOW_LANE punishment sent)
ATTACK_MIXED,13,6,True,True,1.0,0.316,0.443,?,?,?,-1,-1,2,4,2,-1.0,BAN,CONFIRMED BAN (SLOW_LANE punishment sent)
ATTACK_MIXED,13,1,True,True,0.4,0.3,0.4,BAN,?,?,-1,-1,1,4,-1,-1.0,WARN,WARN (pending confirmation)
ATTACK_MIXED,13,0,True,True,0.4,0.3,0.5,BAN,?,?,-1,-1,1,4,-1,-1.0,WARN,WARN (pending confirmation)
ATTACK_MIXED,13,2,True,True,0.4,0.3,0.5,BAN,?,?,-1,-1,1,4,-1,-1.0,WARN,WARN (pending confirmation)
ATTACK_MIXED,13,1,True,True,1.0,0.314,0.46,?,?,?,-1,-1,2,4,2,-1.0,BAN,CONFIRMED BAN (SLOW_LANE punishment sent)
ATTACK_MIXED,13,3,True,True,0.4,0.3,0.5,BAN,?,?,-1,-1,1,4,-1,-1.0,WARN,WARN (pending confirmation)
ATTACK_MIXED,13,0,True,True,1.0,0.312,0.468,?,?,?,-1,-1,2,4,2,-1.0,BAN,CONFIRMED BAN (SLOW_LANE punishment sent)
ATTACK_MIXED,13,2,True,True,1.0,0.312,0.472,?,?,?,-1,-1,2,4,2,-1.0,BAN,CONFIRMED BAN (SLOW_LANE punishment sent)
ATTACK_MIXED,13,4,True,True,0.4,0.3,0.5,BAN,?,?,-1,-1,1,4,-1,-1.0,WARN,WARN (pending confirmation)
ATTACK_MIXED,14,5,True,True,0.4,0.3,0.4,BAN,?,?,-1,-1,1,4,-1,-1.0,WARN,WARN (pending confirmation)
ATTACK_MIXED,14,5,True,True,1.0,0.319,0.424,?,?,?,-1,-1,2,4,2,-1.0,BAN,CONFIRMED BAN (SLOW_LANE punishment sent)
ATTACK_MIXED,14,8,True,True,0.4,0.3,0.4,BAN,?,?,-1,-1,1,4,-1,-1.0,WARN,WARN (pending confirmation)
ATTACK_MIXED,14,1,True,True,0.4,0.3,0.4,BAN,?,?,-1,-1,1,4,-1,-1.0,WARN,WARN (pending confirmation)
ATTACK_MIXED,14,0,True,True,0.4,0.3,0.4,BAN,?,?,-1,-1,1,4,-1,-1.0,WARN,WARN (pending confirmation)
ATTACK_MIXED,14,2,True,True,0.4,0.3,0.4,BAN,?,?,-1,-1,1,4,-1,-1.0,WARN,WARN (pending confirmation)
ATTACK_MIXED,14,8,True,True,1.0,0.316,0.444,?,?,?,-1,-1,2,4,2,-1.0,BAN,CONFIRMED BAN (SLOW_LANE punishment sent)
ATTACK_MIXED,14,1,True,True,1.0,0.315,0.449,?,?,?,-1,-1,2,4,2,-1.0,BAN,CONFIRMED BAN (SLOW_LANE punishment sent)
ATTACK_MIXED,14,3,True,True,0.4,0.3,0.5,BAN,?,?,-1,-1,1,4,-1,-1.0,WARN,WARN (pending confirmation)
ATTACK_MIXED,14,0,True,True,1.0,0.314,0.458,?,?,?,-1,-1,2,4,2,-1.0,BAN,CONFIRMED BAN (SLOW_LANE punishment sent)
ATTACK_MIXED,14,2,True,True,1.0,0.313,0.463,?,?,?,-1,-1,2,4,2,-1.0,BAN,CONFIRMED BAN (SLOW_LANE punishment sent)
ATTACK_MIXED,14,4,True,True,0.4,0.3,0.5,BAN,?,?,-1,-1,1,4,-1,-1.0,WARN,WARN (pending confirmation)
ATTACK_MIXED,15,7,True,True,0.4,0.3,0.4,BAN,?,?,-1,-1,1,4,-1,-1.0,WARN,WARN (pending confirmation)
ATTACK_MIXED,15,1,True,True,0.4,0.3,0.4,BAN,?,?,-1,-1,1,4,-1,-1.0,WARN,WARN (pending confirmation)
ATTACK_MIXED,15,8,True,True,0.4,0.3,0.4,BAN,?,?,-1,-1,1,4,-1,-1.0,WARN,WARN (pending confirmation)
ATTACK_MIXED,15,7,True,True,1.0,0.324,0.39,?,?,?,-1,-1,2,4,2,-1.0,BAN,CONFIRMED BAN (SLOW_LANE punishment sent)
ATTACK_MIXED,15,2,True,True,0.4,0.3,0.4,BAN,?,?,-1,-1,1,4,-1,-1.0,WARN,WARN (pending confirmation)
ATTACK_MIXED,15,0,True,True,0.4,0.3,0.4,BAN,?,?,-1,-1,1,4,-1,-1.0,WARN,WARN (pending confirmation)
ATTACK_MIXED,15,9,True,True,0.4,0.3,0.4,BAN,?,?,-1,-1,1,4,-1,-1.0,WARN,WARN (pending confirmation)
ATTACK_MIXED,15,1,True,True,1.0,0.321,0.411,?,?,?,-1,-1,2,4,2,-1.0,BAN,CONFIRMED BAN (SLOW_LANE punishment sent)
ATTACK_MIXED,15,8,True,True,1.0,0.32,0.414,?,?,?,-1,-1,2,4,2,-1.0,BAN,CONFIRMED BAN (SLOW_LANE punishment sent)
ATTACK_MIXED,15,2,True,True,1.0,0.32,0.419,?,?,?,-1,-1,2,4,2,-1.0,BAN,CONFIRMED BAN (SLOW_LANE punishment sent)
ATTACK_MIXED,15,0,True,True,1.0,0.319,0.424,?,?,?,-1,-1,2,4,2,-1.0,BAN,CONFIRMED BAN (SLOW_LANE punishment sent)
ATTACK_MIXED,15,9,True,True,1.0,0.318,0.428,?,?,?,-1,-1,2,4,2,-1.0,BAN,CONFIRMED BAN (SLOW_LANE punishment sent)
