experiment,condition,nCars,seed,status,log_path,detected,malicious,DR_percent,false_positive,honest,FPR_percent,CUSUM_BAN,CUSUM_HOLD,NASH_GATE,HANDOVER_HTD_LOGS,runtime_sec,attack_rate_percent,pkt_drop_percent,htd_value,missed_ids,false_positive_ids,summary_source_paths
clean_cusum_safety,CLEAN_HONEST,,1,INCOMPLETE,/home/srmap/research/projects/v2x-multiuav-trust/results/clean_multiseed_v91_20260706_230602/bridge_z1_seed_1.log,0,0,0.0,0,0,0.0,0,0,0,0,,,,,,,/home/srmap/research/projects/v2x-multiuav-trust/results/CUSUM_CLEAN_H08_MINOBS3_EDGEMAX05_15SEED_SUMMARY.txt
clean_cusum_safety,CLEAN_HONEST,,2,INCOMPLETE,/home/srmap/research/projects/v2x-multiuav-trust/results/clean_multiseed_v91_20260706_230602/bridge_z1_seed_2.log,0,0,0.0,0,0,0.0,0,0,0,0,,,,,,,/home/srmap/research/projects/v2x-multiuav-trust/results/CUSUM_CLEAN_H08_MINOBS3_EDGEMAX05_15SEED_SUMMARY.txt
clean_cusum_safety,CLEAN_HONEST,,3,INCOMPLETE,/home/srmap/research/projects/v2x-multiuav-trust/results/clean_multiseed_v91_20260706_230602/bridge_z1_seed_3.log,0,0,0.0,0,0,0.0,0,0,0,0,,,,,,,/home/srmap/research/projects/v2x-multiuav-trust/results/CUSUM_CLEAN_H08_MINOBS3_EDGEMAX05_15SEED_SUMMARY.txt
clean_cusum_safety,CLEAN_HONEST,,4,INCOMPLETE,/home/srmap/research/projects/v2x-multiuav-trust/results/clean_multiseed_v91_20260706_230602/bridge_z1_seed_4.log,0,0,0.0,0,0,0.0,0,0,0,0,,,,,,,/home/srmap/research/projects/v2x-multiuav-trust/results/CUSUM_CLEAN_H08_MINOBS3_EDGEMAX05_15SEED_SUMMARY.txt
clean_cusum_safety,CLEAN_HONEST,,5,INCOMPLETE,/home/srmap/research/projects/v2x-multiuav-trust/results/clean_multiseed_v91_20260706_230602/bridge_z1_seed_5.log,0,0,0.0,0,0,0.0,0,0,0,0,,,,,,,/home/srmap/research/projects/v2x-multiuav-trust/results/CUSUM_CLEAN_H08_MINOBS3_EDGEMAX05_15SEED_SUMMARY.txt
clean_cusum_safety,CLEAN_HONEST,,1,INCOMPLETE,/home/srmap/research/projects/v2x-multiuav-trust/results/clean_multiseed_v91_20260706_230602/bridge_z2_seed_1.log,0,0,0.0,0,0,0.0,0,0,0,0,,,,,,,/home/srmap/research/projects/v2x-multiuav-trust/results/CUSUM_CLEAN_H08_MINOBS3_EDGEMAX05_15SEED_SUMMARY.txt
clean_cusum_safety,CLEAN_HONEST,,2,INCOMPLETE,/home/srmap/research/projects/v2x-multiuav-trust/results/clean_multiseed_v91_20260706_230602/bridge_z2_seed_2.log,0,0,0.0,0,0,0.0,0,0,0,0,,,,,,,/home/srmap/research/projects/v2x-multiuav-trust/results/CUSUM_CLEAN_H08_MINOBS3_EDGEMAX05_15SEED_SUMMARY.txt
clean_cusum_safety,CLEAN_HONEST,,3,INCOMPLETE,/home/srmap/research/projects/v2x-multiuav-trust/results/clean_multiseed_v91_20260706_230602/bridge_z2_seed_3.log,0,0,0.0,0,0,0.0,0,0,0,0,,,,,,,/home/srmap/research/projects/v2x-multiuav-trust/results/CUSUM_CLEAN_H08_MINOBS3_EDGEMAX05_15SEED_SUMMARY.txt
clean_cusum_safety,CLEAN_HONEST,,4,INCOMPLETE,/home/srmap/research/projects/v2x-multiuav-trust/results/clean_multiseed_v91_20260706_230602/bridge_z2_seed_4.log,0,0,0.0,0,0,0.0,0,0,0,0,,,,,,,/home/srmap/research/projects/v2x-multiuav-trust/results/CUSUM_CLEAN_H08_MINOBS3_EDGEMAX05_15SEED_SUMMARY.txt
clean_cusum_safety,CLEAN_HONEST,,5,INCOMPLETE,/home/srmap/research/projects/v2x-multiuav-trust/results/clean_multiseed_v91_20260706_230602/bridge_z2_seed_5.log,0,0,0.0,0,0,0.0,0,0,0,0,,,,,,,/home/srmap/research/projects/v2x-multiuav-trust/results/CUSUM_CLEAN_H08_MINOBS3_EDGEMAX05_15SEED_SUMMARY.txt
clean_cusum_safety,CLEAN_HONEST,,1,INCOMPLETE,/home/srmap/research/projects/v2x-multiuav-trust/results/clean_multiseed_v91_20260706_230602/cloud_seed_1.log,0,0,0.0,0,0,0.0,0,0,0,0,,,,,,,/home/srmap/research/projects/v2x-multiuav-trust/results/CUSUM_CLEAN_H08_MINOBS3_EDGEMAX05_15SEED_SUMMARY.txt
clean_cusum_safety,CLEAN_HONEST,,2,INCOMPLETE,/home/srmap/research/projects/v2x-multiuav-trust/results/clean_multiseed_v91_20260706_230602/cloud_seed_2.log,0,0,0.0,0,0,0.0,0,0,0,0,,,,,,,/home/srmap/research/projects/v2x-multiuav-trust/results/CUSUM_CLEAN_H08_MINOBS3_EDGEMAX05_15SEED_SUMMARY.txt
clean_cusum_safety,CLEAN_HONEST,,3,INCOMPLETE,/home/srmap/research/projects/v2x-multiuav-trust/results/clean_multiseed_v91_20260706_230602/cloud_seed_3.log,0,0,0.0,0,0,0.0,0,0,0,0,,,,,,,/home/srmap/research/projects/v2x-multiuav-trust/results/CUSUM_CLEAN_H08_MINOBS3_EDGEMAX05_15SEED_SUMMARY.txt
clean_cusum_safety,CLEAN_HONEST,,4,INCOMPLETE,/home/srmap/research/projects/v2x-multiuav-trust/results/clean_multiseed_v91_20260706_230602/cloud_seed_4.log,0,0,0.0,0,0,0.0,0,0,0,0,,,,,,,/home/srmap/research/projects/v2x-multiuav-trust/results/CUSUM_CLEAN_H08_MINOBS3_EDGEMAX05_15SEED_SUMMARY.txt
clean_cusum_safety,CLEAN_HONEST,,5,INCOMPLETE,/home/srmap/research/projects/v2x-multiuav-trust/results/clean_multiseed_v91_20260706_230602/cloud_seed_5.log,0,0,0.0,0,0,0.0,0,0,0,0,,,,,,,/home/srmap/research/projects/v2x-multiuav-trust/results/CUSUM_CLEAN_H08_MINOBS3_EDGEMAX05_15SEED_SUMMARY.txt
clean_cusum_safety,CLEAN_HONEST,,1,INCOMPLETE,/home/srmap/research/projects/v2x-multiuav-trust/results/clean_multiseed_v91_20260706_230602/coordinator_seed_1.log,0,0,0.0,0,0,0.0,0,0,0,0,,,,,,,/home/srmap/research/projects/v2x-multiuav-trust/results/CUSUM_CLEAN_H08_MINOBS3_EDGEMAX05_15SEED_SUMMARY.txt
clean_cusum_safety,CLEAN_HONEST,,2,INCOMPLETE,/home/srmap/research/projects/v2x-multiuav-trust/results/clean_multiseed_v91_20260706_230602/coordinator_seed_2.log,0,0,0.0,0,0,0.0,0,0,0,0,,,,,,,/home/srmap/research/projects/v2x-multiuav-trust/results/CUSUM_CLEAN_H08_MINOBS3_EDGEMAX05_15SEED_SUMMARY.txt
clean_cusum_safety,CLEAN_HONEST,,3,INCOMPLETE,/home/srmap/research/projects/v2x-multiuav-trust/results/clean_multiseed_v91_20260706_230602/coordinator_seed_3.log,0,0,0.0,0,0,0.0,0,0,0,0,,,,,,,/home/srmap/research/projects/v2x-multiuav-trust/results/CUSUM_CLEAN_H08_MINOBS3_EDGEMAX05_15SEED_SUMMARY.txt
clean_cusum_safety,CLEAN_HONEST,,4,INCOMPLETE,/home/srmap/research/projects/v2x-multiuav-trust/results/clean_multiseed_v91_20260706_230602/coordinator_seed_4.log,0,0,0.0,0,0,0.0,0,0,0,0,,,,,,,/home/srmap/research/projects/v2x-multiuav-trust/results/CUSUM_CLEAN_H08_MINOBS3_EDGEMAX05_15SEED_SUMMARY.txt
clean_cusum_safety,CLEAN_HONEST,,5,INCOMPLETE,/home/srmap/research/projects/v2x-multiuav-trust/results/clean_multiseed_v91_20260706_230602/coordinator_seed_5.log,0,0,0.0,0,0,0.0,0,0,0,0,,,,,,,/home/srmap/research/projects/v2x-multiuav-trust/results/CUSUM_CLEAN_H08_MINOBS3_EDGEMAX05_15SEED_SUMMARY.txt
clean_cusum_safety,CLEAN_HONEST,,1,INCOMPLETE,/home/srmap/research/projects/v2x-multiuav-trust/results/clean_multiseed_v91_20260706_230602/edge_z1_seed_1.log,0,0,0.0,0,0,0.0,0,0,0,0,,,,,,,/home/srmap/research/projects/v2x-multiuav-trust/results/CUSUM_CLEAN_H08_MINOBS3_EDGEMAX05_15SEED_SUMMARY.txt
clean_cusum_safety,CLEAN_HONEST,,2,INCOMPLETE,/home/srmap/research/projects/v2x-multiuav-trust/results/clean_multiseed_v91_20260706_230602/edge_z1_seed_2.log,0,0,0.0,0,0,0.0,0,0,0,0,,,,,,,/home/srmap/research/projects/v2x-multiuav-trust/results/CUSUM_CLEAN_H08_MINOBS3_EDGEMAX05_15SEED_SUMMARY.txt
clean_cusum_safety,CLEAN_HONEST,,3,INCOMPLETE,/home/srmap/research/projects/v2x-multiuav-trust/results/clean_multiseed_v91_20260706_230602/edge_z1_seed_3.log,0,0,0.0,0,0,0.0,0,0,0,0,,,,,,,/home/srmap/research/projects/v2x-multiuav-trust/results/CUSUM_CLEAN_H08_MINOBS3_EDGEMAX05_15SEED_SUMMARY.txt
clean_cusum_safety,CLEAN_HONEST,,4,INCOMPLETE,/home/srmap/research/projects/v2x-multiuav-trust/results/clean_multiseed_v91_20260706_230602/edge_z1_seed_4.log,0,0,0.0,0,0,0.0,0,0,0,0,,,,,,,/home/srmap/research/projects/v2x-multiuav-trust/results/CUSUM_CLEAN_H08_MINOBS3_EDGEMAX05_15SEED_SUMMARY.txt
clean_cusum_safety,CLEAN_HONEST,,5,INCOMPLETE,/home/srmap/research/projects/v2x-multiuav-trust/results/clean_multiseed_v91_20260706_230602/edge_z1_seed_5.log,0,0,0.0,0,0,0.0,0,0,0,0,,,,,,,/home/srmap/research/projects/v2x-multiuav-trust/results/CUSUM_CLEAN_H08_MINOBS3_EDGEMAX05_15SEED_SUMMARY.txt
clean_cusum_safety,CLEAN_HONEST,,1,INCOMPLETE,/home/srmap/research/projects/v2x-multiuav-trust/results/clean_multiseed_v91_20260706_230602/edge_z2_seed_1.log,0,0,0.0,0,0,0.0,0,0,0,0,,,,,,,/home/srmap/research/projects/v2x-multiuav-trust/results/CUSUM_CLEAN_H08_MINOBS3_EDGEMAX05_15SEED_SUMMARY.txt
clean_cusum_safety,CLEAN_HONEST,,2,INCOMPLETE,/home/srmap/research/projects/v2x-multiuav-trust/results/clean_multiseed_v91_20260706_230602/edge_z2_seed_2.log,0,0,0.0,0,0,0.0,0,0,0,0,,,,,,,/home/srmap/research/projects/v2x-multiuav-trust/results/CUSUM_CLEAN_H08_MINOBS3_EDGEMAX05_15SEED_SUMMARY.txt
clean_cusum_safety,CLEAN_HONEST,,3,INCOMPLETE,/home/srmap/research/projects/v2x-multiuav-trust/results/clean_multiseed_v91_20260706_230602/edge_z2_seed_3.log,0,0,0.0,0,0,0.0,0,0,0,0,,,,,,,/home/srmap/research/projects/v2x-multiuav-trust/results/CUSUM_CLEAN_H08_MINOBS3_EDGEMAX05_15SEED_SUMMARY.txt
clean_cusum_safety,CLEAN_HONEST,,4,INCOMPLETE,/home/srmap/research/projects/v2x-multiuav-trust/results/clean_multiseed_v91_20260706_230602/edge_z2_seed_4.log,0,0,0.0,0,0,0.0,0,0,0,0,,,,,,,/home/srmap/research/projects/v2x-multiuav-trust/results/CUSUM_CLEAN_H08_MINOBS3_EDGEMAX05_15SEED_SUMMARY.txt
clean_cusum_safety,CLEAN_HONEST,,5,INCOMPLETE,/home/srmap/research/projects/v2x-multiuav-trust/results/clean_multiseed_v91_20260706_230602/edge_z2_seed_5.log,0,0,0.0,0,0,0.0,0,0,0,0,,,,,,,/home/srmap/research/projects/v2x-multiuav-trust/results/CUSUM_CLEAN_H08_MINOBS3_EDGEMAX05_15SEED_SUMMARY.txt
clean_cusum_safety,CLEAN_HONEST,30,1,COMPLETE,/home/srmap/research/projects/v2x-multiuav-trust/results/clean_multiseed_v91_20260706_230602/ns3_seed_1.log,17,19,89.47,0,11,0.0,0,0,229,41,,50.0,,,2;5,,/home/srmap/research/projects/v2x-multiuav-trust/results/CUSUM_CLEAN_H08_MINOBS3_EDGEMAX05_15SEED_SUMMARY.txt
clean_cusum_safety,CLEAN_HONEST,30,2,COMPLETE,/home/srmap/research/projects/v2x-multiuav-trust/results/clean_multiseed_v91_20260706_230602/ns3_seed_2.log,14,19,73.68,0,11,0.0,0,0,209,43,,50.0,,,0;1;5;28;29,,/home/srmap/research/projects/v2x-multiuav-trust/results/CUSUM_CLEAN_H08_MINOBS3_EDGEMAX05_15SEED_SUMMARY.txt
clean_cusum_safety,CLEAN_HONEST,30,3,COMPLETE,/home/srmap/research/projects/v2x-multiuav-trust/results/clean_multiseed_v91_20260706_230602/ns3_seed_3.log,17,19,89.47,0,11,0.0,0,0,229,39,,50.0,,,8;12,,/home/srmap/research/projects/v2x-multiuav-trust/results/CUSUM_CLEAN_H08_MINOBS3_EDGEMAX05_15SEED_SUMMARY.txt
clean_cusum_safety,CLEAN_HONEST,30,4,COMPLETE,/home/srmap/research/projects/v2x-multiuav-trust/results/clean_multiseed_v91_20260706_230602/ns3_seed_4.log,14,19,73.68,0,11,0.0,0,0,204,41,,50.0,,,3;5;6;8;26,,/home/srmap/research/projects/v2x-multiuav-trust/results/CUSUM_CLEAN_H08_MINOBS3_EDGEMAX05_15SEED_SUMMARY.txt
clean_cusum_safety,CLEAN_HONEST,30,5,COMPLETE,/home/srmap/research/projects/v2x-multiuav-trust/results/clean_multiseed_v91_20260706_230602/ns3_seed_5.log,16,19,84.21,0,11,0.0,0,0,225,45,,50.0,,,2;4;29,,/home/srmap/research/projects/v2x-multiuav-trust/results/CUSUM_CLEAN_H08_MINOBS3_EDGEMAX05_15SEED_SUMMARY.txt
clean_cusum_safety,CLEAN_HONEST,30,1,COMPLETE,/home/srmap/research/projects/v2x-multiuav-trust/results/hybrid_guarded_20260715/HYBRID15_guarded_clean_rep1.log,18,19,94.74,0,11,0.0,0,0,202,42,,50.0,,,2,,/home/srmap/research/projects/v2x-multiuav-trust/results/CUSUM_CLEAN_H08_MINOBS3_EDGEMAX05_15SEED_SUMMARY.txt
clean_cusum_safety,CLEAN_HONEST,30,1,COMPLETE,/home/srmap/research/projects/v2x-multiuav-trust/results/hybrid_guarded_20260715/HYBRID15_guarded_seed1_rep10.log,18,19,94.74,0,11,0.0,1,0,212,42,,50.0,,,2,,/home/srmap/research/projects/v2x-multiuav-trust/results/CUSUM_CLEAN_H08_MINOBS3_EDGEMAX05_15SEED_SUMMARY.txt
clean_cusum_safety,CLEAN_HONEST,30,1,COMPLETE,/home/srmap/research/projects/v2x-multiuav-trust/results/hybrid_guarded_20260715/HYBRID15_guarded_seed1_rep11.log,17,19,89.47,0,11,0.0,0,0,201,41,,50.0,,,2;5,,/home/srmap/research/projects/v2x-multiuav-trust/results/CUSUM_CLEAN_H08_MINOBS3_EDGEMAX05_15SEED_SUMMARY.txt
clean_cusum_safety,CLEAN_HONEST,30,1,COMPLETE,/home/srmap/research/projects/v2x-multiuav-trust/results/hybrid_guarded_20260715/HYBRID15_guarded_seed1_rep12.log,16,19,84.21,0,11,0.0,0,0,198,41,,50.0,,,2;4;5,,/home/srmap/research/projects/v2x-multiuav-trust/results/CUSUM_CLEAN_H08_MINOBS3_EDGEMAX05_15SEED_SUMMARY.txt
clean_cusum_safety,CLEAN_HONEST,30,1,COMPLETE,/home/srmap/research/projects/v2x-multiuav-trust/results/hybrid_guarded_20260715/HYBRID15_guarded_seed1_rep13.log,17,19,89.47,0,11,0.0,0,0,200,42,,50.0,,,2;5,,/home/srmap/research/projects/v2x-multiuav-trust/results/CUSUM_CLEAN_H08_MINOBS3_EDGEMAX05_15SEED_SUMMARY.txt
clean_cusum_safety,CLEAN_HONEST,30,1,COMPLETE,/home/srmap/research/projects/v2x-multiuav-trust/results/hybrid_guarded_20260715/HYBRID15_guarded_seed1_rep14.log,15,19,78.95,0,11,0.0,0,0,196,40,,50.0,,,2;4;5;6,,/home/srmap/research/projects/v2x-multiuav-trust/results/CUSUM_CLEAN_H08_MINOBS3_EDGEMAX05_15SEED_SUMMARY.txt
clean_cusum_safety,CLEAN_HONEST,30,1,COMPLETE,/home/srmap/research/projects/v2x-multiuav-trust/results/hybrid_guarded_20260715/HYBRID15_guarded_seed1_rep15_retry.log,17,19,89.47,0,11,0.0,0,0,200,40,,50.0,,,2;6,,/home/srmap/research/projects/v2x-multiuav-trust/results/CUSUM_CLEAN_H08_MINOBS3_EDGEMAX05_15SEED_SUMMARY.txt
clean_cusum_safety,CLEAN_HONEST,30,1,COMPLETE,/home/srmap/research/projects/v2x-multiuav-trust/results/hybrid_guarded_20260715/HYBRID15_guarded_seed1_rep2.log,16,19,84.21,0,11,0.0,0,0,198,38,,50.0,,,2;4;6,,/home/srmap/research/projects/v2x-multiuav-trust/results/CUSUM_CLEAN_H08_MINOBS3_EDGEMAX05_15SEED_SUMMARY.txt
clean_cusum_safety,CLEAN_HONEST,30,1,COMPLETE,/home/srmap/research/projects/v2x-multiuav-trust/results/hybrid_guarded_20260715/HYBRID15_guarded_seed1_rep3.log,18,19,94.74,0,11,0.0,0,0,202,41,,50.0,,,2,,/home/srmap/research/projects/v2x-multiuav-trust/results/CUSUM_CLEAN_H08_MINOBS3_EDGEMAX05_15SEED_SUMMARY.txt
clean_cusum_safety,CLEAN_HONEST,30,1,COMPLETE,/home/srmap/research/projects/v2x-multiuav-trust/results/hybrid_guarded_20260715/HYBRID15_guarded_seed1_rep4.log,17,19,89.47,0,11,0.0,0,0,200,41,,50.0,,,2;6,,/home/srmap/research/projects/v2x-multiuav-trust/results/CUSUM_CLEAN_H08_MINOBS3_EDGEMAX05_15SEED_SUMMARY.txt
clean_cusum_safety,CLEAN_HONEST,30,1,COMPLETE,/home/srmap/research/projects/v2x-multiuav-trust/results/hybrid_guarded_20260715/HYBRID15_guarded_seed1_rep5.log,15,19,78.95,0,11,0.0,0,0,196,39,,50.0,,,2;4;5;6,,/home/srmap/research/projects/v2x-multiuav-trust/results/CUSUM_CLEAN_H08_MINOBS3_EDGEMAX05_15SEED_SUMMARY.txt
clean_cusum_safety,CLEAN_HONEST,30,1,COMPLETE,/home/srmap/research/projects/v2x-multiuav-trust/results/hybrid_guarded_20260715/HYBRID15_guarded_seed1_rep6.log,17,19,89.47,0,11,0.0,0,0,200,38,,50.0,,,2;5,,/home/srmap/research/projects/v2x-multiuav-trust/results/CUSUM_CLEAN_H08_MINOBS3_EDGEMAX05_15SEED_SUMMARY.txt
clean_cusum_safety,CLEAN_HONEST,30,1,COMPLETE,/home/srmap/research/projects/v2x-multiuav-trust/results/hybrid_guarded_20260715/HYBRID15_guarded_seed1_rep7.log,16,19,84.21,0,11,0.0,0,0,199,42,,50.0,,,2;4;5,,/home/srmap/research/projects/v2x-multiuav-trust/results/CUSUM_CLEAN_H08_MINOBS3_EDGEMAX05_15SEED_SUMMARY.txt
clean_cusum_safety,CLEAN_HONEST,30,1,COMPLETE,/home/srmap/research/projects/v2x-multiuav-trust/results/hybrid_guarded_20260715/HYBRID15_guarded_seed1_rep8.log,15,19,78.95,0,11,0.0,0,0,196,38,,50.0,,,2;4;5;6,,/home/srmap/research/projects/v2x-multiuav-trust/results/CUSUM_CLEAN_H08_MINOBS3_EDGEMAX05_15SEED_SUMMARY.txt
clean_cusum_safety,CLEAN_HONEST,30,1,COMPLETE,/home/srmap/research/projects/v2x-multiuav-trust/results/hybrid_guarded_20260715/HYBRID15_guarded_seed1_rep9.log,16,19,84.21,0,11,0.0,0,0,198,41,,50.0,,,2;4;5,,/home/srmap/research/projects/v2x-multiuav-trust/results/CUSUM_CLEAN_H08_MINOBS3_EDGEMAX05_15SEED_SUMMARY.txt
