nCars,seed,status,log_path,detected,malicious,DR_percent,false_positive,honest,FPR_percent,CUSUM_BAN,CUSUM_HOLD,NASH_GATE,HANDOVER_HTD_LOGS,runtime_sec,missed_ids,false_positive_ids
10,1,COMPLETE,/home/srmap/research/projects/v2x-multiuav-trust/results/scalability_N10_AR50_guarded_cusum_15seed/ON_seed1_x560_720_t36.log,7,7,100.0,0,3,0.0,1,0,13,14,87,,
10,2,COMPLETE,/home/srmap/research/projects/v2x-multiuav-trust/results/scalability_N10_AR50_guarded_cusum_15seed/ON_seed2_x560_720_t36.log,7,7,100.0,0,3,0.0,2,0,12,16,86,,
10,3,COMPLETE,/home/srmap/research/projects/v2x-multiuav-trust/results/scalability_N10_AR50_guarded_cusum_15seed/ON_seed3_x560_720_t36.log,7,7,100.0,0,3,0.0,2,0,12,16,87,,
10,4,COMPLETE,/home/srmap/research/projects/v2x-multiuav-trust/results/scalability_N10_AR50_guarded_cusum_15seed/ON_seed4_x560_720_t36.log,6,7,85.71,0,3,0.0,1,0,11,15,83,5,
10,5,COMPLETE,/home/srmap/research/projects/v2x-multiuav-trust/results/scalability_N10_AR50_guarded_cusum_15seed/ON_seed5_x560_720_t36.log,7,7,100.0,0,3,0.0,2,0,12,16,85,,
10,6,COMPLETE,/home/srmap/research/projects/v2x-multiuav-trust/results/scalability_N10_AR50_guarded_cusum_15seed/ON_seed6_x560_720_t36.log,7,7,100.0,0,3,0.0,2,0,12,16,89,,
10,7,COMPLETE,/home/srmap/research/projects/v2x-multiuav-trust/results/scalability_N10_AR50_guarded_cusum_15seed/ON_seed7_x560_720_t36.log,7,7,100.0,0,3,0.0,2,0,12,16,84,,
10,8,COMPLETE,/home/srmap/research/projects/v2x-multiuav-trust/results/scalability_N10_AR50_guarded_cusum_15seed/ON_seed8_x560_720_t36.log,6,7,85.71,0,3,0.0,2,0,10,16,85,4,
10,9,COMPLETE,/home/srmap/research/projects/v2x-multiuav-trust/results/scalability_N10_AR50_guarded_cusum_15seed/ON_seed9_x560_720_t36.log,7,7,100.0,0,3,0.0,1,0,13,15,88,,
10,10,COMPLETE,/home/srmap/research/projects/v2x-multiuav-trust/results/scalability_N10_AR50_guarded_cusum_15seed/ON_seed10_x560_720_t36.log,7,7,100.0,0,3,0.0,2,0,12,16,86,,
10,11,COMPLETE,/home/srmap/research/projects/v2x-multiuav-trust/results/scalability_N10_AR50_guarded_cusum_15seed/ON_seed11_x560_720_t36.log,6,7,85.71,0,3,0.0,1,0,11,15,87,0,
10,12,COMPLETE,/home/srmap/research/projects/v2x-multiuav-trust/results/scalability_N10_AR50_guarded_cusum_15seed/ON_seed12_x560_720_t36.log,7,7,100.0,0,3,0.0,2,0,12,16,92,,
10,13,COMPLETE,/home/srmap/research/projects/v2x-multiuav-trust/results/scalability_N10_AR50_guarded_cusum_15seed/ON_seed13_x560_720_t36.log,7,7,100.0,0,3,0.0,2,0,12,16,87,,
10,14,COMPLETE,/home/srmap/research/projects/v2x-multiuav-trust/results/scalability_N10_AR50_guarded_cusum_15seed/ON_seed14_x560_720_t36.log,7,7,100.0,0,3,0.0,2,0,12,16,87,,
10,15,COMPLETE,/home/srmap/research/projects/v2x-multiuav-trust/results/scalability_N10_AR50_guarded_cusum_15seed/ON_seed15_x560_720_t36.log,6,7,85.71,0,3,0.0,0,0,12,14,88,5,
20,1,COMPLETE,/home/srmap/research/projects/v2x-multiuav-trust/results/scalability_N20_AR50_guarded_cusum_15seed/ON_seed1_x560_720_t36.log,10,13,76.92,0,7,0.0,2,0,18,28,214,0;9;17,
20,2,COMPLETE,/home/srmap/research/projects/v2x-multiuav-trust/results/scalability_N20_AR50_guarded_cusum_15seed/ON_seed2_x560_720_t36.log,12,13,92.31,0,7,0.0,1,0,23,29,217,4,
20,3,COMPLETE,/home/srmap/research/projects/v2x-multiuav-trust/results/scalability_N20_AR50_guarded_cusum_15seed/ON_seed3_x560_720_t36.log,11,13,84.62,0,7,0.0,2,0,20,30,221,3;19,
20,4,COMPLETE,/home/srmap/research/projects/v2x-multiuav-trust/results/scalability_N20_AR50_guarded_cusum_15seed/ON_seed4_x560_720_t36.log,8,13,61.54,0,7,0.0,0,0,16,26,220,0;3;4;5;19,
20,5,COMPLETE,/home/srmap/research/projects/v2x-multiuav-trust/results/scalability_N20_AR50_guarded_cusum_15seed/ON_seed5_x560_720_t36.log,11,13,84.62,0,7,0.0,2,0,20,30,232,1;2,
20,6,COMPLETE,/home/srmap/research/projects/v2x-multiuav-trust/results/scalability_N20_AR50_guarded_cusum_15seed/ON_seed6_x560_720_t36.log,9,13,69.23,0,7,0.0,2,0,16,29,215,1;4;15;16,
20,7,COMPLETE,/home/srmap/research/projects/v2x-multiuav-trust/results/scalability_N20_AR50_guarded_cusum_15seed/ON_seed7_x560_720_t36.log,11,13,84.62,0,7,0.0,1,0,21,29,223,1;15,
20,8,COMPLETE,/home/srmap/research/projects/v2x-multiuav-trust/results/scalability_N20_AR50_guarded_cusum_15seed/ON_seed8_x560_720_t36.log,12,13,92.31,0,7,0.0,1,0,23,28,216,17,
20,9,COMPLETE,/home/srmap/research/projects/v2x-multiuav-trust/results/scalability_N20_AR50_guarded_cusum_15seed/ON_seed9_x560_720_t36.log,12,13,92.31,0,7,0.0,1,0,23,29,221,19,
20,10,COMPLETE,/home/srmap/research/projects/v2x-multiuav-trust/results/scalability_N20_AR50_guarded_cusum_15seed/ON_seed10_x560_720_t36.log,10,13,76.92,0,7,0.0,1,0,19,27,223,0;2;16,
20,11,COMPLETE,/home/srmap/research/projects/v2x-multiuav-trust/results/scalability_N20_AR50_guarded_cusum_15seed/ON_seed11_x560_720_t36.log,10,13,76.92,0,7,0.0,2,0,18,29,221,0;15;19,
20,12,COMPLETE,/home/srmap/research/projects/v2x-multiuav-trust/results/scalability_N20_AR50_guarded_cusum_15seed/ON_seed12_x560_720_t36.log,11,13,84.62,0,7,0.0,1,0,21,27,203,1;3,
20,13,COMPLETE,/home/srmap/research/projects/v2x-multiuav-trust/results/scalability_N20_AR50_guarded_cusum_15seed/ON_seed13_x560_720_t36.log,10,13,76.92,0,7,0.0,2,0,18,30,217,1;2;15,
20,14,COMPLETE,/home/srmap/research/projects/v2x-multiuav-trust/results/scalability_N20_AR50_guarded_cusum_15seed/ON_seed14_x560_720_t36.log,13,13,100.0,0,7,0.0,2,0,24,30,226,,
20,15,COMPLETE,/home/srmap/research/projects/v2x-multiuav-trust/results/scalability_N20_AR50_guarded_cusum_15seed/ON_seed15_x560_720_t36.log,12,13,92.31,0,7,0.0,1,0,23,26,209,5,
30,1,COMPLETE,/home/srmap/research/projects/v2x-multiuav-trust/results/scalability_N30_AR50_guarded_cusum_15seed/ON_seed1_x560_720_t36.log,14,19,73.68,0,11,0.0,1,0,27,41,433,0;1;2;3;7,
30,2,COMPLETE,/home/srmap/research/projects/v2x-multiuav-trust/results/scalability_N30_AR50_guarded_cusum_15seed/ON_seed2_x560_720_t36.log,12,19,63.16,0,11,0.0,1,0,23,43,442,0;1;4;5;9;28;29,
30,3,COMPLETE,/home/srmap/research/projects/v2x-multiuav-trust/results/scalability_N30_AR50_guarded_cusum_15seed/ON_seed3_x560_720_t36.log,18,19,94.74,0,11,0.0,1,0,35,39,441,3,
30,4,COMPLETE,/home/srmap/research/projects/v2x-multiuav-trust/results/scalability_N30_AR50_guarded_cusum_15seed/ON_seed4_x560_720_t36.log,12,19,63.16,0,11,0.0,0,0,24,41,436,0;3;4;5;6;8;26,
30,5,COMPLETE,/home/srmap/research/projects/v2x-multiuav-trust/results/scalability_N30_AR50_guarded_cusum_15seed/ON_seed5_x560_720_t36.log,13,19,68.42,0,11,0.0,1,0,25,43,439,0;1;2;3;20;29,
30,6,COMPLETE,/home/srmap/research/projects/v2x-multiuav-trust/results/scalability_N30_AR50_guarded_cusum_15seed/ON_seed6_x560_720_t36.log,11,19,57.89,0,11,0.0,1,0,21,41,429,1;2;4;5;23;24;25;26,
30,7,COMPLETE,/home/srmap/research/projects/v2x-multiuav-trust/results/scalability_N30_AR50_guarded_cusum_15seed/ON_seed7_x560_720_t36.log,14,19,73.68,0,11,0.0,1,0,27,40,435,0;1;4;20;25,
30,8,COMPLETE,/home/srmap/research/projects/v2x-multiuav-trust/results/scalability_N30_AR50_guarded_cusum_15seed/ON_seed8_x560_720_t36.log,14,19,73.68,0,11,0.0,1,0,27,40,438,4;9;23;26;29,
30,9,COMPLETE,/home/srmap/research/projects/v2x-multiuav-trust/results/scalability_N30_AR50_guarded_cusum_15seed/ON_seed9_x560_720_t36.log,17,19,89.47,0,11,0.0,2,0,32,43,452,25;26,
30,10,COMPLETE,/home/srmap/research/projects/v2x-multiuav-trust/results/scalability_N30_AR50_guarded_cusum_15seed/ON_seed10_x560_720_t36.log,15,19,78.95,0,11,0.0,1,0,29,40,446,0;2;3;9,
30,11,COMPLETE,/home/srmap/research/projects/v2x-multiuav-trust/results/scalability_N30_AR50_guarded_cusum_15seed/ON_seed11_x560_720_t36.log,11,19,57.89,0,11,0.0,2,0,20,43,453,0;6;8;15;24;25;26;27,
30,12,COMPLETE,/home/srmap/research/projects/v2x-multiuav-trust/results/scalability_N30_AR50_guarded_cusum_15seed/ON_seed12_x560_720_t36.log,12,19,63.16,0,11,0.0,0,0,24,40,427,1;3;4;9;20;25;26,
30,13,COMPLETE,/home/srmap/research/projects/v2x-multiuav-trust/results/scalability_N30_AR50_guarded_cusum_15seed/ON_seed13_x560_720_t36.log,14,19,73.68,0,11,0.0,1,0,27,39,447,0;1;2;4;5,
30,14,COMPLETE,/home/srmap/research/projects/v2x-multiuav-trust/results/scalability_N30_AR50_guarded_cusum_15seed/ON_seed14_x560_720_t36.log,14,19,73.68,0,11,0.0,2,0,26,42,432,2;7;20;24;26,
30,15,COMPLETE,/home/srmap/research/projects/v2x-multiuav-trust/results/scalability_N30_AR50_guarded_cusum_15seed/ON_seed15_x560_720_t36.log,15,19,78.95,0,11,0.0,2,0,28,40,429,2;22;24;29,
50,1,COMPLETE,/home/srmap/research/projects/v2x-multiuav-trust/results/scalability_N50_AR50_guarded_cusum_15seed/ON_seed1_x560_720_t36.log,17,32,53.12,0,18,0.0,1,0,33,65,1110,0;1;2;3;7;9;10;14;16;30;40;43;45;46;47,
50,2,COMPLETE,/home/srmap/research/projects/v2x-multiuav-trust/results/scalability_N50_AR50_guarded_cusum_15seed/ON_seed2_x560_720_t36.log,18,32,56.25,0,18,0.0,1,0,35,63,1190,0;1;2;4;5;9;14;32;35;36;39;44;46;47,
50,3,COMPLETE,/home/srmap/research/projects/v2x-multiuav-trust/results/scalability_N50_AR50_guarded_cusum_15seed/ON_seed3_x560_720_t36.log,21,32,65.62,0,18,0.0,2,0,40,65,1138,3;4;5;6;11;12;13;37;40;44;49,
50,4,COMPLETE,/home/srmap/research/projects/v2x-multiuav-trust/results/scalability_N50_AR50_guarded_cusum_15seed/ON_seed4_x560_720_t36.log,15,32,46.88,0,18,0.0,0,0,30,65,1141,0;3;4;5;6;7;8;10;11;12;13;14;15;16;30;39;48,
50,5,COMPLETE,/home/srmap/research/projects/v2x-multiuav-trust/results/scalability_N50_AR50_guarded_cusum_15seed/ON_seed5_x560_720_t36.log,17,32,53.12,0,18,0.0,0,0,34,65,1167,0;1;2;3;4;6;7;8;9;10;34;35;45;47;49,
50,6,COMPLETE,/home/srmap/research/projects/v2x-multiuav-trust/results/scalability_N50_AR50_guarded_cusum_15seed/ON_seed6_x560_720_t36.log,15,32,46.88,0,18,0.0,0,0,30,62,1197,0;1;2;3;4;5;6;8;9;11;12;14;25;34;36;42;47,
50,7,COMPLETE,/home/srmap/research/projects/v2x-multiuav-trust/results/scalability_N50_AR50_guarded_cusum_15seed/ON_seed7_x560_720_t36.log,15,32,46.88,0,18,0.0,0,0,30,62,1221,0;1;2;3;4;5;7;8;15;24;30;37;38;40;42;45;49,
50,8,COMPLETE,/home/srmap/research/projects/v2x-multiuav-trust/results/scalability_N50_AR50_guarded_cusum_15seed/ON_seed8_x560_720_t36.log,16,32,50.0,0,18,0.0,1,0,31,66,1187,0;1;2;4;7;8;9;11;12;13;14;17;40;41;42;47,
50,9,COMPLETE,/home/srmap/research/projects/v2x-multiuav-trust/results/scalability_N50_AR50_guarded_cusum_15seed/ON_seed9_x560_720_t36.log,22,32,68.75,0,18,0.0,1,0,43,64,1145,4;7;8;14;37;41;43;45;46;47,
50,10,COMPLETE,/home/srmap/research/projects/v2x-multiuav-trust/results/scalability_N50_AR50_guarded_cusum_15seed/ON_seed10_x560_720_t36.log,14,32,43.75,0,18,0.0,0,0,28,64,1210,0;1;2;3;4;5;7;8;9;11;13;14;16;19;40;44;45;49,
50,11,COMPLETE,/home/srmap/research/projects/v2x-multiuav-trust/results/scalability_N50_AR50_guarded_cusum_15seed/ON_seed11_x560_720_t36.log,20,32,62.5,0,18,0.0,3,0,37,65,1109,0;6;8;10;11;15;19;43;44;45;48;49,
50,12,COMPLETE,/home/srmap/research/projects/v2x-multiuav-trust/results/scalability_N50_AR50_guarded_cusum_15seed/ON_seed12_x560_720_t36.log,14,32,43.75,0,18,0.0,0,0,28,62,1564,1;2;3;4;9;10;11;12;14;25;32;33;34;35;37;38;41;49,
50,13,COMPLETE,/home/srmap/research/projects/v2x-multiuav-trust/results/scalability_N50_AR50_guarded_cusum_15seed/ON_seed13_x560_720_t36.log,12,32,37.5,0,18,0.0,0,0,24,62,1166,0;1;2;3;4;5;6;7;10;14;15;34;37;40;41;42;43;44;46;48,
50,14,COMPLETE,/home/srmap/research/projects/v2x-multiuav-trust/results/scalability_N50_AR50_guarded_cusum_15seed/ON_seed14_x560_720_t36.log,18,32,56.25,0,18,0.0,1,0,35,66,1157,2;3;7;9;10;11;13;32;36;38;40;42;46;47,
50,15,COMPLETE,/home/srmap/research/projects/v2x-multiuav-trust/results/scalability_N50_AR50_guarded_cusum_15seed/ON_seed15_x560_720_t36.log,17,32,53.12,0,18,0.0,1,0,33,60,1139,1;2;4;5;6;7;9;11;12;19;32;34;44;47;49,
